kind,no,group,code,name
theme,591,서울고속버스터미널 재개발 수혜,128820,대성산업
theme,591,서울고속버스터미널 재개발 수혜,084670,동양고속
theme,591,서울고속버스터미널 재개발 수혜,000650,천일고속
theme,591,서울고속버스터미널 재개발 수혜,004170,신세계
theme,591,서울고속버스터미널 재개발 수혜,006040,동원산업
theme,546,마이코플라스마 폐렴,307750,국전
theme,546,마이코플라스마 폐렴,002720,국제약품
theme,546,마이코플라스마 폐렴,253840,수젠텍
theme,546,마이코플라스마 폐렴,058110,멕아이씨에스
theme,546,마이코플라스마 폐렴,950130,엑세스바이오
theme,546,마이코플라스마 폐렴,048530,인트론바이오
theme,546,마이코플라스마 폐렴,009290,광동제약
theme,546,마이코플라스마 폐렴,330350,위더스제약
theme,546,마이코플라스마 폐렴,011040,경동제약
theme,546,마이코플라스마 폐렴,004720,팜젠사이언스
theme,546,마이코플라스마 폐렴,180400,DXVX
theme,592,부동산 보유 자산주,038500,삼표시멘트
theme,592,부동산 보유 자산주,128820,대성산업
theme,592,부동산 보유 자산주,004060,SG세계물산
theme,592,부동산 보유 자산주,003380,하림지주
theme,592,부동산 보유 자산주,006730,서부T&D
theme,592,부동산 보유 자산주,009070,KCTC
theme,592,부동산 보유 자산주,084670,동양고속
theme,592,부동산 보유 자산주,000050,경방
theme,592,부동산 보유 자산주,294870,IPARK현대산업개발
theme,592,부동산 보유 자산주,139480,이마트
theme,592,부동산 보유 자산주,000650,천일고속
theme,592,부동산 보유 자산주,003200,일신방직
theme,592,부동산 보유 자산주,004170,신세계
theme,592,부동산 보유 자산주,003610,방림
theme,592,부동산 보유 자산주,067830,세이브존I&C
theme,592,부동산 보유 자산주,010780,아이에스동서
theme,592,부동산 보유 자산주,006040,동원산업
theme,592,부동산 보유 자산주,005300,롯데칠성
theme,592,부동산 보유 자산주,001530,DI동일
theme,592,부동산 보유 자산주,001460,BYC
theme,592,부동산 보유 자산주,005800,신영와코루
theme,592,부동산 보유 자산주,029530,신도리코
theme,580,유심(USIM),070300,퀀텀레일
theme,580,유심(USIM),065440,이루온
theme,580,유심(USIM),081580,성우전자
theme,580,유심(USIM),089850,유비벨록스
theme,580,유심(USIM),057540,옴니시스템
theme,177,LPG(액화석유가스),128820,대성산업
theme,177,LPG(액화석유가스),096770,SK이노베이션
theme,177,LPG(액화석유가스),024060,흥구석유
theme,177,LPG(액화석유가스),010950,S-Oil
theme,177,LPG(액화석유가스),078930,GS
theme,177,LPG(액화석유가스),014530,극동유화
theme,177,LPG(액화석유가스),018670,SK가스
theme,177,LPG(액화석유가스),000440,중앙에너비스
theme,177,LPG(액화석유가스),017940,E1
theme,283,생명보험,088350,한화생명
theme,283,생명보험,085620,미래에셋생명
theme,283,생명보험,032830,삼성생명
theme,283,생명보험,003690,코리안리
theme,448,코로나19(치료제/백신 개발 등),307750,국전
theme,448,코로나19(치료제/백신 개발 등),256840,한국비엔씨
theme,448,코로나19(치료제/백신 개발 등),299660,셀리드
theme,448,코로나19(치료제/백신 개발 등),109820,진매트릭스
theme,448,코로나19(치료제/백신 개발 등),019170,신풍제약
theme,448,코로나19(치료제/백신 개발 등),032300,한국파마
theme,448,코로나19(치료제/백신 개발 등),041960,코미팜
theme,448,코로나19(치료제/백신 개발 등),048410,현대바이오
theme,448,코로나19(치료제/백신 개발 등),261780,아리바이오랩
theme,448,코로나19(치료제/백신 개발 등),389470,인벤티지랩
theme,448,코로나19(치료제/백신 개발 등),141080,리가켐바이오
theme,448,코로나19(치료제/백신 개발 등),217730,강스템바이오텍
theme,448,코로나19(치료제/백신 개발 등),249420,일동제약
theme,448,코로나19(치료제/백신 개발 등),348080,큐라티스
theme,448,코로나19(치료제/백신 개발 등),174900,앱클론
theme,448,코로나19(치료제/백신 개발 등),087010,펩트론
theme,448,코로나19(치료제/백신 개발 등),007390,네이처셀
theme,448,코로나19(치료제/백신 개발 등),206650,유바이오로직스
theme,448,코로나19(치료제/백신 개발 등),302440,SK바이오사이언스
theme,448,코로나19(치료제/백신 개발 등),214370,케어젠
theme,448,코로나19(치료제/백신 개발 등),001060,JW중외제약
theme,448,코로나19(치료제/백신 개발 등),293780,압타바이오
theme,448,코로나19(치료제/백신 개발 등),185490,아이진
theme,448,코로나19(치료제/백신 개발 등),378800,샤페론
theme,448,코로나19(치료제/백신 개발 등),038530,케이바이오랩스
theme,448,코로나19(치료제/백신 개발 등),101140,인바이오젠
theme,448,코로나19(치료제/백신 개발 등),153710,옵티팜
theme,447,코로나19(진단키트),142280,녹십자엠에스
theme,447,코로나19(진단키트),253840,수젠텍
theme,447,코로나19(진단키트),109820,진매트릭스
theme,447,코로나19(진단키트),205470,휴마시스
theme,447,코로나19(진단키트),005690,파미셀
theme,447,코로나19(진단키트),084650,랩지노믹스
theme,447,코로나19(진단키트),096530,씨젠
theme,447,코로나19(진단키트),950130,엑세스바이오
theme,447,코로나19(진단키트),354200,엔젠바이오
theme,447,코로나19(진단키트),192650,드림텍
theme,447,코로나19(진단키트),137310,에스디바이오센서
theme,447,코로나19(진단키트),036220,오상헬스케어
theme,447,코로나19(진단키트),187420,HLB제넥스
theme,447,코로나19(진단키트),039860,나노엔텍
theme,447,코로나19(진단키트),048530,인트론바이오
theme,447,코로나19(진단키트),064550,바이오니아
theme,447,코로나19(진단키트),249420,일동제약
theme,447,코로나19(진단키트),053980,오상자이엘
theme,447,코로나19(진단키트),206650,유바이오로직스
theme,447,코로나19(진단키트),317690,퀀타매트릭스
theme,447,코로나19(진단키트),206640,바디텍메드
theme,447,코로나19(진단키트),377740,바이오노트
theme,447,코로나19(진단키트),038460,바이오스마트
theme,447,코로나19(진단키트),228760,지노믹트리
theme,447,코로나19(진단키트),950200,소마젠
theme,447,코로나19(진단키트),238120,얼라인드
theme,447,코로나19(진단키트),221800,지구홀딩스
theme,447,코로나19(진단키트),225220,제놀루션
theme,447,코로나19(진단키트),118000,메타케어
theme,447,코로나19(진단키트),004720,팜젠사이언스
theme,447,코로나19(진단키트),060590,씨티씨바이오
theme,447,코로나19(진단키트),185750,종근당
theme,447,코로나19(진단키트),243070,휴온스
theme,447,코로나19(진단키트),335810,프리시젼바이오
theme,447,코로나19(진단키트),069620,대웅제약
theme,447,코로나19(진단키트),311690,CJ 바이오사이언스
theme,447,코로나19(진단키트),286750,나노실리칸첨단소재
theme,447,코로나19(진단키트),101140,인바이오젠
theme,447,코로나19(진단키트),363250,진시스템
theme,185,정유,096770,SK이노베이션
theme,185,정유,010950,S-Oil
theme,185,정유,078930,GS
theme,36,해운,003280,흥아해운
theme,36,해운,028670,팬오션
theme,36,해운,005880,대한해운
theme,36,해운,465770,STX그린로지스
theme,36,해운,011200,HMM
theme,36,해운,044450,KSS해운
theme,436,코로나19(진단/치료제/백신 개발 등),142280,녹십자엠에스
theme,436,코로나19(진단/치료제/백신 개발 등),307750,국전
theme,436,코로나19(진단/치료제/백신 개발 등),256840,한국비엔씨
theme,436,코로나19(진단/치료제/백신 개발 등),253840,수젠텍
theme,436,코로나19(진단/치료제/백신 개발 등),299660,셀리드
theme,436,코로나19(진단/치료제/백신 개발 등),109820,진매트릭스
theme,436,코로나19(진단/치료제/백신 개발 등),205470,휴마시스
theme,436,코로나19(진단/치료제/백신 개발 등),019170,신풍제약
theme,436,코로나19(진단/치료제/백신 개발 등),032300,한국파마
theme,436,코로나19(진단/치료제/백신 개발 등),005690,파미셀
theme,436,코로나19(진단/치료제/백신 개발 등),041960,코미팜
theme,436,코로나19(진단/치료제/백신 개발 등),084650,랩지노믹스
theme,436,코로나19(진단/치료제/백신 개발 등),096530,씨젠
theme,436,코로나19(진단/치료제/백신 개발 등),048410,현대바이오
theme,436,코로나19(진단/치료제/백신 개발 등),950130,엑세스바이오
theme,436,코로나19(진단/치료제/백신 개발 등),354200,엔젠바이오
theme,436,코로나19(진단/치료제/백신 개발 등),192650,드림텍
theme,436,코로나19(진단/치료제/백신 개발 등),137310,에스디바이오센서
theme,436,코로나19(진단/치료제/백신 개발 등),036220,오상헬스케어
theme,436,코로나19(진단/치료제/백신 개발 등),261780,아리바이오랩
theme,436,코로나19(진단/치료제/백신 개발 등),389470,인벤티지랩
theme,436,코로나19(진단/치료제/백신 개발 등),187420,HLB제넥스
theme,436,코로나19(진단/치료제/백신 개발 등),289080,SV인베스트먼트
theme,436,코로나19(진단/치료제/백신 개발 등),039860,나노엔텍
theme,436,코로나19(진단/치료제/백신 개발 등),048530,인트론바이오
theme,436,코로나19(진단/치료제/백신 개발 등),141080,리가켐바이오
theme,436,코로나19(진단/치료제/백신 개발 등),217730,강스템바이오텍
theme,436,코로나19(진단/치료제/백신 개발 등),064550,바이오니아
theme,436,코로나19(진단/치료제/백신 개발 등),249420,일동제약
theme,436,코로나19(진단/치료제/백신 개발 등),348080,큐라티스
theme,436,코로나19(진단/치료제/백신 개발 등),174900,앱클론
theme,436,코로나19(진단/치료제/백신 개발 등),087010,펩트론
theme,436,코로나19(진단/치료제/백신 개발 등),271980,제일약품
theme,436,코로나19(진단/치료제/백신 개발 등),007390,네이처셀
theme,436,코로나19(진단/치료제/백신 개발 등),053980,오상자이엘
theme,436,코로나19(진단/치료제/백신 개발 등),206650,유바이오로직스
theme,436,코로나19(진단/치료제/백신 개발 등),317690,퀀타매트릭스
theme,436,코로나19(진단/치료제/백신 개발 등),302440,SK바이오사이언스
theme,436,코로나19(진단/치료제/백신 개발 등),206640,바디텍메드
theme,436,코로나19(진단/치료제/백신 개발 등),048870,시너지이노베이션
theme,436,코로나19(진단/치료제/백신 개발 등),377740,바이오노트
theme,436,코로나19(진단/치료제/백신 개발 등),214370,케어젠
theme,436,코로나19(진단/치료제/백신 개발 등),038460,바이오스마트
theme,436,코로나19(진단/치료제/백신 개발 등),127120,제이에스링크
theme,436,코로나19(진단/치료제/백신 개발 등),228760,지노믹트리
theme,436,코로나19(진단/치료제/백신 개발 등),331920,셀레믹스
theme,436,코로나19(진단/치료제/백신 개발 등),001060,JW중외제약
theme,436,코로나19(진단/치료제/백신 개발 등),293780,압타바이오
theme,436,코로나19(진단/치료제/백신 개발 등),185490,아이진
theme,436,코로나19(진단/치료제/백신 개발 등),003090,대웅
theme,436,코로나19(진단/치료제/백신 개발 등),378800,샤페론
theme,436,코로나19(진단/치료제/백신 개발 등),950200,소마젠
theme,436,코로나19(진단/치료제/백신 개발 등),238120,얼라인드
theme,436,코로나19(진단/치료제/백신 개발 등),221800,지구홀딩스
theme,436,코로나19(진단/치료제/백신 개발 등),225220,제놀루션
theme,436,코로나19(진단/치료제/백신 개발 등),038290,마크로젠
theme,436,코로나19(진단/치료제/백신 개발 등),118000,메타케어
theme,436,코로나19(진단/치료제/백신 개발 등),004720,팜젠사이언스
theme,436,코로나19(진단/치료제/백신 개발 등),060590,씨티씨바이오
theme,436,코로나19(진단/치료제/백신 개발 등),185750,종근당
theme,436,코로나19(진단/치료제/백신 개발 등),243070,휴온스
theme,436,코로나19(진단/치료제/백신 개발 등),335810,프리시젼바이오
theme,436,코로나19(진단/치료제/백신 개발 등),069620,대웅제약
theme,436,코로나19(진단/치료제/백신 개발 등),038530,케이바이오랩스
theme,436,코로나19(진단/치료제/백신 개발 등),311690,CJ 바이오사이언스
theme,436,코로나19(진단/치료제/백신 개발 등),286750,나노실리칸첨단소재
theme,436,코로나19(진단/치료제/백신 개발 등),200780,비씨월드제약
theme,436,코로나19(진단/치료제/백신 개발 등),101140,인바이오젠
theme,436,코로나19(진단/치료제/백신 개발 등),363250,진시스템
theme,436,코로나19(진단/치료제/백신 개발 등),153710,옵티팜
theme,108,"백신/진단시약/방역(신종플루, AI 등)",253840,수젠텍
theme,108,"백신/진단시약/방역(신종플루, AI 등)",109820,진매트릭스
theme,108,"백신/진단시약/방역(신종플루, AI 등)",019170,신풍제약
theme,108,"백신/진단시약/방역(신종플루, AI 등)",041960,코미팜
theme,108,"백신/진단시약/방역(신종플루, AI 등)",084650,랩지노믹스
theme,108,"백신/진단시약/방역(신종플루, AI 등)",096530,씨젠
theme,108,"백신/진단시약/방역(신종플루, AI 등)",950130,엑세스바이오
theme,108,"백신/진단시약/방역(신종플루, AI 등)",036220,오상헬스케어
theme,108,"백신/진단시약/방역(신종플루, AI 등)",261780,아리바이오랩
theme,108,"백신/진단시약/방역(신종플루, AI 등)",389470,인벤티지랩
theme,108,"백신/진단시약/방역(신종플루, AI 등)",044960,이글벳
theme,108,"백신/진단시약/방역(신종플루, AI 등)",048530,인트론바이오
theme,108,"백신/진단시약/방역(신종플루, AI 등)",005250,녹십자홀딩스
theme,108,"백신/진단시약/방역(신종플루, AI 등)",009290,광동제약
theme,108,"백신/진단시약/방역(신종플루, AI 등)",064550,바이오니아
theme,108,"백신/진단시약/방역(신종플루, AI 등)",348080,큐라티스
theme,108,"백신/진단시약/방역(신종플루, AI 등)",003060,에이프로젠바이오로직스
theme,108,"백신/진단시약/방역(신종플루, AI 등)",000100,유한양행
theme,108,"백신/진단시약/방역(신종플루, AI 등)",003850,보령
theme,108,"백신/진단시약/방역(신종플루, AI 등)",128940,한미약품
theme,108,"백신/진단시약/방역(신종플루, AI 등)",206650,유바이오로직스
theme,108,"백신/진단시약/방역(신종플루, AI 등)",302440,SK바이오사이언스
theme,108,"백신/진단시약/방역(신종플루, AI 등)",043200,파루
theme,108,"백신/진단시약/방역(신종플루, AI 등)",206640,바디텍메드
theme,108,"백신/진단시약/방역(신종플루, AI 등)",142760,모아라이프플러스
theme,108,"백신/진단시약/방역(신종플루, AI 등)",185490,아이진
theme,108,"백신/진단시약/방역(신종플루, AI 등)",033250,체시스
theme,108,"백신/진단시약/방역(신종플루, AI 등)",303360,프로티아
theme,108,"백신/진단시약/방역(신종플루, AI 등)",006280,녹십자
theme,108,"백신/진단시약/방역(신종플루, AI 등)",060590,씨티씨바이오
theme,108,"백신/진단시약/방역(신종플루, AI 등)",007570,일양약품
theme,108,"백신/진단시약/방역(신종플루, AI 등)",054670,대한뉴팜
theme,108,"백신/진단시약/방역(신종플루, AI 등)",285130,SK케미칼
theme,108,"백신/진단시약/방역(신종플루, AI 등)",185750,종근당
theme,108,"백신/진단시약/방역(신종플루, AI 등)",018620,우진비앤지
theme,108,"백신/진단시약/방역(신종플루, AI 등)",072020,중앙백신
theme,108,"백신/진단시약/방역(신종플루, AI 등)",061250,화일약품
theme,108,"백신/진단시약/방역(신종플루, AI 등)",003120,일성아이에스
theme,108,"백신/진단시약/방역(신종플루, AI 등)",086060,진바이오텍
theme,108,"백신/진단시약/방역(신종플루, AI 등)",036480,대성미생물
theme,108,"백신/진단시약/방역(신종플루, AI 등)",153710,옵티팜
theme,108,"백신/진단시약/방역(신종플루, AI 등)",014570,고려제약
theme,79,자원개발,128820,대성산업
theme,79,자원개발,065170,비엘팜텍
theme,79,자원개발,001250,GS글로벌
theme,79,자원개발,096770,SK이노베이션
theme,79,자원개발,047050,포스코인터내셔널
theme,79,자원개발,078930,GS
theme,79,자원개발,028260,삼성물산
theme,79,자원개발,001120,LX인터내셔널
theme,79,자원개발,036460,한국가스공사
theme,79,자원개발,051780,큐로홀딩스
theme,79,자원개발,037950,엘컴텍
theme,79,자원개발,011760,현대코퍼레이션
theme,79,자원개발,017390,서울가스
theme,79,자원개발,065420,에스아이리소스
theme,285,마스크,002720,국제약품
theme,285,마스크,086450,동국제약
theme,285,마스크,065950,웰크론
theme,285,마스크,047770,코데즈컴바인
theme,285,마스크,001520,동양
theme,285,마스크,013990,아가방컴퍼니
theme,285,마스크,034940,조아제약
theme,285,마스크,108230,톱텍
theme,285,마스크,012690,모나리자
theme,285,마스크,372910,한컴라이프케어
theme,285,마스크,014100,메디앙스
theme,285,마스크,083550,케이엠
theme,285,마스크,001060,JW중외제약
theme,285,마스크,263020,디케이앤디
theme,285,마스크,079980,휴비스
theme,285,마스크,002070,비비안
theme,285,마스크,004540,깨끗한나라
theme,285,마스크,018250,애경산업
theme,285,마스크,045520,크린앤사이언스
theme,285,마스크,352700,씨앤투스
theme,285,마스크,294140,레몬
theme,285,마스크,042040,케이피엠테크
theme,164,손해보험,000400,롯데손해보험
theme,164,손해보험,001450,현대해상
theme,164,손해보험,005830,DB손해보험
theme,164,손해보험,000370,한화손해보험
theme,164,손해보험,003690,코리안리
theme,164,손해보험,031210,서울보증보험
theme,164,손해보험,000810,삼성화재
theme,164,손해보험,000540,흥국화재
theme,45,캐릭터상품,419530,SAMG엔터
theme,45,캐릭터상품,073570,리튬포어스
theme,45,캐릭터상품,048910,대원미디어
theme,45,캐릭터상품,066910,손오공
theme,45,캐릭터상품,039830,오로라
theme,45,캐릭터상품,194480,데브시스터즈
theme,45,캐릭터상품,403850,더핑크퐁컴퍼니
theme,45,캐릭터상품,317530,에피소드컴퍼니
theme,45,캐릭터상품,369370,블리츠웨이엔터테인먼트
theme,172,제약업체,307750,국전
theme,172,제약업체,002720,국제약품
theme,172,제약업체,067290,JW신약
theme,172,제약업체,114450,그린생명과학
theme,172,제약업체,047920,HLB제약
theme,172,제약업체,000020,동화약품
theme,172,제약업체,019170,신풍제약
theme,172,제약업체,001360,삼성제약
theme,172,제약업체,004310,현대약품
theme,172,제약업체,032300,한국파마
theme,172,제약업체,014950,삼익제약
theme,172,제약업체,003000,부광약품
theme,172,제약업체,086450,동국제약
theme,172,제약업체,299170,더블유에스아이
theme,172,제약업체,000250,삼천당제약
theme,172,제약업체,003220,대원제약
theme,172,제약업체,234690,녹십자웰빙
theme,172,제약업체,003520,영진약품
theme,172,제약업체,053950,경남제약
theme,172,제약업체,009290,광동제약
theme,172,제약업체,017180,명문제약
theme,172,제약업체,249420,일동제약
theme,172,제약업체,000220,유유제약
theme,172,제약업체,082800,비보존 제약
theme,172,제약업체,291650,츌립앤사이언스
theme,172,제약업체,009420,한올바이오파마
theme,172,제약업체,003060,에이프로젠바이오로직스
theme,172,제약업체,000100,유한양행
theme,172,제약업체,034940,조아제약
theme,172,제약업체,003850,보령
theme,172,제약업체,128940,한미약품
theme,172,제약업체,271980,제일약품
theme,172,제약업체,175250,아이큐어
theme,172,제약업체,006620,동구바이오제약
theme,172,제약업체,002800,신신제약
theme,172,제약업체,237690,에스티팜
theme,172,제약업체,302440,SK바이오사이언스
theme,172,제약업체,330350,위더스제약
theme,172,제약업체,195940,HK이노엔
theme,172,제약업체,102940,코오롱생명과학
theme,172,제약업체,067080,대화제약
theme,172,제약업체,041910,폴라리스AI파마
theme,172,제약업체,326030,SK바이오팜
theme,172,제약업체,066700,테라젠이텍스
theme,172,제약업체,207940,삼성바이오로직스
theme,172,제약업체,0156T0,에이치엘지노믹스
theme,172,제약업체,001060,JW중외제약
theme,172,제약업체,068760,셀트리온제약
theme,172,제약업체,011040,경동제약
theme,172,제약업체,012790,신일제약
theme,172,제약업체,000520,삼일제약
theme,172,제약업체,106190,하이텍팜
theme,172,제약업체,005500,삼진제약
theme,172,제약업체,001540,안국약품
theme,172,제약업체,214390,경보제약
theme,172,제약업체,260660,알리코제약
theme,172,제약업체,002210,동성제약
theme,172,제약업체,950210,프레스티지바이오파마
theme,172,제약업체,033270,유나이티드제약
theme,172,제약업체,004720,팜젠사이언스
theme,172,제약업체,006280,녹십자
theme,172,제약업체,308430,셀비온
theme,172,제약업체,256940,킵스파마
theme,172,제약업체,007570,일양약품
theme,172,제약업체,234080,JW생명과학
theme,172,제약업체,204840,지엘팜텍
theme,172,제약업체,334970,프레스티지바이오로직스
theme,172,제약업체,054670,대한뉴팜
theme,172,제약업체,002390,한독
theme,172,제약업체,007370,진양제약
theme,172,제약업체,200230,텔콘RF제약
theme,172,제약업체,185750,종근당
theme,172,제약업체,102460,이연제약
theme,172,제약업체,243070,휴온스
theme,172,제약업체,018680,서울제약
theme,172,제약업체,061250,화일약품
theme,172,제약업체,003120,일성아이에스
theme,172,제약업체,069620,대웅제약
theme,172,제약업체,170900,동아에스티
theme,172,제약업체,293480,하나제약
theme,172,제약업체,200780,비씨월드제약
theme,172,제약업체,317450,명인제약
theme,172,제약업체,023910,대한약품
theme,172,제약업체,000640,동아쏘시오홀딩스
theme,172,제약업체,016580,환인제약
theme,172,제약업체,314140,알피바이오
theme,172,제약업체,014570,고려제약
theme,172,제약업체,009300,삼아제약
theme,172,제약업체,058820,CMG제약
theme,511,니켈,009190,대양금속
theme,511,니켈,450080,에코프로머티
theme,511,니켈,047050,포스코인터내셔널
theme,511,니켈,373220,LG에너지솔루션
theme,511,니켈,005490,POSCO홀딩스
theme,511,니켈,051910,LG화학
theme,511,니켈,011230,삼화전자
theme,511,니켈,001120,LX인터내셔널
theme,511,니켈,004560,현대비앤지스틸
theme,511,니켈,081150,티플랙스
theme,511,니켈,263770,유에스티
theme,511,니켈,032560,황금에스티
theme,511,니켈,080010,이상네트웍스
theme,511,니켈,377330,이지트로닉스
theme,110,화장품,002720,국제약품
theme,110,화장품,003350,한국화장품제조
theme,110,화장품,003580,HLB글로벌
theme,110,화장품,406820,뷰티스킨
theme,110,화장품,005690,파미셀
theme,110,화장품,048410,현대바이오
theme,110,화장품,052260,현대바이오랜드
theme,110,화장품,0015N0,아로마티카
theme,110,화장품,0010S0,와이즈플래닛컴퍼니
theme,110,화장품,314130,지놈앤컴퍼니
theme,110,화장품,161890,한국콜마
theme,110,화장품,257720,실리콘투
theme,110,화장품,226340,본느
theme,110,화장품,018290,브이티
theme,110,화장품,265740,엔에프씨
theme,110,화장품,278470,에이피알
theme,110,화장품,123690,한국화장품
theme,110,화장품,217730,강스템바이오텍
theme,110,화장품,351320,넥사다이내믹스
theme,110,화장품,290650,엘앤씨바이오
theme,110,화장품,090430,아모레퍼시픽
theme,110,화장품,251970,펌텍코리아
theme,110,화장품,123330,제닉
theme,110,화장품,192820,코스맥스
theme,110,화장품,241710,코스메카코리아
theme,110,화장품,439090,마녀공장
theme,110,화장품,483650,달바글로벌
theme,110,화장품,002790,아모레퍼시픽홀딩스
theme,110,화장품,237880,클리오
theme,110,화장품,214150,클래시스
theme,110,화장품,159580,제로투세븐
theme,110,화장품,078520,에이블씨엔씨
theme,110,화장품,175250,아이큐어
theme,110,화장품,007390,네이처셀
theme,110,화장품,489460,바이오비쥬
theme,110,화장품,006620,동구바이오제약
theme,110,화장품,053980,오상자이엘
theme,110,화장품,900300,오가닉티코스메틱
theme,110,화장품,214420,토니모리
theme,110,화장품,226320,잇츠한불
theme,110,화장품,027050,코리아나
theme,110,화장품,021240,코웨이
theme,110,화장품,214450,파마리서치
theme,110,화장품,214370,케어젠
theme,110,화장품,092730,네오팜
theme,110,화장품,142760,모아라이프플러스
theme,110,화장품,377220,프롬바이오
theme,110,화장품,196300,HLB펩
theme,110,화장품,137940,넥스트아이
theme,110,화장품,900270,헝셩그룹
theme,110,화장품,051900,LG생활건강
theme,110,화장품,200130,콜마비앤에이치
theme,110,화장품,362320,청담글로벌
theme,110,화장품,159910,에코글로우
theme,110,화장품,002210,동성제약
theme,110,화장품,420570,제이투케이바이오
theme,110,화장품,101240,씨큐브
theme,110,화장품,227610,아우딘퓨쳐스
theme,110,화장품,031430,신세계인터내셔날
theme,110,화장품,090370,메타랩스
theme,110,화장품,114840,아이패밀리에스씨
theme,110,화장품,032860,더라미
theme,110,화장품,451250,삐아
theme,110,화장품,219550,디와이디
theme,110,화장품,260930,씨티케이
theme,110,화장품,018250,애경산업
theme,110,화장품,024720,콜마홀딩스
theme,110,화장품,078140,대봉엘에스
theme,110,화장품,453860,에이에스텍
theme,110,화장품,006490,프리티
theme,110,화장품,462310,뉴키즈온
theme,110,화장품,460870,에스엠씨지
theme,110,화장품,950140,잉글우드랩
theme,110,화장품,080530,코디
theme,110,화장품,083660,CSA 코스믹
theme,110,화장품,347740,피엔케이피부임상연구센타
theme,110,화장품,019660,글로본
theme,110,화장품,018700,졸스
theme,110,화장품,192440,슈피겐코리아
theme,110,화장품,086710,선진뷰티사이언스
theme,110,화장품,388610,지에프씨생명과학
theme,110,화장품,214260,라파스
theme,110,화장품,025620,차AI헬스케어
theme,110,화장품,352480,씨앤씨인터내셔널
theme,110,화장품,318160,셀바이오휴먼텍
theme,110,화장품,016100,리더스코스메틱
theme,110,화장품,252500,세화피앤씨
theme,110,화장품,900310,컬러레이
theme,110,화장품,298060,풍전약품
theme,110,화장품,263920,휴엠앤씨
theme,110,화장품,168330,내츄럴엔도텍
theme,110,화장품,002840,미원상사
theme,110,화장품,471820,셀로맥스사이언스
theme,110,화장품,049830,승일
theme,600,주유소,128820,대성산업
theme,600,주유소,096770,SK이노베이션
theme,600,주유소,024060,흥구석유
theme,600,주유소,010950,S-Oil
theme,600,주유소,078930,GS
theme,600,주유소,267250,HD현대
theme,600,주유소,025860,남해화학
theme,600,주유소,395400,SK리츠
theme,600,주유소,357120,코람코라이프인프라리츠
theme,600,주유소,014530,극동유화
theme,600,주유소,015890,태경산업
theme,600,주유소,002420,우양피앤엘
theme,600,주유소,000440,중앙에너비스
theme,600,주유소,012700,리드코프
theme,600,주유소,038620,위즈코프
theme,527,윤활유,096770,SK이노베이션
theme,527,윤활유,024060,흥구석유
theme,527,윤활유,010950,S-Oil
theme,527,윤활유,078930,GS
theme,527,윤활유,014530,극동유화
theme,527,윤활유,003650,미창석유
theme,527,윤활유,002960,한국쉘석유
theme,377,치매,307750,국전
theme,377,치매,253840,수젠텍
theme,377,치매,047920,HLB제약
theme,377,치매,001360,삼성제약
theme,377,치매,004310,현대약품
theme,377,치매,032300,한국파마
theme,377,치매,354200,엔젠바이오
theme,377,치매,389470,인벤티지랩
theme,377,치매,476830,알지노믹스
theme,377,치매,298380,에이비엘바이오
theme,377,치매,456160,지투지바이오
theme,377,치매,176750,듀켐바이오
theme,377,치매,017180,명문제약
theme,377,치매,000220,유유제약
theme,377,치매,003060,에이프로젠바이오로직스
theme,377,치매,000100,유한양행
theme,377,치매,003850,보령
theme,377,치매,087010,펩트론
theme,377,치매,039200,오스코텍
theme,377,치매,012690,모나리자
theme,377,치매,015860,일진홀딩스
theme,377,치매,082270,젬백스
theme,377,치매,175250,아이큐어
theme,377,치매,007390,네이처셀
theme,377,치매,006620,동구바이오제약
theme,377,치매,002800,신신제약
theme,377,치매,317690,퀀타매트릭스
theme,377,치매,086890,이수앱지스
theme,377,치매,038460,바이오스마트
theme,377,치매,067080,대화제약
theme,377,치매,310210,보로노이
theme,377,치매,220100,퓨쳐켐
theme,377,치매,378800,샤페론
theme,377,치매,005500,삼진제약
theme,377,치매,302550,리메드
theme,377,치매,365270,큐라클
theme,377,치매,065650,하이퍼코퍼레이션
theme,377,치매,060590,씨티씨바이오
theme,377,치매,007370,진양제약
theme,377,치매,285130,SK케미칼
theme,377,치매,185750,종근당
theme,377,치매,102460,이연제약
theme,377,치매,061250,화일약품
theme,377,치매,069620,대웅제약
theme,377,치매,214260,라파스
theme,377,치매,170900,동아에스티
theme,377,치매,317450,명인제약
theme,377,치매,086040,바이오톡스텍
theme,377,치매,016580,환인제약
theme,377,치매,014570,고려제약
theme,377,치매,304840,피플바이오
theme,397,보톡스(보툴리눔톡신),256840,한국비엔씨
theme,397,보톡스(보툴리눔톡신),206650,유바이오로직스
theme,397,보톡스(보툴리눔톡신),214450,파마리서치
theme,397,보톡스(보툴리눔톡신),362320,청담글로벌
theme,397,보톡스(보툴리눔톡신),216080,제테마
theme,397,보톡스(보툴리눔톡신),145020,휴젤
theme,397,보톡스(보툴리눔톡신),084110,휴온스글로벌
theme,397,보톡스(보툴리눔톡신),109740,디에스케이
theme,397,보톡스(보툴리눔톡신),200670,휴메딕스
theme,397,보톡스(보툴리눔톡신),243070,휴온스
theme,397,보톡스(보툴리눔톡신),086900,메디톡스
theme,397,보톡스(보툴리눔톡신),069620,대웅제약
theme,397,보톡스(보툴리눔톡신),061040,알에프텍
theme,98,음원/음반,035720,카카오
theme,98,음원/음반,352820,하이브
theme,98,음원/음반,064260,다날
theme,98,음원/음반,035900,JYP Ent.
theme,98,음원/음반,037270,YG PLUS
theme,98,음원/음반,041510,에스엠
theme,98,음원/음반,104200,NHN벅스
theme,98,음원/음반,122870,와이지엔터테인먼트
theme,98,음원/음반,035760,CJ ENM
theme,98,음원/음반,403850,더핑크퐁컴퍼니
theme,98,음원/음반,173940,에프엔씨엔터
theme,98,음원/음반,032800,판타지오
theme,98,음원/음반,361570,알비더블유
theme,98,음원/음반,060570,드림어스컴퍼니
theme,98,음원/음반,043610,KT지니뮤직
theme,506,탈모 치료,067290,JW신약
theme,506,탈모 치료,004310,현대약품
theme,506,탈모 치료,014950,삼익제약
theme,506,탈모 치료,052260,현대바이오랜드
theme,506,탈모 치료,389470,인벤티지랩
theme,506,탈모 치료,217730,강스템바이오텍
theme,506,탈모 치료,064550,바이오니아
theme,506,탈모 치료,017180,명문제약
theme,506,탈모 치료,226950,올릭스
theme,506,탈모 치료,376900,로킷헬스케어
theme,506,탈모 치료,003850,보령
theme,506,탈모 치료,317240,TS트릴리온
theme,506,탈모 치료,002800,신신제약
theme,506,탈모 치료,065660,안트로젠
theme,506,탈모 치료,330350,위더스제약
theme,506,탈모 치료,377220,프롬바이오
theme,506,탈모 치료,001060,JW중외제약
theme,506,탈모 치료,378800,샤페론
theme,506,탈모 치료,260660,알리코제약
theme,506,탈모 치료,002210,동성제약
theme,506,탈모 치료,420570,제이투케이바이오
theme,506,탈모 치료,118000,메타케어
theme,506,탈모 치료,090370,메타랩스
theme,506,탈모 치료,006490,프리티
theme,506,탈모 치료,344860,이노진
theme,506,탈모 치료,069620,대웅제약
theme,506,탈모 치료,277410,인산가
theme,506,탈모 치료,304840,피플바이오
theme,452,코로나19(음압병실/음압구급차),215380,콜마바이오텍
theme,452,코로나19(음압병실/음압구급차),067170,오텍
theme,452,코로나19(음압병실/음압구급차),011930,신성이엔지
theme,452,코로나19(음압병실/음압구급차),109610,에스와이
theme,452,코로나19(음압병실/음압구급차),067570,엔브이에이치코리아
theme,452,코로나19(음압병실/음압구급차),053080,케이엔솔
theme,452,코로나19(음압병실/음압구급차),130500,GH신소재
theme,487,건강기능식품,047920,HLB제약
theme,487,건강기능식품,065170,비엘팜텍
theme,487,건강기능식품,063160,종근당바이오
theme,487,건강기능식품,084990,헬릭스미스
theme,487,건강기능식품,003220,대원제약
theme,487,건강기능식품,234690,녹십자웰빙
theme,487,건강기능식품,053950,경남제약
theme,487,건강기능식품,092040,아미코젠
theme,487,건강기능식품,033780,KT&G
theme,487,건강기능식품,222040,코스맥스엔비티
theme,487,건강기능식품,048870,시너지이노베이션
theme,487,건강기능식품,214370,케어젠
theme,487,건강기능식품,195940,HK이노엔
theme,487,건강기능식품,092730,네오팜
theme,487,건강기능식품,035080,그래디언트
theme,487,건강기능식품,078160,메디포스트
theme,487,건강기능식품,142760,모아라이프플러스
theme,487,건강기능식품,377220,프롬바이오
theme,487,건강기능식품,293780,압타바이오
theme,487,건강기능식품,051900,LG생활건강
theme,487,건강기능식품,200130,콜마비앤에이치
theme,487,건강기능식품,260970,에스앤디
theme,487,건강기능식품,362320,청담글로벌
theme,487,건강기능식품,084690,대상홀딩스
theme,487,건강기능식품,194700,노바렉스
theme,487,건강기능식품,153490,우리이앤엘하루틴
theme,487,건강기능식품,180400,DXVX
theme,487,건강기능식품,223310,사토시홀딩스
theme,487,건강기능식품,357230,에이치피오
theme,487,건강기능식품,243070,휴온스
theme,487,건강기능식품,001630,종근당홀딩스
theme,487,건강기능식품,049960,쎌바이오텍
theme,487,건강기능식품,008490,서흥
theme,487,건강기능식품,123840,뉴온
theme,487,건강기능식품,353190,휴럼
theme,487,건강기능식품,318010,팜스빌
theme,487,건강기능식품,168330,내츄럴엔도텍
theme,487,건강기능식품,239610,에이치엘사이언스
theme,487,건강기능식품,471820,셀로맥스사이언스
theme,487,건강기능식품,238200,비피도
theme,487,건강기능식품,314140,알피바이오
theme,487,건강기능식품,270870,뉴트리
theme,487,건강기능식품,435570,에르코스
theme,19,황사/미세먼지,002720,국제약품
theme,19,황사/미세먼지,065950,웰크론
theme,19,황사/미세먼지,022100,포스코DX
theme,19,황사/미세먼지,383310,에코프로에이치엔
theme,19,황사/미세먼지,131030,옵투스제약
theme,19,황사/미세먼지,003850,보령
theme,19,황사/미세먼지,079190,케스피온
theme,19,황사/미세먼지,012690,모나리자
theme,19,황사/미세먼지,021240,코웨이
theme,19,황사/미세먼지,083550,케이엠
theme,19,황사/미세먼지,187790,나노
theme,19,황사/미세먼지,065510,휴비츠
theme,19,황사/미세먼지,001060,JW중외제약
theme,19,황사/미세먼지,044340,위닉스
theme,19,황사/미세먼지,000520,삼일제약
theme,19,황사/미세먼지,001540,안국약품
theme,19,황사/미세먼지,089980,상아프론테크
theme,19,황사/미세먼지,037070,파세코
theme,19,황사/미세먼지,080470,성창오토텍
theme,19,황사/미세먼지,069140,누리플랜
theme,19,황사/미세먼지,045520,크린앤사이언스
theme,19,황사/미세먼지,066130,하츠
theme,19,황사/미세먼지,352700,씨앤투스
theme,19,황사/미세먼지,071840,롯데하이마트
theme,19,황사/미세먼지,068100,케이웨더
theme,470,마이크로바이옴,084650,랩지노믹스
theme,470,마이크로바이옴,063160,종근당바이오
theme,470,마이크로바이옴,314130,지놈앤컴퍼니
theme,470,마이크로바이옴,187420,HLB제넥스
theme,470,마이크로바이옴,048530,인트론바이오
theme,470,마이크로바이옴,090430,아모레퍼시픽
theme,470,마이크로바이옴,206650,유바이오로직스
theme,470,마이크로바이옴,051900,LG생활건강
theme,470,마이크로바이옴,950200,소마젠
theme,470,마이크로바이옴,038290,마크로젠
theme,470,마이크로바이옴,348150,고바이오랩
theme,470,마이크로바이옴,024720,콜마홀딩스
theme,470,마이크로바이옴,180400,DXVX
theme,470,마이크로바이옴,376270,HEM파마
theme,470,마이크로바이옴,311690,CJ 바이오사이언스
theme,470,마이크로바이옴,049960,쎌바이오텍
theme,470,마이크로바이옴,239610,에이치엘사이언스
theme,470,마이크로바이옴,238200,비피도
theme,139,출산장려정책,419530,SAMG엔터
theme,139,출산장려정책,002450,삼익악기
theme,139,출산장려정책,013990,아가방컴퍼니
theme,139,출산장려정책,487580,폴레드
theme,139,출산장려정책,012690,모나리자
theme,139,출산장려정책,159580,제로투세븐
theme,139,출산장려정책,014100,메디앙스
theme,139,출산장려정책,092730,네오팜
theme,139,출산장려정책,900270,헝셩그룹
theme,139,출산장려정책,215480,토박스코리아
theme,139,출산장려정책,407400,꿈비
theme,139,출산장려정책,403850,더핑크퐁컴퍼니
theme,139,출산장려정책,072130,유엔젤
theme,139,출산장려정책,004540,깨끗한나라
theme,139,출산장려정책,019680,대교
theme,139,출산장려정책,462310,뉴키즈온
theme,139,출산장려정책,036000,예림당
theme,139,출산장려정책,095720,웅진씽크빅
theme,139,출산장려정책,317530,에피소드컴퍼니
theme,139,출산장려정책,068290,삼성출판사
theme,139,출산장려정책,267980,매일유업
theme,139,출산장려정책,003920,남양유업
theme,139,출산장려정책,435570,에르코스
theme,105,사료,002680,한탑
theme,105,사료,005860,한일사료
theme,105,사료,003310,대주산업
theme,105,사료,027710,팜스토리
theme,105,사료,035810,이지홀딩스
theme,105,사료,179530,애드바이오텍
theme,105,사료,353810,이지바이오
theme,105,사료,218150,미래생명자원
theme,105,사료,002140,고려산업
theme,105,사료,136490,선진
theme,105,사료,001790,대한제당
theme,105,사료,008040,사조동아원
theme,105,사료,036580,팜스코
theme,105,사료,060590,씨티씨바이오
theme,105,사료,368970,오에스피
theme,105,사료,018620,우진비앤지
theme,105,사료,025880,케이씨피드
theme,105,사료,006980,우성
theme,316,엔젤산업,419530,SAMG엔터
theme,316,엔젤산업,005360,모나미
theme,316,엔젤산업,002450,삼익악기
theme,316,엔젤산업,013990,아가방컴퍼니
theme,316,엔젤산업,487580,폴레드
theme,316,엔젤산업,159580,제로투세븐
theme,316,엔젤산업,014100,메디앙스
theme,316,엔젤산업,900300,오가닉티코스메틱
theme,316,엔젤산업,092730,네오팜
theme,316,엔젤산업,900270,헝셩그룹
theme,316,엔젤산업,048910,대원미디어
theme,316,엔젤산업,066910,손오공
theme,316,엔젤산업,039830,오로라
theme,316,엔젤산업,215480,토박스코리아
theme,316,엔젤산업,407400,꿈비
theme,316,엔젤산업,403850,더핑크퐁컴퍼니
theme,316,엔젤산업,019680,대교
theme,316,엔젤산업,462310,뉴키즈온
theme,316,엔젤산업,036000,예림당
theme,316,엔젤산업,095720,웅진씽크빅
theme,316,엔젤산업,317530,에피소드컴퍼니
theme,316,엔젤산업,040420,정상제이엘에스
theme,316,엔젤산업,068290,삼성출판사
theme,316,엔젤산업,267980,매일유업
theme,316,엔젤산업,003920,남양유업
theme,316,엔젤산업,435570,에르코스
theme,493,mRNA(메신저 리보핵산),005690,파미셀
theme,493,mRNA(메신저 리보핵산),389470,인벤티지랩
theme,493,mRNA(메신저 리보핵산),226950,올릭스
theme,493,mRNA(메신저 리보핵산),348080,큐라티스
theme,493,mRNA(메신저 리보핵산),128940,한미약품
theme,493,mRNA(메신저 리보핵산),237690,에스티팜
theme,493,mRNA(메신저 리보핵산),008930,한미사이언스
theme,493,mRNA(메신저 리보핵산),185490,아이진
theme,493,mRNA(메신저 리보핵산),074430,아미노로직스
theme,493,mRNA(메신저 리보핵산),0120G0,삼양바이오팜
theme,493,mRNA(메신저 리보핵산),138610,나이벡
theme,493,mRNA(메신저 리보핵산),006280,녹십자
theme,493,mRNA(메신저 리보핵산),038070,서린바이오
theme,493,mRNA(메신저 리보핵산),102460,이연제약
theme,540,비만치료제,256840,한국비엔씨
theme,540,비만치료제,047920,HLB제약
theme,540,비만치료제,095700,제넥신
theme,540,비만치료제,439580,블루엠텍
theme,540,비만치료제,347850,디앤디파마텍
theme,540,비만치료제,000250,삼천당제약
theme,540,비만치료제,389470,인벤티지랩
theme,540,비만치료제,003220,대원제약
theme,540,비만치료제,009290,광동제약
theme,540,비만치료제,456160,지투지바이오
theme,540,비만치료제,249420,일동제약
theme,540,비만치료제,226950,올릭스
theme,540,비만치료제,348080,큐라티스
theme,540,비만치료제,291650,츌립앤사이언스
theme,540,비만치료제,000100,유한양행
theme,540,비만치료제,087010,펩트론
theme,540,비만치료제,051910,LG화학
theme,540,비만치료제,128940,한미약품
theme,540,비만치료제,089140,넥스턴앤롤코리아
theme,540,비만치료제,175250,아이큐어
theme,540,비만치료제,002800,신신제약
theme,540,비만치료제,048870,시너지이노베이션
theme,540,비만치료제,214370,케어젠
theme,540,비만치료제,195940,HK이노엔
theme,540,비만치료제,067080,대화제약
theme,540,비만치료제,196300,HLB펩
theme,540,비만치료제,068760,셀트리온제약
theme,540,비만치료제,378800,샤페론
theme,540,비만치료제,138610,나이벡
theme,540,비만치료제,348150,고바이오랩
theme,540,비만치료제,002390,한독
theme,540,비만치료제,180400,DXVX
theme,540,비만치료제,078140,대봉엘에스
theme,540,비만치료제,185750,종근당
theme,540,비만치료제,069620,대웅제약
theme,540,비만치료제,214260,라파스
theme,540,비만치료제,170900,동아에스티
theme,128,엔터테인먼트,035720,카카오
theme,128,엔터테인먼트,048550,SM C&C
theme,128,엔터테인먼트,200350,아티스트스튜디오
theme,128,엔터테인먼트,352820,하이브
theme,128,엔터테인먼트,035900,JYP Ent.
theme,128,엔터테인먼트,012170,아센디오
theme,128,엔터테인먼트,041510,에스엠
theme,128,엔터테인먼트,068050,팬엔터테인먼트
theme,128,엔터테인먼트,054780,키이스트
theme,128,엔터테인먼트,376300,디어유
theme,128,엔터테인먼트,122870,와이지엔터테인먼트
theme,128,엔터테인먼트,131100,티엔엔터테인먼트
theme,128,엔터테인먼트,035760,CJ ENM
theme,128,엔터테인먼트,160550,NEW
theme,128,엔터테인먼트,253450,스튜디오드래곤
theme,128,엔터테인먼트,051780,큐로홀딩스
theme,128,엔터테인먼트,036420,콘텐트리중앙
theme,128,엔터테인먼트,473980,노머스
theme,128,엔터테인먼트,044480,빌리언스
theme,128,엔터테인먼트,046390,삼화네트웍스
theme,128,엔터테인먼트,458350,에스팀
theme,128,엔터테인먼트,173940,에프엔씨엔터
theme,128,엔터테인먼트,369370,블리츠웨이엔터테인먼트
theme,128,엔터테인먼트,078860,아이오케이이엔엠
theme,128,엔터테인먼트,182360,큐브엔터
theme,128,엔터테인먼트,950190,고스트스튜디오
theme,128,엔터테인먼트,047820,초록뱀미디어
theme,128,엔터테인먼트,032800,판타지오
theme,128,엔터테인먼트,032540,TJ미디어
theme,128,엔터테인먼트,361570,알비더블유
theme,128,엔터테인먼트,043610,KT지니뮤직
theme,127,영상콘텐츠,048550,SM C&C
theme,127,영상콘텐츠,200350,아티스트스튜디오
theme,127,영상콘텐츠,419530,SAMG엔터
theme,127,영상콘텐츠,035900,JYP Ent.
theme,127,영상콘텐츠,310200,애니플러스
theme,127,영상콘텐츠,068050,팬엔터테인먼트
theme,127,영상콘텐츠,054780,키이스트
theme,127,영상콘텐츠,432430,와이랩
theme,127,영상콘텐츠,035620,바른손이앤에이
theme,127,영상콘텐츠,210120,캔버스엔
theme,127,영상콘텐츠,035760,CJ ENM
theme,127,영상콘텐츠,160550,NEW
theme,127,영상콘텐츠,048910,대원미디어
theme,127,영상콘텐츠,086980,쇼박스
theme,127,영상콘텐츠,206560,덱스터
theme,127,영상콘텐츠,253450,스튜디오드래곤
theme,127,영상콘텐츠,408900,스튜디오미르
theme,127,영상콘텐츠,051780,큐로홀딩스
theme,127,영상콘텐츠,036420,콘텐트리중앙
theme,127,영상콘텐츠,289220,자이언트스텝
theme,127,영상콘텐츠,389140,포바이포
theme,127,영상콘텐츠,322780,코퍼스코리아
theme,127,영상콘텐츠,403850,더핑크퐁컴퍼니
theme,127,영상콘텐츠,241840,에이스토리
theme,127,영상콘텐츠,046390,삼화네트웍스
theme,127,영상콘텐츠,122450,KX
theme,127,영상콘텐츠,458350,에스팀
theme,127,영상콘텐츠,317530,에피소드컴퍼니
theme,127,영상콘텐츠,173940,에프엔씨엔터
theme,127,영상콘텐츠,476080,M83
theme,127,영상콘텐츠,018700,졸스
theme,127,영상콘텐츠,950190,고스트스튜디오
theme,127,영상콘텐츠,047820,초록뱀미디어
theme,127,영상콘텐츠,034120,SBS
theme,48,영화,023530,롯데쇼핑
theme,48,영화,012170,아센디오
theme,48,영화,079160,CJ CGV
theme,48,영화,035620,바른손이앤에이
theme,48,영화,035760,CJ ENM
theme,48,영화,160550,NEW
theme,48,영화,086980,쇼박스
theme,48,영화,206560,덱스터
theme,48,영화,036420,콘텐트리중앙
theme,48,영화,389140,포바이포
theme,48,영화,018700,졸스
theme,48,영화,037760,쎄니트
theme,141,종합 물류,465770,STX그린로지스
theme,141,종합 물류,009070,KCTC
theme,141,종합 물류,086280,현대글로비스
theme,141,종합 물류,004140,동방
theme,141,종합 물류,002320,한진
theme,141,종합 물류,000120,CJ대한통운
theme,141,종합 물류,014130,한익스프레스
theme,141,종합 물류,033290,로젠
theme,141,종합 물류,004360,세방
theme,141,종합 물류,129260,인터지스
theme,141,종합 물류,003100,선광
theme,141,종합 물류,009180,한솔로지스틱스
theme,141,종합 물류,024800,유성티엔에스
theme,141,종합 물류,040610,SG&G
theme,141,종합 물류,032280,삼일
theme,141,종합 물류,124560,태웅로직스
theme,181,테마파크,000720,현대건설
theme,181,테마파크,084680,이월드
theme,181,테마파크,066620,국보디자인
theme,181,테마파크,023350,한국종합기술
theme,181,테마파크,020710,시공테크
theme,181,테마파크,464580,닷밀
theme,44,시멘트/레미콘,038500,삼표시멘트
theme,44,시멘트/레미콘,255220,SG
theme,44,시멘트/레미콘,198440,강동씨앤엘
theme,44,시멘트/레미콘,079650,서산
theme,44,시멘트/레미콘,001520,동양
theme,44,시멘트/레미콘,023410,유진기업
theme,44,시멘트/레미콘,000910,유니온
theme,44,시멘트/레미콘,183190,아세아시멘트
theme,44,시멘트/레미콘,300720,한일시멘트
theme,44,시멘트/레미콘,004980,성신양회
theme,44,시멘트/레미콘,225530,HC보광산업
theme,44,시멘트/레미콘,006920,모헨즈
theme,44,시멘트/레미콘,060560,HC홈센타
theme,44,시멘트/레미콘,037760,쎄니트
theme,44,시멘트/레미콘,011390,부산산업
theme,417,아프리카 돼지열병(ASF),041960,코미팜
theme,417,아프리카 돼지열병(ASF),198440,강동씨앤엘
theme,417,아프리카 돼지열병(ASF),044960,이글벳
theme,417,아프리카 돼지열병(ASF),005860,한일사료
theme,417,아프리카 돼지열병(ASF),027710,팜스토리
theme,417,아프리카 돼지열병(ASF),136480,하림
theme,417,아프리카 돼지열병(ASF),035810,이지홀딩스
theme,417,아프리카 돼지열병(ASF),088910,동우팜투테이블
theme,417,아프리카 돼지열병(ASF),900340,윙입푸드
theme,417,아프리카 돼지열병(ASF),043200,파루
theme,417,아프리카 돼지열병(ASF),353810,이지바이오
theme,417,아프리카 돼지열병(ASF),331920,셀레믹스
theme,417,아프리카 돼지열병(ASF),218150,미래생명자원
theme,417,아프리카 돼지열병(ASF),014580,태경비케이
theme,417,아프리카 돼지열병(ASF),033250,체시스
theme,417,아프리카 돼지열병(ASF),136490,선진
theme,417,아프리카 돼지열병(ASF),027740,마니커
theme,417,아프리카 돼지열병(ASF),036580,팜스코
theme,417,아프리카 돼지열병(ASF),060590,씨티씨바이오
theme,417,아프리카 돼지열병(ASF),054670,대한뉴팜
theme,417,아프리카 돼지열병(ASF),073560,우리손에프앤지
theme,417,아프리카 돼지열병(ASF),018620,우진비앤지
theme,417,아프리카 돼지열병(ASF),072020,중앙백신
theme,417,아프리카 돼지열병(ASF),110020,전진바이오팜
theme,417,아프리카 돼지열병(ASF),086060,진바이오텍
theme,417,아프리카 돼지열병(ASF),208140,정다운
theme,417,아프리카 돼지열병(ASF),036480,대성미생물
theme,417,아프리카 돼지열병(ASF),153710,옵티팜
theme,417,아프리카 돼지열병(ASF),006980,우성
theme,417,아프리카 돼지열병(ASF),188260,세니젠
theme,513,미용기기,256840,한국비엔씨
theme,513,미용기기,336570,원텍
theme,513,미용기기,278470,에이피알
theme,513,미용기기,000100,유한양행
theme,513,미용기기,483650,달바글로벌
theme,513,미용기기,214150,클래시스
theme,513,미용기기,240550,동방메디컬
theme,513,미용기기,214450,파마리서치
theme,513,미용기기,450950,아스테라시스
theme,513,미용기기,462510,라메디텍
theme,513,미용기기,216080,제테마
theme,513,미용기기,145020,휴젤
theme,513,미용기기,084110,휴온스글로벌
theme,513,미용기기,219750,한국비티비
theme,513,미용기기,149980,하이로닉
theme,513,미용기기,200670,휴메딕스
theme,513,미용기기,086900,메디톡스
theme,513,미용기기,069620,대웅제약
theme,513,미용기기,199550,레이저옵텍
theme,407,호텔/리조트,0220W0,한화머시너리앤서비스홀딩스
theme,407,호텔/리조트,001740,SK네트웍스
theme,407,호텔/리조트,006730,서부T&D
theme,407,호텔/리조트,025980,아난티
theme,407,호텔/리조트,034230,파라다이스
theme,407,호텔/리조트,032350,롯데관광개발
theme,407,호텔/리조트,035250,강원랜드
theme,407,호텔/리조트,008770,호텔신라
theme,407,호텔/리조트,294870,IPARK현대산업개발
theme,407,호텔/리조트,139480,이마트
theme,407,호텔/리조트,070960,모나용평
theme,407,호텔/리조트,499790,GS피앤엘
theme,407,호텔/리조트,194370,제이에스코퍼레이션
theme,407,호텔/리조트,007720,소노스퀘어
theme,525,렌터카,381970,KG모빌리티플랫폼
theme,525,렌터카,089860,롯데렌탈
theme,525,렌터카,403550,쏘카
theme,525,렌터카,038390,레드캡투어
theme,47,카지노,034230,파라다이스
theme,47,카지노,032350,롯데관광개발
theme,47,카지노,035250,강원랜드
theme,47,카지노,114090,GKL
theme,47,카지노,052330,코텍
theme,47,카지노,051360,토비스
theme,113,음식료업종,002680,한탑
theme,113,음식료업종,065150,대산F&B
theme,113,음식료업종,222040,코스맥스엔비티
theme,113,음식료업종,007390,네이처셀
theme,113,음식료업종,290720,푸드나무
theme,113,음식료업종,195940,HK이노엔
theme,113,음식료업종,000080,하이트진로
theme,113,음식료업종,004410,서울식품
theme,113,음식료업종,218150,미래생명자원
theme,113,음식료업종,131100,티엔엔터테인먼트
theme,113,음식료업종,475460,미트박스
theme,113,음식료업종,051900,LG생활건강
theme,113,음식료업종,005180,빙그레
theme,113,음식료업종,260970,에스앤디
theme,113,음식료업종,103840,우양
theme,113,음식료업종,271560,오리온
theme,113,음식료업종,097950,CJ제일제당
theme,113,음식료업종,0013V0,삼진식품
theme,113,음식료업종,276730,한울앤제주
theme,113,음식료업종,001790,대한제당
theme,113,음식료업종,008040,사조동아원
theme,113,음식료업종,026960,동서
theme,113,음식료업종,453340,현대그린푸드
theme,113,음식료업종,003230,삼양식품
theme,113,음식료업종,001680,대상
theme,113,음식료업종,339770,교촌에프앤비
theme,113,음식료업종,194700,노바렉스
theme,113,음식료업종,311390,네오크레마
theme,113,음식료업종,043650,국순당
theme,113,음식료업종,009780,엠에스씨
theme,113,음식료업종,001420,태원물산
theme,113,음식료업종,357230,에이치피오
theme,113,음식료업종,004370,농심
theme,113,음식료업종,017810,풀무원
theme,113,음식료업종,005300,롯데칠성
theme,113,음식료업종,248170,샘표식품
theme,113,음식료업종,195500,마니커에프앤지
theme,113,음식료업종,006880,신송홀딩스
theme,113,음식료업종,280360,롯데웰푸드
theme,113,음식료업종,189980,흥국에프엔비
theme,113,음식료업종,403490,우듬지팜
theme,113,음식료업종,222980,한국맥널티
theme,113,음식료업종,475560,더본코리아
theme,113,음식료업종,208140,정다운
theme,113,음식료업종,188040,바이오포트
theme,113,음식료업종,001130,대한제분
theme,113,음식료업종,342870,오아
theme,113,음식료업종,250000,보라티알
theme,113,음식료업종,005610,삼립
theme,113,음식료업종,267980,매일유업
theme,113,음식료업종,353190,휴럼
theme,113,음식료업종,318010,팜스빌
theme,113,음식료업종,145990,삼양사
theme,113,음식료업종,239610,에이치엘사이언스
theme,113,음식료업종,051500,CJ프레시웨이
theme,113,음식료업종,277410,인산가
theme,113,음식료업종,007310,오뚜기
theme,113,음식료업종,238200,비피도
theme,113,음식료업종,003920,남양유업
theme,113,음식료업종,000140,하이트진로홀딩스
theme,113,음식료업종,264900,크라운제과
theme,113,음식료업종,270870,뉴트리
theme,113,음식료업종,005670,푸드웰
theme,113,음식료업종,435570,에르코스
theme,113,음식료업종,002600,조흥
theme,324,일자리(취업),027830,대성창투
theme,324,일자리(취업),241520,DSC인베스트먼트
theme,324,일자리(취업),440320,오픈놀
theme,324,일자리(취업),246690,TS인베스트먼트
theme,324,일자리(취업),133750,메가엠디
theme,324,일자리(취업),339950,아이비김영
theme,324,일자리(취업),373160,데이원컴퍼니
theme,324,일자리(취업),376980,원티드랩
theme,324,일자리(취업),143240,사람인
theme,59,광고,048550,SM C&C
theme,59,광고,0010S0,와이즈플래닛컴퍼니
theme,59,광고,0039P0,매드업
theme,59,광고,030000,제일기획
theme,59,광고,051160,지어소프트
theme,59,광고,037270,YG PLUS
theme,59,광고,035000,HS애드
theme,59,광고,321820,아티스트컴퍼니
theme,59,광고,127710,아시아경제
theme,59,광고,351870,차이커뮤니케이션
theme,59,광고,214320,이노션
theme,59,광고,236810,엔비티
theme,59,광고,237820,플레이디
theme,59,광고,214270,FSN
theme,59,광고,362990,드림인사이트
theme,59,광고,263700,케어랩스
theme,59,광고,443250,레뷰코퍼레이션
theme,59,광고,291230,컴투스엔
theme,59,광고,273060,와이즈버즈
theme,59,광고,216050,인크로스
theme,59,광고,010470,오리콤
theme,59,광고,089600,KT나스미디어
theme,59,광고,363260,모비데이즈
theme,59,광고,123570,이엠넷
theme,59,광고,397810,애드포러스
theme,59,광고,050090,비케이홀딩스
theme,82,태풍 및 장마,101670,하이드로리튬
theme,82,태풍 및 장마,060260,뉴보텍
theme,82,태풍 및 장마,025860,남해화학
theme,82,태풍 및 장마,043200,파루
theme,82,태풍 및 장마,000490,대동
theme,82,태풍 및 장마,004000,롯데정밀화학
theme,82,태풍 및 장마,001550,조비
theme,82,태풍 및 장마,060150,인선이엔티
theme,82,태풍 및 장마,002100,경농
theme,82,태풍 및 장마,007590,동방아그로
theme,598,콩/대두,218150,미래생명자원
theme,598,콩/대두,017810,풀무원
theme,598,콩/대두,007540,샘표
theme,598,콩/대두,248170,샘표식품
theme,598,콩/대두,006880,신송홀딩스
theme,206,농업,114450,그린생명과학
theme,206,농업,008830,대동기어
theme,206,농업,025860,남해화학
theme,206,농업,001390,KG케미칼
theme,206,농업,101170,우림피티에스
theme,206,농업,002900,TYM
theme,206,농업,000490,대동
theme,206,농업,119500,포메탈
theme,206,농업,004000,롯데정밀화학
theme,206,농업,001550,조비
theme,206,농업,054050,NH농우바이오
theme,206,농업,403490,우듬지팜
theme,206,농업,352940,인바이오
theme,206,농업,020400,대동금속
theme,206,농업,014830,유니드
theme,206,농업,002100,경농
theme,206,농업,332290,누보
theme,206,농업,186230,그린플러스
theme,206,농업,097870,효성오앤비
theme,206,농업,050860,아세아텍
theme,206,농업,154030,아시아종묘
theme,206,농업,007590,동방아그로
theme,206,농업,003080,SB성보
theme,170,골판지 제조,011280,태림포장
theme,170,골판지 제조,002200,한국수출포장
theme,170,골판지 제조,004150,한솔홀딩스
theme,170,골판지 제조,002310,아세아제지
theme,170,골판지 제조,006740,블루산업개발
theme,170,골판지 제조,016100,리더스코스메틱
theme,170,골판지 제조,016590,신대양제지
theme,170,골판지 제조,023600,삼보판지
theme,170,골판지 제조,017650,대림제지
theme,170,골판지 제조,014160,대영포장
theme,380,면세점,204620,글로벌텍스프리
theme,380,면세점,069960,현대백화점
theme,380,면세점,214420,토니모리
theme,380,면세점,008770,호텔신라
theme,380,면세점,004170,신세계
theme,380,면세점,012630,HDC
theme,380,면세점,025770,한국정보통신
theme,380,면세점,950170,JTC
theme,266,겨울,000020,동화약품
theme,266,겨울,002700,신일전자
theme,266,겨울,009290,광동제약
theme,266,겨울,000100,유한양행
theme,266,겨울,128940,한미약품
theme,266,겨울,111770,영원무역
theme,266,겨울,036460,한국가스공사
theme,266,겨울,117580,대성에너지
theme,266,겨울,053050,지에스이
theme,266,겨울,037070,파세코
theme,266,겨울,006280,녹십자
theme,266,겨울,009450,경동나비엔
theme,266,겨울,015360,INVENI
theme,266,겨울,215000,골프존
theme,266,겨울,071320,지역난방공사
theme,266,겨울,005610,삼립
theme,266,겨울,267290,경동도시가스
theme,266,겨울,017390,서울가스
theme,266,겨울,008470,부스타
theme,266,겨울,004690,삼천리
theme,266,겨울,034590,인천도시가스
theme,266,겨울,016710,대성홀딩스
theme,376,유전자 치료제/분석,095700,제넥신
theme,376,유전자 치료제/분석,340450,지씨지놈
theme,376,유전자 치료제/분석,084650,랩지노믹스
theme,376,유전자 치료제/분석,096530,씨젠
theme,376,유전자 치료제/분석,950130,엑세스바이오
theme,376,유전자 치료제/분석,354200,엔젠바이오
theme,376,유전자 치료제/분석,314130,지놈앤컴퍼니
theme,376,유전자 치료제/분석,215600,신라젠
theme,376,유전자 치료제/분석,084990,헬릭스미스
theme,376,유전자 치료제/분석,137310,에스디바이오센서
theme,376,유전자 치료제/분석,394800,쓰리빌리언
theme,376,유전자 치료제/분석,187420,HLB제넥스
theme,376,유전자 치료제/분석,046210,HLB파나진
theme,376,유전자 치료제/분석,476830,알지노믹스
theme,376,유전자 치료제/분석,064550,바이오니아
theme,376,유전자 치료제/분석,389030,지니너스
theme,376,유전자 치료제/분석,174900,앱클론
theme,376,유전자 치료제/분석,372320,큐로셀
theme,376,유전자 치료제/분석,092040,아미코젠
theme,376,유전자 치료제/분석,226330,신테카바이오
theme,376,유전자 치료제/분석,321550,티움바이오
theme,376,유전자 치료제/분석,102940,코오롱생명과학
theme,376,유전자 치료제/분석,127120,제이에스링크
theme,376,유전자 치료제/분석,228760,지노믹트리
theme,376,유전자 치료제/분석,308080,바이젠셀
theme,376,유전자 치료제/분석,456070,이엔셀
theme,376,유전자 치료제/분석,331920,셀레믹스
theme,376,유전자 치료제/분석,066700,테라젠이텍스
theme,376,유전자 치료제/분석,083790,CG인바이츠
theme,376,유전자 치료제/분석,373110,엑셀세라퓨틱스
theme,376,유전자 치료제/분석,0082N0,카나프테라퓨틱스
theme,376,유전자 치료제/분석,199800,툴젠
theme,376,유전자 치료제/분석,950200,소마젠
theme,376,유전자 치료제/분석,0120G0,삼양바이오팜
theme,376,유전자 치료제/분석,225220,제놀루션
theme,376,유전자 치료제/분석,038290,마크로젠
theme,376,유전자 치료제/분석,006280,녹십자
theme,376,유전자 치료제/분석,348150,고바이오랩
theme,376,유전자 치료제/분석,461030,아이엠비디엑스
theme,376,유전자 치료제/분석,311690,CJ 바이오사이언스
theme,376,유전자 치료제/분석,363250,진시스템
theme,166,항공/저가 항공사(LCC),003490,대한항공
theme,166,항공/저가 항공사(LCC),089590,제주항공
theme,166,항공/저가 항공사(LCC),091810,트리니티항공
theme,166,항공/저가 항공사(LCC),020560,아시아나항공
theme,166,항공/저가 항공사(LCC),272450,진에어
theme,166,항공/저가 항공사(LCC),180640,한진칼
theme,166,항공/저가 항공사(LCC),298690,에어부산
theme,166,항공/저가 항공사(LCC),004870,티웨이홀딩스
theme,166,항공/저가 항공사(LCC),006840,AK홀딩스
theme,184,수자원(양적/질적 개선),032820,우리기술
theme,184,수자원(양적/질적 개선),047040,대우건설
theme,184,수자원(양적/질적 개선),008970,KBI동양철관
theme,184,수자원(양적/질적 개선),034020,두산에너빌리티
theme,184,수자원(양적/질적 개선),028050,삼성E&A
theme,184,수자원(양적/질적 개선),002990,금호건설
theme,184,수자원(양적/질적 개선),019990,에너토크
theme,184,수자원(양적/질적 개선),006360,GS건설
theme,184,수자원(양적/질적 개선),071090,하이스틸
theme,184,수자원(양적/질적 개선),009410,태영건설
theme,184,수자원(양적/질적 개선),025320,시노펙스
theme,184,수자원(양적/질적 개선),060260,뉴보텍
theme,184,수자원(양적/질적 개선),001390,KG케미칼
theme,184,수자원(양적/질적 개선),021240,코웨이
theme,184,수자원(양적/질적 개선),102940,코오롱생명과학
theme,184,수자원(양적/질적 개선),076080,웰크론한텍
theme,184,수자원(양적/질적 개선),000970,한국주철관
theme,184,수자원(양적/질적 개선),054220,비츠로시스
theme,184,수자원(양적/질적 개선),023350,한국종합기술
theme,184,수자원(양적/질적 개선),043910,자연과환경
theme,184,수자원(양적/질적 개선),317870,엔바이오니아
theme,184,수자원(양적/질적 개선),022220,티케이지애강
theme,184,수자원(양적/질적 개선),083660,CSA 코스믹
theme,184,수자원(양적/질적 개선),002150,도화엔지니어링
theme,184,수자원(양적/질적 개선),003070,코오롱글로벌
theme,184,수자원(양적/질적 개선),054930,유신
theme,184,수자원(양적/질적 개선),079000,와토스코리아
theme,13,리모델링/인테리어,011090,에넥스
theme,13,리모델링/인테리어,039020,이건홀딩스
theme,13,리모델링/인테리어,037440,희림
theme,13,리모델링/인테리어,007210,벽산
theme,13,리모델링/인테리어,309930,조이웍스앤코
theme,13,리모델링/인테리어,008250,이건산업
theme,13,리모델링/인테리어,025750,한솔홈데코
theme,13,리모델링/인테리어,025900,동화기업
theme,13,리모델링/인테리어,446070,유니드비티플러스
theme,13,리모델링/인테리어,005750,대림바스
theme,13,리모델링/인테리어,037070,파세코
theme,13,리모델링/인테리어,285800,진영
theme,13,리모델링/인테리어,066620,국보디자인
theme,13,리모델링/인테리어,009240,한샘
theme,13,리모델링/인테리어,002820,SUN&L
theme,13,리모델링/인테리어,020710,시공테크
theme,13,리모델링/인테리어,066130,하츠
theme,13,리모델링/인테리어,002380,KCC
theme,13,리모델링/인테리어,006570,대림통상
theme,13,리모델링/인테리어,108670,LX하우시스
theme,13,리모델링/인테리어,018310,삼목에스폼
theme,13,리모델링/인테리어,344820,KCC글라스
theme,13,리모델링/인테리어,171120,라이온켐텍
theme,13,리모델링/인테리어,079430,현대리바트
theme,175,의료기기,005930,삼성전자
theme,175,의료기기,256840,한국비엔씨
theme,175,의료기기,253840,수젠텍
theme,175,의료기기,205470,휴마시스
theme,175,의료기기,439960,코스모로보틱스
theme,175,의료기기,098460,고영
theme,175,의료기기,058110,멕아이씨에스
theme,175,의료기기,303810,동국생명과학
theme,175,의료기기,386380,스카이랩스
theme,175,의료기기,387690,레메디
theme,175,의료기기,084650,랩지노믹스
theme,175,의료기기,299170,더블유에스아이
theme,175,의료기기,328130,루닛
theme,175,의료기기,067630,HLB생명과학
theme,175,의료기기,006140,피제이전자
theme,175,의료기기,036220,오상헬스케어
theme,175,의료기기,003220,대원제약
theme,175,의료기기,039860,나노엔텍
theme,175,의료기기,336570,원텍
theme,175,의료기기,290660,다이나믹솔루션
theme,175,의료기기,156100,엘앤케이바이오
theme,175,의료기기,141080,리가켐바이오
theme,175,의료기기,104540,코렌텍
theme,175,의료기기,290650,엘앤씨바이오
theme,175,의료기기,208370,셀바스헬스케어
theme,175,의료기기,060280,큐렉소
theme,175,의료기기,0088M0,메쥬
theme,175,의료기기,032940,원익
theme,175,의료기기,338220,뷰노
theme,175,의료기기,056090,시지메드텍
theme,175,의료기기,491000,리브스메드
theme,175,의료기기,376900,로킷헬스케어
theme,175,의료기기,099430,바이오플러스
theme,175,의료기기,214150,클래시스
theme,175,의료기기,240550,동방메디컬
theme,175,의료기기,458870,씨어스
theme,175,의료기기,394420,리센스메디컬
theme,175,의료기기,489460,바이오비쥬
theme,175,의료기기,317690,퀀타매트릭스
theme,175,의료기기,206640,바디텍메드
theme,175,의료기기,042520,한스바이오메드
theme,175,의료기기,214450,파마리서치
theme,175,의료기기,094170,동운아나텍
theme,175,의료기기,315640,딥노이드
theme,175,의료기기,450950,아스테라시스
theme,175,의료기기,117730,티로보틱스
theme,175,의료기기,041920,메디아나
theme,175,의료기기,322510,제이엘케이
theme,175,의료기기,380550,뉴로핏
theme,175,의료기기,119610,인터로조
theme,175,의료기기,462510,라메디텍
theme,175,의료기기,065510,휴비츠
theme,175,의료기기,494120,큐리오시스
theme,175,의료기기,041830,인바디
theme,175,의료기기,226400,오스테오닉
theme,175,의료기기,340570,티앤엘
theme,175,의료기기,039840,디오
theme,175,의료기기,216080,제테마
theme,175,의료기기,0120G0,삼양바이오팜
theme,175,의료기기,302550,리메드
theme,175,의료기기,115480,씨유메디칼
theme,175,의료기기,246710,티앤알바이오팹
theme,175,의료기기,384470,코어라인소프트
theme,175,의료기기,032620,GC메디아이
theme,175,의료기기,460940,피앤에스로보틱스
theme,175,의료기기,225220,제놀루션
theme,175,의료기기,419540,비스토스
theme,175,의료기기,214680,디알텍
theme,175,의료기기,118000,메타케어
theme,175,의료기기,059210,메타바이오메드
theme,175,의료기기,100700,세운메디칼
theme,175,의료기기,303360,프로티아
theme,175,의료기기,228850,레이언스
theme,175,의료기기,219750,한국비티비
theme,175,의료기기,043150,바텍
theme,175,의료기기,149980,하이로닉
theme,175,의료기기,460470,아이빔테크놀로지
theme,175,의료기기,145720,덴티움
theme,175,의료기기,049950,미래컴퍼니
theme,175,의료기기,002390,한독
theme,175,의료기기,398120,에스지헬스케어
theme,175,의료기기,214430,아이쓰리시스템
theme,175,의료기기,099190,아이센스
theme,175,의료기기,122310,제노레이
theme,175,의료기기,179290,엠아이텍
theme,175,의료기기,405000,플라즈맵
theme,175,의료기기,100120,뷰웍스
theme,175,의료기기,335810,프리시젼바이오
theme,175,의료기기,263690,디알젬
theme,175,의료기기,314930,바이오다인
theme,175,의료기기,387570,파인메딕스
theme,175,의료기기,0010V0,제이피아이헬스케어
theme,175,의료기기,199550,레이저옵텍
theme,175,의료기기,004080,신흥
theme,52,교육/온라인 교육,012030,DB
theme,52,교육/온라인 교육,289010,아이스크림에듀
theme,52,교육/온라인 교육,215100,로보로보
theme,52,교육/온라인 교육,032850,비트컴퓨터
theme,52,교육/온라인 교육,049470,비트플래닛
theme,52,교육/온라인 교육,133750,메가엠디
theme,52,교육/온라인 교육,475580,에이럭스
theme,52,교육/온라인 교육,053290,NE능률
theme,52,교육/온라인 교육,215200,메가스터디교육
theme,52,교육/온라인 교육,100220,비상교육
theme,52,교육/온라인 교육,072130,유엔젤
theme,52,교육/온라인 교육,068930,디지털대성
theme,52,교육/온라인 교육,019680,대교
theme,52,교육/온라인 교육,084440,유비온
theme,52,교육/온라인 교육,339950,아이비김영
theme,52,교육/온라인 교육,095720,웅진씽크빅
theme,52,교육/온라인 교육,317530,에피소드컴퍼니
theme,52,교육/온라인 교육,461300,아이스크림미디어
theme,52,교육/온라인 교육,040420,정상제이엘에스
theme,52,교육/온라인 교육,057030,YBM넷
theme,52,교육/온라인 교육,373160,데이원컴퍼니
theme,52,교육/온라인 교육,072870,메가스터디
theme,52,교육/온라인 교육,134060,이퓨쳐
theme,52,교육/온라인 교육,068290,삼성출판사
theme,52,교육/온라인 교육,067280,멀티캠퍼스
theme,52,교육/온라인 교육,096240,크레버스
theme,52,교육/온라인 교육,035290,골드앤에스
theme,468,화이자(PFIZER),005690,파미셀
theme,468,화이자(PFIZER),000100,유한양행
theme,468,화이자(PFIZER),271980,제일약품
theme,468,화이자(PFIZER),018680,서울제약
theme,468,화이자(PFIZER),023910,대한약품
theme,60,육계,027710,팜스토리
theme,60,육계,136480,하림
theme,60,육계,035810,이지홀딩스
theme,60,육계,088910,동우팜투테이블
theme,60,육계,290720,푸드나무
theme,60,육계,066360,체리부로
theme,60,육계,027740,마니커
theme,60,육계,339770,교촌에프앤비
theme,60,육계,195500,마니커에프앤지
theme,38,홈쇼핑,023530,롯데쇼핑
theme,38,홈쇼핑,035760,CJ ENM
theme,38,홈쇼핑,007070,GS리테일
theme,38,홈쇼핑,003240,태광산업
theme,210,자전거,065450,빅텍
theme,210,자전거,024950,삼천리자전거
theme,210,자전거,123750,알톤
theme,464,콜드체인(저온 유통),115450,HLB테라퓨틱스
theme,464,콜드체인(저온 유통),246960,SCL사이언스
theme,464,콜드체인(저온 유통),083450,GST
theme,464,콜드체인(저온 유통),096350,대창솔루션
theme,464,콜드체인(저온 유통),175250,아이큐어
theme,464,콜드체인(저온 유통),119830,아이텍
theme,464,콜드체인(저온 유통),144510,지씨셀
theme,464,콜드체인(저온 유통),014130,한익스프레스
theme,464,콜드체인(저온 유통),068330,일신바이오
theme,464,콜드체인(저온 유통),038070,서린바이오
theme,464,콜드체인(저온 유통),006890,태경케미컬
theme,464,콜드체인(저온 유통),000640,동아쏘시오홀딩스
theme,464,콜드체인(저온 유통),131220,대한과학
theme,330,페인트,000390,SP삼화
theme,330,페인트,090350,노루페인트
theme,330,페인트,007210,벽산
theme,330,페인트,004910,조광페인트
theme,330,페인트,002380,KCC
theme,330,페인트,000860,강남제비스코
theme,330,페인트,000320,노루홀딩스
theme,330,페인트,006840,AK홀딩스
theme,32,패션/의류,004060,SG세계물산
theme,32,패션/의류,005320,온타이드
theme,32,패션/의류,308100,형지글로벌
theme,32,패션/의류,278470,에이피알
theme,32,패션/의류,007980,TP
theme,32,패션/의류,109670,씨싸이트
theme,32,패션/의류,047770,코데즈컴바인
theme,32,패션/의류,306040,에스제이그룹
theme,32,패션/의류,028260,삼성물산
theme,32,패션/의류,011080,형지I&C
theme,32,패션/의류,145170,노브랜드
theme,32,패션/의류,483350,딜리셔스
theme,32,패션/의류,036620,감성코퍼레이션
theme,32,패션/의류,014990,인디에프
theme,32,패션/의류,120110,코오롱인더
theme,32,패션/의류,111770,영원무역
theme,32,패션/의류,081660,미스토홀딩스
theme,32,패션/의류,026040,제이에스티나
theme,32,패션/의류,020000,한섬
theme,32,패션/의류,065060,지엔코
theme,32,패션/의류,016090,대현
theme,32,패션/의류,039980,폴라리스AI
theme,32,패션/의류,472850,폰드그룹
theme,32,패션/의류,009270,신원
theme,32,패션/의류,383220,F&F
theme,32,패션/의류,064800,포니링크
theme,32,패션/의류,088790,진도
theme,32,패션/의류,282620,기도산업
theme,32,패션/의류,002070,비비안
theme,32,패션/의류,006060,화승인더
theme,32,패션/의류,478560,블랙야크아이앤씨
theme,32,패션/의류,069640,한세엠케이
theme,32,패션/의류,215480,토박스코리아
theme,32,패션/의류,900110,딥커머스
theme,32,패션/의류,241590,화승엔터프라이즈
theme,32,패션/의류,0117P0,피스피스스튜디오
theme,32,패션/의류,031430,신세계인터내셔날
theme,32,패션/의류,000680,LS네트웍스
theme,32,패션/의류,090370,메타랩스
theme,32,패션/의류,194370,제이에스코퍼레이션
theme,32,패션/의류,366030,나인앤컴퍼니
theme,32,패션/의류,337930,젝시믹스
theme,32,패션/의류,462310,뉴키즈온
theme,32,패션/의류,204020,그리티
theme,32,패션/의류,298540,더네이쳐홀딩스
theme,32,패션/의류,093050,LF
theme,32,패션/의류,105630,한세실업
theme,32,패션/의류,001460,BYC
theme,32,패션/의류,335870,윙스풋
theme,32,패션/의류,481070,에이유브랜즈
theme,32,패션/의류,225590,패션플랫폼
theme,32,패션/의류,110790,크리스에프앤씨
theme,32,패션/의류,267790,배럴
theme,32,패션/의류,098660,에스티오
theme,32,패션/의류,005800,신영와코루
theme,32,패션/의류,084870,TBH글로벌
theme,32,패션/의류,111110,호전실업
theme,32,패션/의류,111380,동인기연
theme,32,패션/의류,032080,아즈텍WB
theme,32,패션/의류,033340,좋은사람들
theme,32,패션/의류,093240,형지엘리트
theme,421,日제품 불매운동(수혜),005360,모나미
theme,421,日제품 불매운동(수혜),047770,코데즈컴바인
theme,421,日제품 불매운동(수혜),013990,아가방컴퍼니
theme,421,日제품 불매운동(수혜),012690,모나리자
theme,421,日제품 불매운동(수혜),000890,보해양조
theme,421,日제품 불매운동(수혜),014100,메디앙스
theme,421,日제품 불매운동(수혜),000080,하이트진로
theme,421,日제품 불매운동(수혜),002070,비비안
theme,421,日제품 불매운동(수혜),024940,PN풍년
theme,421,日제품 불매운동(수혜),004540,깨끗한나라
theme,421,日제품 불매운동(수혜),204020,그리티
theme,421,日제품 불매운동(수혜),012700,리드코프
theme,421,日제품 불매운동(수혜),001460,BYC
theme,421,日제품 불매운동(수혜),250000,보라티알
theme,421,日제품 불매운동(수혜),267790,배럴
theme,421,日제품 불매운동(수혜),084870,TBH글로벌
theme,421,日제품 불매운동(수혜),005740,크라운해태홀딩스
theme,421,日제품 불매운동(수혜),000140,하이트진로홀딩스
theme,421,日제품 불매운동(수혜),264900,크라운제과
theme,421,日제품 불매운동(수혜),033340,좋은사람들
theme,497,토스(toss),003530,한화투자증권
theme,497,토스(toss),086790,하나금융지주
theme,497,토스(toss),084680,이월드
theme,497,토스(toss),041460,한국전자인증
theme,497,토스(toss),236810,엔비티
theme,497,토스(toss),020180,대신정보통신
theme,76,여름,093370,후성
theme,76,여름,002700,신일전자
theme,76,여름,067170,오텍
theme,76,여름,027710,팜스토리
theme,76,여름,136480,하림
theme,76,여름,035810,이지홀딩스
theme,76,여름,042110,에스씨디
theme,76,여름,025860,남해화학
theme,76,여름,088910,동우팜투테이블
theme,76,여름,060310,3S
theme,76,여름,000890,보해양조
theme,76,여름,021240,코웨이
theme,76,여름,000080,하이트진로
theme,76,여름,044340,위닉스
theme,76,여름,051900,LG생활건강
theme,76,여름,005180,빙그레
theme,76,여름,276730,한울앤제주
theme,76,여름,284740,쿠쿠홈시스
theme,76,여름,027740,마니커
theme,76,여름,043340,에쎈테크
theme,76,여름,037070,파세코
theme,76,여름,006890,태경케미컬
theme,76,여름,001550,조비
theme,76,여름,005300,롯데칠성
theme,76,여름,001530,DI동일
theme,76,여름,280360,롯데웰푸드
theme,76,여름,071840,롯데하이마트
theme,76,여름,267790,배럴
theme,86,"주류업(주정, 에탄올 등)",000890,보해양조
theme,86,"주류업(주정, 에탄올 등)",000080,하이트진로
theme,86,"주류업(주정, 에탄올 등)",017890,한국알콜
theme,86,"주류업(주정, 에탄올 등)",276730,한울앤제주
theme,86,"주류업(주정, 에탄올 등)",004650,창해에탄올
theme,86,"주류업(주정, 에탄올 등)",043650,국순당
theme,86,"주류업(주정, 에탄올 등)",023150,MH에탄올
theme,86,"주류업(주정, 에탄올 등)",005300,롯데칠성
theme,86,"주류업(주정, 에탄올 등)",023900,풍국주정
theme,86,"주류업(주정, 에탄올 등)",405920,나라셀라
theme,86,"주류업(주정, 에탄올 등)",033920,무학
theme,86,"주류업(주정, 에탄올 등)",000140,하이트진로홀딩스
theme,86,"주류업(주정, 에탄올 등)",018120,진로발효
theme,402,아스콘(아스팔트 콘크리트),255220,SG
theme,402,아스콘(아스팔트 콘크리트),023410,유진기업
theme,402,아스콘(아스팔트 콘크리트),031820,아이티센씨티에스
theme,402,아스콘(아스팔트 콘크리트),048830,엔피케이
theme,402,아스콘(아스팔트 콘크리트),004090,한국석유
theme,402,아스콘(아스팔트 콘크리트),014530,극동유화
theme,402,아스콘(아스팔트 콘크리트),225530,HC보광산업
theme,402,아스콘(아스팔트 콘크리트),013810,스페코
theme,402,아스콘(아스팔트 콘크리트),060560,HC홈센타
theme,204,비료,025860,남해화학
theme,204,비료,001390,KG케미칼
theme,204,비료,014580,태경비케이
theme,204,비료,033250,체시스
theme,204,비료,004000,롯데정밀화학
theme,204,비료,001550,조비
theme,204,비료,054050,NH농우바이오
theme,204,비료,014830,유니드
theme,204,비료,332290,누보
theme,204,비료,097870,효성오앤비
theme,496,골프,025980,아난티
theme,496,골프,308100,형지글로벌
theme,496,골프,081660,미스토홀딩스
theme,496,골프,019010,베뉴지
theme,496,골프,069640,한세엠케이
theme,496,골프,070960,모나용평
theme,496,골프,300120,라온피플
theme,496,골프,067900,와이엔텍
theme,496,골프,100120,뷰웍스
theme,496,골프,122450,KX
theme,496,골프,215000,골프존
theme,496,골프,365900,브이씨
theme,496,골프,121440,골프존홀딩스
theme,496,골프,111710,남화산업
theme,496,골프,110790,크리스에프앤씨
theme,241,바이오시밀러(복제 바이오의약품),000250,삼천당제약
theme,241,바이오시밀러(복제 바이오의약품),007460,에이프로젠
theme,241,바이오시밀러(복제 바이오의약품),196170,알테오젠
theme,241,바이오시밀러(복제 바이오의약품),009420,한올바이오파마
theme,241,바이오시밀러(복제 바이오의약품),068270,셀트리온
theme,241,바이오시밀러(복제 바이오의약품),003060,에이프로젠바이오로직스
theme,241,바이오시밀러(복제 바이오의약품),003850,보령
theme,241,바이오시밀러(복제 바이오의약품),051910,LG화학
theme,241,바이오시밀러(복제 바이오의약품),128940,한미약품
theme,241,바이오시밀러(복제 바이오의약품),086890,이수앱지스
theme,241,바이오시밀러(복제 바이오의약품),068760,셀트리온제약
theme,241,바이오시밀러(복제 바이오의약품),053030,바이넥스
theme,241,바이오시밀러(복제 바이오의약품),950210,프레스티지바이오파마
theme,241,바이오시밀러(복제 바이오의약품),0126Z0,삼성에피스홀딩스
theme,241,바이오시밀러(복제 바이오의약품),006280,녹십자
theme,241,바이오시밀러(복제 바이오의약품),334970,프레스티지바이오로직스
theme,241,바이오시밀러(복제 바이오의약품),185750,종근당
theme,241,바이오시밀러(복제 바이오의약품),069620,대웅제약
theme,241,바이오시밀러(복제 바이오의약품),170900,동아에스티
theme,241,바이오시밀러(복제 바이오의약품),222110,팬젠
theme,241,바이오시밀러(복제 바이오의약품),067370,선바이오
theme,389,면역항암제,299660,셀리드
theme,389,면역항암제,095700,제넥신
theme,389,면역항암제,028300,HLB
theme,389,면역항암제,224060,더코디
theme,389,면역항암제,215600,신라젠
theme,389,면역항암제,084990,헬릭스미스
theme,389,면역항암제,424870,이뮨온시아
theme,389,면역항암제,950220,네오이뮨텍
theme,389,면역항암제,298380,에이비엘바이오
theme,389,면역항암제,141080,리가켐바이오
theme,389,면역항암제,358570,지아이이노베이션
theme,389,면역항암제,493280,아이엠바이오로직스
theme,389,면역항암제,397030,에이프릴바이오
theme,389,면역항암제,174900,앱클론
theme,389,면역항암제,291650,츌립앤사이언스
theme,389,면역항암제,235980,메드팩토
theme,389,면역항암제,000100,유한양행
theme,389,면역항암제,085660,차바이오텍
theme,389,면역항암제,039200,오스코텍
theme,389,면역항암제,0009K0,에임드바이오
theme,389,면역항암제,321550,티움바이오
theme,389,면역항암제,323990,박셀바이오
theme,389,면역항암제,115180,큐리언트
theme,389,면역항암제,086890,이수앱지스
theme,389,면역항암제,144510,지씨셀
theme,389,면역항암제,308080,바이젠셀
theme,389,면역항암제,052020,에스티큐브
theme,389,면역항암제,293780,압타바이오
theme,389,면역항암제,083790,CG인바이츠
theme,389,면역항암제,0082N0,카나프테라퓨틱스
theme,389,면역항암제,378800,샤페론
theme,389,면역항암제,001540,안국약품
theme,389,면역항암제,365270,큐라클
theme,389,면역항암제,338840,와이바이오로직스
theme,389,면역항암제,170900,동아에스티
theme,389,면역항암제,195990,루트K
theme,232,미디어(방송/신문),310200,애니플러스
theme,232,미디어(방송/신문),127710,아시아경제
theme,232,미디어(방송/신문),040300,YTN
theme,232,미디어(방송/신문),053210,스카이라이프
theme,232,미디어(방송/신문),035760,CJ ENM
theme,232,미디어(방송/신문),036420,콘텐트리중앙
theme,232,미디어(방송/신문),052220,iMBC
theme,232,미디어(방송/신문),033130,디지틀조선
theme,232,미디어(방송/신문),058400,KNN
theme,232,미디어(방송/신문),033830,티비씨
theme,232,미디어(방송/신문),034120,SBS
theme,232,미디어(방송/신문),039340,한국경제TV
theme,284,기업인수목적회사(SPAC),469900,하나31호스팩
theme,284,기업인수목적회사(SPAC),469480,IBKS제24호스팩
theme,284,기업인수목적회사(SPAC),474660,신한제12호스팩
theme,284,기업인수목적회사(SPAC),498390,한화플러스제5호스팩
theme,284,기업인수목적회사(SPAC),0200G0,한국제17호스팩
theme,284,기업인수목적회사(SPAC),0209J0,KB제34호스팩
theme,284,기업인수목적회사(SPAC),0099X0,IBKS제25호스팩
theme,284,기업인수목적회사(SPAC),475240,하나32호스팩
theme,284,기업인수목적회사(SPAC),486630,KB제30호스팩
theme,284,기업인수목적회사(SPAC),0197V0,엔에이치스팩34호
theme,284,기업인수목적회사(SPAC),487720,키움제10호스팩
theme,284,기업인수목적회사(SPAC),474930,신한제13호스팩
theme,284,기업인수목적회사(SPAC),0098T0,교보19호스팩
theme,284,기업인수목적회사(SPAC),477380,미래에셋비전스팩4호
theme,284,기업인수목적회사(SPAC),0093G0,미래에셋비전스팩8호
theme,284,기업인수목적회사(SPAC),478390,KB제29호스팩
theme,284,기업인수목적회사(SPAC),492220,KB제31호스팩
theme,284,기업인수목적회사(SPAC),0041L0,하나35호스팩
theme,284,기업인수목적회사(SPAC),489210,교보17호스팩
theme,284,기업인수목적회사(SPAC),0164H0,한국제16호스팩
theme,284,기업인수목적회사(SPAC),0037T0,KB제32호스팩
theme,284,기업인수목적회사(SPAC),0072Z0,KB제33호스팩
theme,284,기업인수목적회사(SPAC),0096B0,삼성스팩12호
theme,284,기업인수목적회사(SPAC),0165X0,메리츠제2호스팩
theme,284,기업인수목적회사(SPAC),0097F0,미래에셋비전스팩10호
theme,284,기업인수목적회사(SPAC),0115H0,삼성스팩13호
theme,284,기업인수목적회사(SPAC),477470,미래에셋비전스팩5호
theme,284,기업인수목적회사(SPAC),0131D0,키움히어로제2호스팩
theme,284,기업인수목적회사(SPAC),0130D0,신한제17호스팩
theme,284,기업인수목적회사(SPAC),487830,신한제15호스팩
theme,284,기업인수목적회사(SPAC),493790,유안타제17호스팩
theme,284,기업인수목적회사(SPAC),489730,디비금융제13호스팩
theme,284,기업인수목적회사(SPAC),477340,에이치엠씨제7호스팩
theme,284,기업인수목적회사(SPAC),0134X0,대신밸런스제20호스팩
theme,284,기업인수목적회사(SPAC),0068Y0,비엔케이제3호스팩
theme,284,기업인수목적회사(SPAC),481890,엔에이치스팩31호
theme,284,기업인수목적회사(SPAC),496070,신한제16호스팩
theme,284,기업인수목적회사(SPAC),475250,하나33호스팩
theme,284,기업인수목적회사(SPAC),477760,DB금융스팩12호
theme,284,기업인수목적회사(SPAC),0044K0,삼성스팩10호
theme,284,기업인수목적회사(SPAC),0004Y0,디비금융제14호스팩
theme,284,기업인수목적회사(SPAC),0041B0,교보18호스팩
theme,284,기업인수목적회사(SPAC),0130H0,엔에이치스팩33호
theme,284,기업인수목적회사(SPAC),0096D0,미래에셋비전스팩9호
theme,284,기업인수목적회사(SPAC),0099W0,미래에셋비전스팩11호
theme,284,기업인수목적회사(SPAC),0041J0,엘에스스팩1호
theme,284,기업인수목적회사(SPAC),466690,키움히어로제1호스팩
theme,284,기업인수목적회사(SPAC),479880,한국제15호스팩
theme,284,기업인수목적회사(SPAC),487360,신한제14호스팩
theme,284,기업인수목적회사(SPAC),484130,하나34호스팩
theme,284,기업인수목적회사(SPAC),474490,유안타제16호스팩
theme,284,기업인수목적회사(SPAC),0054V0,엔에이치스팩32호
theme,284,기업인수목적회사(SPAC),473000,에스케이증권제12호스팩
theme,284,기업인수목적회사(SPAC),0129K0,신한제18호스팩
theme,284,기업인수목적회사(SPAC),0101C0,하나36호스팩
theme,284,기업인수목적회사(SPAC),0105P0,유진스팩12호
theme,284,기업인수목적회사(SPAC),0088D0,메리츠제1호스팩
theme,284,기업인수목적회사(SPAC),0132G0,교보20호스팩
theme,284,기업인수목적회사(SPAC),0091W0,신영스팩11호
theme,284,기업인수목적회사(SPAC),478110,이베스트스팩6호
theme,284,기업인수목적회사(SPAC),473950,에스케이증권제13호스팩
theme,284,기업인수목적회사(SPAC),482690,대신밸런스제19호스팩
theme,284,기업인수목적회사(SPAC),482520,교보16호스팩
theme,284,기업인수목적회사(SPAC),482680,미래에셋비전스팩7호
theme,284,기업인수목적회사(SPAC),468760,유진스팩10호
theme,284,기업인수목적회사(SPAC),489480,키움제11호스팩
theme,290,"스포츠행사 수혜(올림픽, 월드컵 등)",027710,팜스토리
theme,290,"스포츠행사 수혜(올림픽, 월드컵 등)",136480,하림
theme,290,"스포츠행사 수혜(올림픽, 월드컵 등)",035810,이지홀딩스
theme,290,"스포츠행사 수혜(올림픽, 월드컵 등)",065150,대산F&B
theme,290,"스포츠행사 수혜(올림픽, 월드컵 등)",088910,동우팜투테이블
theme,290,"스포츠행사 수혜(올림픽, 월드컵 등)",000080,하이트진로
theme,290,"스포츠행사 수혜(올림픽, 월드컵 등)",027740,마니커
theme,290,"스포츠행사 수혜(올림픽, 월드컵 등)",067160,SOOP
theme,290,"스포츠행사 수혜(올림픽, 월드컵 등)",000140,하이트진로홀딩스
theme,290,"스포츠행사 수혜(올림픽, 월드컵 등)",034120,SBS
theme,16,구제역/광우병 수혜,005860,한일사료
theme,16,구제역/광우병 수혜,027710,팜스토리
theme,16,구제역/광우병 수혜,136480,하림
theme,16,구제역/광우병 수혜,035810,이지홀딩스
theme,16,구제역/광우병 수혜,088910,동우팜투테이블
theme,16,구제역/광우병 수혜,011150,CJ씨푸드
theme,16,구제역/광우병 수혜,003680,한성기업
theme,16,구제역/광우병 수혜,014580,태경비케이
theme,16,구제역/광우병 수혜,030720,동원수산
theme,16,구제역/광우병 수혜,027740,마니커
theme,16,구제역/광우병 수혜,006040,동원산업
theme,16,구제역/광우병 수혜,018620,우진비앤지
theme,16,구제역/광우병 수혜,004970,신라교역
theme,16,구제역/광우병 수혜,208140,정다운
theme,16,구제역/광우병 수혜,036480,대성미생물
theme,16,구제역/광우병 수혜,006090,사조오양
theme,16,구제역/광우병 수혜,007160,사조산업
theme,16,구제역/광우병 수혜,003960,사조대림
theme,16,구제역/광우병 수혜,006980,우성
theme,265,모바일게임(스마트폰),348030,모비릭스
theme,265,모바일게임(스마트폰),201490,미투온
theme,265,모바일게임(스마트폰),101730,위메이드맥스
theme,265,모바일게임(스마트폰),225570,넥슨게임즈
theme,265,모바일게임(스마트폰),035420,NAVER
theme,265,모바일게임(스마트폰),036570,NC
theme,265,모바일게임(스마트폰),293490,카카오게임즈
theme,265,모바일게임(스마트폰),067000,조이시티
theme,265,모바일게임(스마트폰),208640,썸에이지
theme,265,모바일게임(스마트폰),251270,넷마블
theme,265,모바일게임(스마트폰),263750,펄어비스
theme,265,모바일게임(스마트폰),112040,위메이드
theme,265,모바일게임(스마트폰),123420,위메이드플레이
theme,265,모바일게임(스마트폰),192080,더블유게임즈
theme,265,모바일게임(스마트폰),193250,링크드
theme,265,모바일게임(스마트폰),181710,NHN
theme,265,모바일게임(스마트폰),069080,웹젠
theme,265,모바일게임(스마트폰),259960,크래프톤
theme,265,모바일게임(스마트폰),205500,넥써쓰
theme,265,모바일게임(스마트폰),078340,컴투스
theme,265,모바일게임(스마트폰),217270,넵튠
theme,265,모바일게임(스마트폰),047560,이스트소프트
theme,265,모바일게임(스마트폰),052790,액토즈소프트
theme,265,모바일게임(스마트폰),204610,티쓰리
theme,265,모바일게임(스마트폰),095660,네오위즈
theme,265,모바일게임(스마트폰),094860,네오리진
theme,265,모바일게임(스마트폰),047080,한빛소프트
theme,265,모바일게임(스마트폰),194480,데브시스터즈
theme,265,모바일게임(스마트폰),462870,시프트업
theme,265,모바일게임(스마트폰),042420,네오위즈홀딩스
theme,265,모바일게임(스마트폰),207760,미스터블루
theme,265,모바일게임(스마트폰),023770,플레이위드
theme,265,모바일게임(스마트폰),331520,밸로프
theme,265,모바일게임(스마트폰),950190,고스트스튜디오
theme,265,모바일게임(스마트폰),058630,엠게임
theme,265,모바일게임(스마트폰),063080,컴투스홀딩스
theme,449,2차전지(생산),096770,SK이노베이션
theme,449,2차전지(생산),006400,삼성SDI
theme,449,2차전지(생산),373220,LG에너지솔루션
theme,136,소매유통,452260,한화갤러리아
theme,136,소매유통,069920,엑시온그룹
theme,136,소매유통,051160,지어소프트
theme,136,소매유통,023530,롯데쇼핑
theme,136,소매유통,069960,현대백화점
theme,136,소매유통,008770,호텔신라
theme,136,소매유통,035080,그래디언트
theme,136,소매유통,139480,이마트
theme,136,소매유통,004170,신세계
theme,136,소매유통,035760,CJ ENM
theme,136,소매유통,006370,대구백화점
theme,136,소매유통,362320,청담글로벌
theme,136,소매유통,007070,GS리테일
theme,136,소매유통,282330,BGF리테일
theme,136,소매유통,067830,세이브존I&C
theme,136,소매유통,415380,스튜디오삼익
theme,136,소매유통,037710,광주신세계
theme,136,소매유통,342870,오아
theme,136,소매유통,071840,롯데하이마트
theme,317,SNS(소셜네트워크서비스),035720,카카오
theme,317,SNS(소셜네트워크서비스),065440,이루온
theme,317,SNS(소셜네트워크서비스),035420,NAVER
theme,317,SNS(소셜네트워크서비스),094480,갤럭시아머니트리
theme,317,SNS(소셜네트워크서비스),104200,NHN벅스
theme,317,SNS(소셜네트워크서비스),064800,포니링크
theme,317,SNS(소셜네트워크서비스),067160,SOOP
theme,317,SNS(소셜네트워크서비스),072130,유엔젤
theme,317,SNS(소셜네트워크서비스),079940,가비아
theme,317,SNS(소셜네트워크서비스),039290,인포뱅크
theme,302,음성인식,035720,카카오
theme,302,음성인식,035420,NAVER
theme,302,음성인식,108860,셀바스AI
theme,302,음성인식,012330,현대모비스
theme,302,음성인식,039010,현대에이치티
theme,302,음성인식,078890,가온그룹
theme,302,음성인식,091700,파트론
theme,302,음성인식,064480,브리지텍
theme,302,음성인식,015710,코콤
theme,302,음성인식,279600,미디어젠
theme,302,음성인식,038950,파인디지털
theme,197,폐기물처리,009410,태영건설
theme,197,폐기물처리,004150,한솔홀딩스
theme,197,폐기물처리,011370,서한
theme,197,폐기물처리,067900,와이엔텍
theme,197,폐기물처리,060150,인선이엔티
theme,66,줄기세포,005690,파미셀
theme,66,줄기세포,067630,HLB생명과학
theme,66,줄기세포,217730,강스템바이오텍
theme,66,줄기세포,085660,차바이오텍
theme,66,줄기세포,271980,제일약품
theme,66,줄기세포,007390,네이처셀
theme,66,줄기세포,006620,동구바이오제약
theme,66,줄기세포,166480,코아스템켐온
theme,66,줄기세포,065660,안트로젠
theme,66,줄기세포,078160,메디포스트
theme,66,줄기세포,456070,이엔셀
theme,66,줄기세포,373110,엑셀세라퓨틱스
theme,66,줄기세포,038290,마크로젠
theme,66,줄기세포,118000,메타케어
theme,66,줄기세포,086820,바이오솔루션
theme,66,줄기세포,304360,에스바이오메딕스
theme,66,줄기세포,298060,풍전약품
theme,66,줄기세포,191420,테고사이언스
theme,566,딥페이크(deepfake),042510,라온시큐어
theme,566,딥페이크(deepfake),411080,샌즈랩
theme,566,딥페이크(deepfake),443670,에스피소프트
theme,566,딥페이크(deepfake),456010,아이씨티케이
theme,566,딥페이크(deepfake),355390,크라우드웍스
theme,566,딥페이크(deepfake),347860,알체라
theme,566,딥페이크(deepfake),150900,파수AI
theme,566,딥페이크(deepfake),340810,시선AI
theme,566,딥페이크(deepfake),047560,이스트소프트
theme,566,딥페이크(deepfake),330730,스톤브릿지벤처스
theme,566,딥페이크(deepfake),047080,한빛소프트
theme,566,딥페이크(deepfake),075130,플랜티넷
theme,566,딥페이크(deepfake),197140,디지캡
theme,566,딥페이크(deepfake),476080,M83
theme,400,조림사업,009580,무림P&P
theme,400,조림사업,039020,이건홀딩스
theme,400,조림사업,034730,SK
theme,400,조림사업,008250,이건산업
theme,400,조림사업,025750,한솔홈데코
theme,400,조림사업,002820,SUN&L
theme,400,조림사업,137950,제이씨케미칼
theme,400,조림사업,043910,자연과환경
theme,400,조림사업,000180,성창기업지주
theme,400,조림사업,025950,동신건설
theme,400,조림사업,097870,효성오앤비
theme,28,CCTV＆DVR,489790,한화비전
theme,28,CCTV＆DVR,331380,포커스에이아이
theme,28,CCTV＆DVR,092600,앤씨앤
theme,28,CCTV＆DVR,054220,비츠로시스
theme,28,CCTV＆DVR,015710,코콤
theme,28,CCTV＆DVR,143160,아이디스
theme,28,CCTV＆DVR,083640,인콘
theme,504,요소수,047400,유니온머티리얼
theme,504,요소수,001390,KG케미칼
theme,504,요소수,000910,유니온
theme,504,요소수,069260,TKG휴켐스
theme,504,요소수,004000,롯데정밀화학
theme,585,김밥(냉동김밥 등),011150,CJ씨푸드
theme,585,김밥(냉동김밥 등),003680,한성기업
theme,585,김밥(냉동김밥 등),103840,우양
theme,585,김밥(냉동김밥 등),276730,한울앤제주
theme,585,김밥(냉동김밥 등),017810,풀무원
theme,585,김밥(냉동김밥 등),003960,사조대림
theme,289,증강현실(AR),036570,NC
theme,289,증강현실(AR),418420,라온텍
theme,289,증강현실(AR),377030,비트맥스
theme,289,증강현실(AR),274400,이노시뮬레이션
theme,289,증강현실(AR),094170,동운아나텍
theme,289,증강현실(AR),054450,텔레칩스
theme,289,증강현실(AR),054210,이랜텍
theme,289,증강현실(AR),038680,에스넷
theme,289,증강현실(AR),190510,나무가
theme,289,증강현실(AR),078890,가온그룹
theme,289,증강현실(AR),053450,세코닉스
theme,289,증강현실(AR),064800,포니링크
theme,289,증강현실(AR),206560,덱스터
theme,289,증강현실(AR),452430,사피엔반도체
theme,289,증강현실(AR),431190,케이쓰리아이
theme,289,증강현실(AR),438700,버넥트
theme,289,증강현실(AR),084730,팅크웨어
theme,289,증강현실(AR),290520,신도기연
theme,289,증강현실(AR),058630,엠게임
theme,289,증강현실(AR),016670,디모아
theme,42,게임,201490,미투온
theme,42,게임,101730,위메이드맥스
theme,42,게임,225570,넥슨게임즈
theme,42,게임,035420,NAVER
theme,42,게임,036570,NC
theme,42,게임,293490,카카오게임즈
theme,42,게임,067000,조이시티
theme,42,게임,251270,넷마블
theme,42,게임,263750,펄어비스
theme,42,게임,112040,위메이드
theme,42,게임,192080,더블유게임즈
theme,42,게임,181710,NHN
theme,42,게임,069080,웹젠
theme,42,게임,259960,크래프톤
theme,42,게임,205500,넥써쓰
theme,42,게임,078340,컴투스
theme,42,게임,217270,넵튠
theme,42,게임,048910,대원미디어
theme,42,게임,047560,이스트소프트
theme,42,게임,066910,손오공
theme,42,게임,052790,액토즈소프트
theme,42,게임,204610,티쓰리
theme,42,게임,095660,네오위즈
theme,42,게임,094860,네오리진
theme,42,게임,047080,한빛소프트
theme,42,게임,462870,시프트업
theme,42,게임,042420,네오위즈홀딩스
theme,42,게임,023770,플레이위드
theme,42,게임,331520,밸로프
theme,42,게임,058630,엠게임
theme,343,인터넷은행,042510,라온시큐어
theme,343,인터넷은행,203650,드림시큐리티
theme,343,인터넷은행,054920,한컴위드
theme,343,인터넷은행,088350,한화생명
theme,343,인터넷은행,035720,카카오
theme,343,인터넷은행,053300,한국정보인증
theme,343,인터넷은행,105560,KB금융
theme,343,인터넷은행,323410,카카오뱅크
theme,343,인터넷은행,005940,NH투자증권
theme,343,인터넷은행,205100,엑셈
theme,343,인터넷은행,067920,이글루
theme,343,인터넷은행,279570,케이뱅크
theme,343,인터넷은행,030200,KT
theme,343,인터넷은행,071050,한국금융지주
theme,343,인터넷은행,131370,알서포트
theme,343,인터넷은행,030190,NICE평가정보
theme,343,인터넷은행,053350,이니텍
theme,343,인터넷은행,007070,GS리테일
theme,343,인터넷은행,041460,한국전자인증
theme,343,인터넷은행,052400,코나아이
theme,343,인터넷은행,131090,시큐브
theme,343,인터넷은행,016450,한세예스24홀딩스
theme,343,인터넷은행,100030,인지소프트
theme,343,인터넷은행,046440,KG파이낸셜
theme,343,인터넷은행,064480,브리지텍
theme,343,인터넷은행,035600,KG이니시스
theme,343,인터넷은행,053280,예스24
theme,343,인터넷은행,039290,인포뱅크
theme,343,인터넷은행,115310,인포바인
theme,27,자동차부품,012210,삼미금속
theme,27,자동차부품,015260,에이엔피
theme,27,자동차부품,018880,한온시스템
theme,27,자동차부품,024840,KBI메탈
theme,27,자동차부품,396300,HT로보틱스
theme,27,자동차부품,125490,한라캐스트
theme,27,자동차부품,263600,덕우전자
theme,27,자동차부품,012860,모베이스전자
theme,27,자동차부품,008350,남선알미늄
theme,27,자동차부품,437730,삼현
theme,27,자동차부품,010580,에스엠벡셀
theme,27,자동차부품,122350,삼기
theme,27,자동차부품,126640,화신정공
theme,27,자동차부품,204320,HL만도
theme,27,자동차부품,012200,계양전기
theme,27,자동차부품,065500,오리엔트정공
theme,27,자동차부품,107640,한중엔시에스
theme,27,자동차부품,0010F0,보원케미칼
theme,27,자동차부품,354320,알멕
theme,27,자동차부품,008830,대동기어
theme,27,자동차부품,004100,태양금속
theme,27,자동차부품,011070,LG이노텍
theme,27,자동차부품,092200,디아이씨
theme,27,자동차부품,036170,에이치엠넥스
theme,27,자동차부품,025320,시노펙스
theme,27,자동차부품,047400,유니온머티리얼
theme,27,자동차부품,126600,BGF에코머티리얼즈
theme,27,자동차부품,006660,삼성공조
theme,27,자동차부품,012330,현대모비스
theme,27,자동차부품,018500,동원모빌리티
theme,27,자동차부품,085910,네오티스
theme,27,자동차부품,198080,캐프
theme,27,자동차부품,0004V0,엔비알모션
theme,27,자동차부품,101330,모베이스
theme,27,자동차부품,310870,디와이씨
theme,27,자동차부품,123040,엠에스오토텍
theme,27,자동차부품,009900,명신산업
theme,27,자동차부품,015750,성우하이텍
theme,27,자동차부품,010690,화신
theme,27,자동차부품,007340,DN오토모티브
theme,27,자동차부품,191410,육일씨엔에쓰
theme,27,자동차부품,212560,네오오토
theme,27,자동차부품,067570,엔브이에이치코리아
theme,27,자동차부품,002920,유성기업
theme,27,자동차부품,024740,한일단조
theme,27,자동차부품,000430,대원강업
theme,27,자동차부품,193250,링크드
theme,27,자동차부품,053700,삼보모터스
theme,27,자동차부품,090080,평화산업
theme,27,자동차부품,019180,티에이치엔
theme,27,자동차부품,038110,에코플라스틱
theme,27,자동차부품,066590,스모트로닉
theme,27,자동차부품,013310,아진산업
theme,27,자동차부품,118990,모트렉스
theme,27,자동차부품,091700,파트론
theme,27,자동차부품,003570,SNT다이내믹스
theme,27,자동차부품,123410,코리아에프티
theme,27,자동차부품,130500,GH신소재
theme,27,자동차부품,053060,세동
theme,27,자동차부품,033250,체시스
theme,27,자동차부품,113810,디젠스
theme,27,자동차부품,458650,성우
theme,27,자동차부품,010100,한국무브넥스
theme,27,자동차부품,448900,한국피아이엠
theme,27,자동차부품,011210,현대위아
theme,27,자동차부품,024900,디와이덕양
theme,27,자동차부품,128540,에코캡
theme,27,자동차부품,119500,포메탈
theme,27,자동차부품,011320,유니크
theme,27,자동차부품,049070,인탑스
theme,27,자동차부품,031510,오스템
theme,27,자동차부품,009320,아진전자부품
theme,27,자동차부품,271940,일진하이솔루스
theme,27,자동차부품,463480,모티브링크
theme,27,자동차부품,092780,DYP
theme,27,자동차부품,089470,HDC현대EP
theme,27,자동차부품,012280,영화금속
theme,27,자동차부품,024880,케이피에프
theme,27,자동차부품,005850,에스엘
theme,27,자동차부품,336680,탑런토탈솔루션
theme,27,자동차부품,064960,SNT모티브
theme,27,자동차부품,105330,케이엔더블유
theme,27,자동차부품,078590,휴림에이텍
theme,27,자동차부품,101930,인화정공
theme,27,자동차부품,024910,경창산업
theme,27,자동차부품,016740,두올
theme,27,자동차부품,005710,대원산업
theme,27,자동차부품,013720,청보
theme,27,자동차부품,122690,서진오토모티브
theme,27,자동차부품,013570,디와이
theme,27,자동차부품,170030,현대공업
theme,27,자동차부품,080470,성창오토텍
theme,27,자동차부품,010660,화천기계
theme,27,자동차부품,023800,인지컨트롤스
theme,27,자동차부품,033530,SJG세종
theme,27,자동차부품,075180,새론오토모티브
theme,27,자동차부품,215360,우리산업
theme,27,자동차부품,214330,금호에이치티
theme,27,자동차부품,043370,피에이치에이
theme,27,자동차부품,105550,엣지파운드리
theme,27,자동차부품,200880,서연이화
theme,27,자동차부품,001420,태원물산
theme,27,자동차부품,104040,디에스엠
theme,27,자동차부품,041930,SY동아
theme,27,자동차부품,048430,유라테크
theme,27,자동차부품,001620,케이비아이동국실업
theme,27,자동차부품,097780,에코볼트
theme,27,자동차부품,025540,한국단자
theme,27,자동차부품,014440,영보화학
theme,27,자동차부품,024830,세원물산
theme,27,자동차부품,241690,유니테크노
theme,27,자동차부품,198940,한주라이트메탈
theme,27,자동차부품,123700,SJM
theme,27,자동차부품,108670,LX하우시스
theme,27,자동차부품,051490,나라엠앤디
theme,27,자동차부품,009680,모토닉
theme,27,자동차부품,021820,세원정공
theme,27,자동차부품,130740,티피씨글로벌
theme,27,자동차부품,019540,일지테크
theme,27,자동차부품,265560,영화테크
theme,27,자동차부품,020400,대동금속
theme,27,자동차부품,234100,폴라리스세원
theme,27,자동차부품,023000,삼원강재
theme,27,자동차부품,040610,SG&G
theme,27,자동차부품,088290,이원컴포텍
theme,27,자동차부품,007530,와이엠
theme,27,자동차부품,298050,HS효성첨단소재
theme,27,자동차부품,196700,웹스
theme,27,자동차부품,024120,KB오토시스
theme,27,자동차부품,378850,화승알앤에이
theme,27,자동차부품,060980,HL홀딩스
theme,27,자동차부품,002880,디와이에이
theme,27,자동차부품,308170,씨티알모빌리티
theme,27,자동차부품,053270,구영테크
theme,27,자동차부품,017370,우신시스템
theme,27,자동차부품,069510,에스텍
theme,27,자동차부품,012160,영흥
theme,27,자동차부품,013870,지엠비코리아
theme,27,자동차부품,093380,풍강
theme,27,자동차부품,019770,서연탑메탈
theme,27,자동차부품,290120,DH오토리드
theme,27,자동차부품,023810,인팩
theme,27,자동차부품,041650,상신브레이크
theme,27,자동차부품,071850,캐스텍코리아
theme,27,자동차부품,090150,아이윈
theme,27,자동차부품,025440,DH오토웨어
theme,27,자동차부품,208860,다산디엠씨
theme,27,자동차부품,001380,SG글로벌
theme,322,건설 중소형,002990,금호건설
theme,322,건설 중소형,009410,태영건설
theme,322,건설 중소형,035890,서희건설
theme,322,건설 중소형,013700,까뮤이앤씨
theme,322,건설 중소형,013360,일성건설
theme,322,건설 중소형,091590,남화토건
theme,322,건설 중소형,013120,동원개발
theme,322,건설 중소형,002780,진흥기업
theme,322,건설 중소형,046940,우원개발
theme,322,건설 중소형,014790,HL D&I
theme,322,건설 중소형,007680,대원
theme,322,건설 중소형,001260,남광토건
theme,322,건설 중소형,004960,한신공영
theme,322,건설 중소형,042940,상지건설
theme,322,건설 중소형,005960,동부건설
theme,322,건설 중소형,017000,신원종합개발
theme,322,건설 중소형,011370,서한
theme,322,건설 중소형,010960,삼호개발
theme,322,건설 중소형,013580,계룡건설
theme,322,건설 중소형,010780,아이에스동서
theme,322,건설 중소형,021320,KCC건설
theme,322,건설 중소형,025950,동신건설
theme,322,건설 중소형,003070,코오롱글로벌
theme,322,건설 중소형,002290,삼일기업공사
theme,322,건설 중소형,016250,SGC E&C
theme,322,건설 중소형,002460,HS화성
theme,571,밸류업(25년 기업가치 제고계획 발표),003490,대한항공
theme,571,밸류업(25년 기업가치 제고계획 발표),067310,하나마이크론
theme,571,밸류업(25년 기업가치 제고계획 발표),316140,우리금융지주
theme,571,밸류업(25년 기업가치 제고계획 발표),007660,이수페타시스
theme,571,밸류업(25년 기업가치 제고계획 발표),402340,SK스퀘어
theme,571,밸류업(25년 기업가치 제고계획 발표),000720,현대건설
theme,571,밸류업(25년 기업가치 제고계획 발표),055550,신한지주
theme,571,밸류업(25년 기업가치 제고계획 발표),272210,한화시스템
theme,571,밸류업(25년 기업가치 제고계획 발표),319660,피에스케이
theme,571,밸류업(25년 기업가치 제고계획 발표),011200,HMM
theme,571,밸류업(25년 기업가치 제고계획 발표),042700,한미반도체
theme,571,밸류업(25년 기업가치 제고계획 발표),034230,파라다이스
theme,571,밸류업(25년 기업가치 제고계획 발표),047810,한국항공우주
theme,571,밸류업(25년 기업가치 제고계획 발표),000990,DB하이텍
theme,571,밸류업(25년 기업가치 제고계획 발표),010950,S-Oil
theme,571,밸류업(25년 기업가치 제고계획 발표),150900,파수AI
theme,571,밸류업(25년 기업가치 제고계획 발표),183300,코미코
theme,571,밸류업(25년 기업가치 제고계획 발표),078930,GS
theme,571,밸류업(25년 기업가치 제고계획 발표),290650,엘앤씨바이오
theme,571,밸류업(25년 기업가치 제고계획 발표),259630,엠플러스
theme,571,밸류업(25년 기업가치 제고계획 발표),175330,JB금융지주
theme,571,밸류업(25년 기업가치 제고계획 발표),192820,코스맥스
theme,571,밸류업(25년 기업가치 제고계획 발표),031980,피에스케이홀딩스
theme,571,밸류업(25년 기업가치 제고계획 발표),030200,KT
theme,571,밸류업(25년 기업가치 제고계획 발표),068270,셀트리온
theme,571,밸류업(25년 기업가치 제고계획 발표),035000,HS애드
theme,571,밸류업(25년 기업가치 제고계획 발표),056190,SFA
theme,571,밸류업(25년 기업가치 제고계획 발표),396270,넥스트칩
theme,571,밸류업(25년 기업가치 제고계획 발표),012450,한화에어로스페이스
theme,571,밸류업(25년 기업가치 제고계획 발표),016380,KG스틸
theme,571,밸류업(25년 기업가치 제고계획 발표),039200,오스코텍
theme,571,밸류업(25년 기업가치 제고계획 발표),128940,한미약품
theme,571,밸류업(25년 기업가치 제고계획 발표),005830,DB손해보험
theme,571,밸류업(25년 기업가치 제고계획 발표),001390,KG케미칼
theme,571,밸류업(25년 기업가치 제고계획 발표),071050,한국금융지주
theme,571,밸류업(25년 기업가치 제고계획 발표),161390,한국타이어앤테크놀로지
theme,571,밸류업(25년 기업가치 제고계획 발표),237690,에스티팜
theme,571,밸류업(25년 기업가치 제고계획 발표),008930,한미사이언스
theme,571,밸류업(25년 기업가치 제고계획 발표),051600,한전KPS
theme,571,밸류업(25년 기업가치 제고계획 발표),138040,메리츠금융지주
theme,571,밸류업(25년 기업가치 제고계획 발표),021240,코웨이
theme,571,밸류업(25년 기업가치 제고계획 발표),111770,영원무역
theme,571,밸류업(25년 기업가치 제고계획 발표),011780,금호석유화학
theme,571,밸류업(25년 기업가치 제고계획 발표),236200,슈프리마
theme,571,밸류업(25년 기업가치 제고계획 발표),078340,컴투스
theme,571,밸류업(25년 기업가치 제고계획 발표),139480,이마트
theme,571,밸류업(25년 기업가치 제고계획 발표),001060,JW중외제약
theme,571,밸류업(25년 기업가치 제고계획 발표),030190,NICE평가정보
theme,571,밸류업(25년 기업가치 제고계획 발표),200130,콜마비앤에이치
theme,571,밸류업(25년 기업가치 제고계획 발표),017890,한국알콜
theme,571,밸류업(25년 기업가치 제고계획 발표),064760,티씨케이
theme,571,밸류업(25년 기업가치 제고계획 발표),031210,서울보증보험
theme,571,밸류업(25년 기업가치 제고계획 발표),383220,F&F
theme,571,밸류업(25년 기업가치 제고계획 발표),234300,에스트래픽
theme,571,밸류업(25년 기업가치 제고계획 발표),271560,오리온
theme,571,밸류업(25년 기업가치 제고계획 발표),000810,삼성화재
theme,571,밸류업(25년 기업가치 제고계획 발표),004490,세방전지
theme,571,밸류업(25년 기업가치 제고계획 발표),282330,BGF리테일
theme,571,밸류업(25년 기업가치 제고계획 발표),376930,노을
theme,571,밸류업(25년 기업가치 제고계획 발표),001500,현대차증권
theme,571,밸류업(25년 기업가치 제고계획 발표),357780,솔브레인
theme,571,밸류업(25년 기업가치 제고계획 발표),180640,한진칼
theme,571,밸류업(25년 기업가치 제고계획 발표),003540,대신증권
theme,571,밸류업(25년 기업가치 제고계획 발표),003230,삼양식품
theme,571,밸류업(25년 기업가치 제고계획 발표),215200,메가스터디교육
theme,571,밸류업(25년 기업가치 제고계획 발표),014680,한솔케미칼
theme,571,밸류업(25년 기업가치 제고계획 발표),126560,현대퓨처넷
theme,571,밸류업(25년 기업가치 제고계획 발표),068930,디지털대성
theme,571,밸류업(25년 기업가치 제고계획 발표),024720,콜마홀딩스
theme,571,밸류업(25년 기업가치 제고계획 발표),328380,솔트웨어
theme,571,밸류업(25년 기업가치 제고계획 발표),054950,제이브이엠
theme,571,밸류업(25년 기업가치 제고계획 발표),014820,동원시스템즈
theme,571,밸류업(25년 기업가치 제고계획 발표),009970,영원무역홀딩스
theme,571,밸류업(25년 기업가치 제고계획 발표),004370,농심
theme,571,밸류업(25년 기업가치 제고계획 발표),017810,풀무원
theme,571,밸류업(25년 기업가치 제고계획 발표),122450,KX
theme,571,밸류업(25년 기업가치 제고계획 발표),001530,DI동일
theme,571,밸류업(25년 기업가치 제고계획 발표),090850,현대이지웰
theme,571,밸류업(25년 기업가치 제고계획 발표),298020,효성티앤씨
theme,571,밸류업(25년 기업가치 제고계획 발표),241690,유니테크노
theme,571,밸류업(25년 기업가치 제고계획 발표),002380,KCC
theme,571,밸류업(25년 기업가치 제고계획 발표),033920,무학
theme,571,밸류업(25년 기업가치 제고계획 발표),124560,태웅로직스
theme,571,밸류업(25년 기업가치 제고계획 발표),221840,하이즈항공
theme,597,오가노이드,223250,드림씨아이에스
theme,597,오가노이드,217730,강스템바이오텍
theme,597,오가노이드,475960,토모큐브
theme,597,오가노이드,207940,삼성바이오로직스
theme,597,오가노이드,001060,JW중외제약
theme,597,오가노이드,246710,티앤알바이오팹
theme,597,오가노이드,068330,일신바이오
theme,597,오가노이드,476040,오가노이드사이언스
theme,325,종합상사,001250,GS글로벌
theme,325,종합상사,001740,SK네트웍스
theme,325,종합상사,047050,포스코인터내셔널
theme,325,종합상사,028260,삼성물산
theme,325,종합상사,001120,LX인터내셔널
theme,325,종합상사,011760,현대코퍼레이션
theme,325,종합상사,298020,효성티앤씨
theme,325,종합상사,003070,코오롱글로벌
theme,524,모듈러주택,006360,GS건설
theme,524,모듈러주택,005490,POSCO홀딩스
theme,524,모듈러주택,014280,금강공업
theme,524,모듈러주택,028260,삼성물산
theme,524,모듈러주택,109610,에스와이
theme,524,모듈러주택,475230,엔알비
theme,524,모듈러주택,004960,한신공영
theme,524,모듈러주택,043910,자연과환경
theme,524,모듈러주택,003070,코오롱글로벌
theme,524,모듈러주택,090410,덕신이피씨
theme,90,수산,011150,CJ씨푸드
theme,90,수산,003680,한성기업
theme,90,수산,030720,동원수산
theme,90,수산,006040,동원산업
theme,90,수산,014710,사조씨푸드
theme,90,수산,004970,신라교역
theme,90,수산,006090,사조오양
theme,90,수산,007160,사조산업
theme,90,수산,003960,사조대림
theme,176,도시가스,036460,한국가스공사
theme,176,도시가스,117580,대성에너지
theme,176,도시가스,053050,지에스이
theme,176,도시가스,015360,INVENI
theme,176,도시가스,267290,경동도시가스
theme,176,도시가스,017390,서울가스
theme,176,도시가스,004690,삼천리
theme,176,도시가스,034590,인천도시가스
theme,176,도시가스,016710,대성홀딩스
theme,63,제지,009580,무림P&P
theme,63,제지,078130,국일제지
theme,63,제지,002200,한국수출포장
theme,63,제지,002310,아세아제지
theme,63,제지,002870,신풍
theme,63,제지,001810,무림SP
theme,63,제지,001020,페이퍼코리아
theme,63,제지,004540,깨끗한나라
theme,63,제지,027970,한국제지
theme,63,제지,009460,한창제지
theme,63,제지,213500,한솔제지
theme,63,제지,009200,무림페이퍼
theme,63,제지,034810,해성산업
theme,63,제지,009770,삼정펄프
theme,174,치아 치료(임플란트 등),387690,레메디
theme,174,치아 치료(임플란트 등),052260,현대바이오랜드
theme,174,치아 치료(임플란트 등),039200,오스코텍
theme,174,치아 치료(임플란트 등),318060,그래피
theme,174,치아 치료(임플란트 등),226400,오스테오닉
theme,174,치아 치료(임플란트 등),039840,디오
theme,174,치아 치료(임플란트 등),448900,한국피아이엠
theme,174,치아 치료(임플란트 등),059210,메타바이오메드
theme,174,치아 치료(임플란트 등),138610,나이벡
theme,174,치아 치료(임플란트 등),261200,덴티스
theme,174,치아 치료(임플란트 등),043150,바텍
theme,174,치아 치료(임플란트 등),228670,레이
theme,174,치아 치료(임플란트 등),145720,덴티움
theme,174,치아 치료(임플란트 등),450330,하스
theme,174,치아 치료(임플란트 등),004080,신흥
theme,384,편의점,139480,이마트
theme,384,편의점,007070,GS리테일
theme,384,편의점,282330,BGF리테일
theme,384,편의점,004990,롯데지주
theme,384,편의점,024800,유성티엔에스
theme,31,환율하락 수혜,003490,대한항공
theme,31,환율하락 수혜,005880,대한해운
theme,31,환율하락 수혜,015760,한국전력
theme,31,환율하락 수혜,004020,현대제철
theme,31,환율하락 수혜,003010,혜인
theme,31,환율하락 수혜,103140,풍산
theme,31,환율하락 수혜,010950,S-Oil
theme,31,환율하락 수혜,002680,한탑
theme,31,환율하락 수혜,005490,POSCO홀딩스
theme,31,환율하락 수혜,000080,하이트진로
theme,31,환율하락 수혜,036460,한국가스공사
theme,31,환율하락 수혜,020560,아시아나항공
theme,31,환율하락 수혜,271560,오리온
theme,31,환율하락 수혜,097950,CJ제일제당
theme,31,환율하락 수혜,001790,대한제당
theme,31,환율하락 수혜,001680,대상
theme,31,환율하락 수혜,080160,모두투어
theme,31,환율하락 수혜,010130,고려아연
theme,31,환율하락 수혜,000070,삼양홀딩스
theme,31,환율하락 수혜,004370,농심
theme,31,환율하락 수혜,039130,하나투어
theme,31,환율하락 수혜,001130,대한제분
theme,31,환율하락 수혜,007310,오뚜기
theme,378,건설기계,012210,삼미금속
theme,378,건설기계,003010,혜인
theme,378,건설기계,267270,HD건설기계
theme,378,건설기계,017550,수산세보틱스
theme,378,건설기계,241560,두산밥캣
theme,378,건설기계,041440,현대에버다임
theme,378,건설기계,317850,대모
theme,378,건설기계,036890,진성티이씨
theme,378,건설기계,015230,대창단조
theme,378,건설기계,079900,전진건설로봇
theme,378,건설기계,210540,디와이파워
theme,378,건설기계,010240,흥국
theme,378,건설기계,109860,동일금속
theme,378,건설기계,053160,프리엠스
theme,378,건설기계,020400,대동금속
theme,378,건설기계,019770,서연탑메탈
theme,111,지주사,0220W0,한화머시너리앤서비스홀딩스
theme,111,지주사,042370,비츠로테크
theme,111,지주사,316140,우리금융지주
theme,111,지주사,030530,원익홀딩스
theme,111,지주사,003380,하림지주
theme,111,지주사,950250,테라뷰
theme,111,지주사,086520,에코프로
theme,111,지주사,138930,BNK금융지주
theme,111,지주사,402340,SK스퀘어
theme,111,지주사,055550,신한지주
theme,111,지주사,001230,동국홀딩스
theme,111,지주사,086790,하나금융지주
theme,111,지주사,105560,KB금융
theme,111,지주사,005250,녹십자홀딩스
theme,111,지주사,006260,LS
theme,111,지주사,012030,DB
theme,111,지주사,229640,LS에코에너지
theme,111,지주사,139130,iM금융지주
theme,111,지주사,078930,GS
theme,111,지주사,900140,엘브이엠씨홀딩스
theme,111,지주사,009540,HD한국조선해양
theme,111,지주사,175330,JB금융지주
theme,111,지주사,267250,HD현대
theme,111,지주사,028260,삼성물산
theme,111,지주사,005440,현대지에프홀딩스
theme,111,지주사,035810,이지홀딩스
theme,111,지주사,010060,OCI홀딩스
theme,111,지주사,002790,아모레퍼시픽홀딩스
theme,111,지주사,027410,BGF
theme,111,지주사,489790,한화비전
theme,111,지주사,001430,세아베스틸지주
theme,111,지주사,015860,일진홀딩스
theme,111,지주사,071050,한국금융지주
theme,111,지주사,039020,이건홀딩스
theme,111,지주사,034730,SK
theme,111,지주사,123040,엠에스오토텍
theme,111,지주사,007340,DN오토모티브
theme,111,지주사,000880,한화
theme,111,지주사,008930,한미사이언스
theme,111,지주사,138040,메리츠금융지주
theme,111,지주사,241560,두산밥캣
theme,111,지주사,003550,LG
theme,111,지주사,081660,미스토홀딩스
theme,111,지주사,008060,대덕
theme,111,지주사,016880,웅진
theme,111,지주사,000150,두산
theme,111,지주사,045970,코아시아
theme,111,지주사,001040,CJ
theme,111,지주사,096760,JW홀딩스
theme,111,지주사,036830,솔브레인홀딩스
theme,111,지주사,102260,동성케미컬
theme,111,지주사,383800,LX홀딩스
theme,111,지주사,006120,SK디스커버리
theme,111,지주사,004150,한솔홀딩스
theme,111,지주사,003090,대웅
theme,111,지주사,012320,경동인베스트
theme,111,지주사,100250,진양홀딩스
theme,111,지주사,001800,오리온홀딩스
theme,111,지주사,012630,HDC
theme,111,지주사,000210,DL
theme,111,지주사,005720,넥센
theme,111,지주사,006200,한국전자홀딩스
theme,111,지주사,084110,휴온스글로벌
theme,111,지주사,004990,롯데지주
theme,111,지주사,044820,코스맥스비티아이
theme,111,지주사,499790,GS피앤엘
theme,111,지주사,241590,화승엔터프라이즈
theme,111,지주사,0126Z0,삼성에피스홀딩스
theme,111,지주사,002020,코오롱
theme,111,지주사,036420,콘텐트리중앙
theme,111,지주사,003480,한진중공업홀딩스
theme,111,지주사,054620,APS
theme,111,지주사,084690,대상홀딩스
theme,111,지주사,000240,한국앤컴퍼니
theme,111,지주사,180640,한진칼
theme,111,지주사,005810,풍산홀딩스
theme,111,지주사,013570,디와이
theme,111,지주사,363280,티와이홀딩스
theme,111,지주사,000700,유수홀딩스
theme,111,지주사,004800,효성
theme,111,지주사,042420,네오위즈홀딩스
theme,111,지주사,002620,제일파마홀딩스
theme,111,지주사,024720,콜마홀딩스
theme,111,지주사,078070,유비쿼스홀딩스
theme,111,지주사,192400,쿠쿠홀딩스
theme,111,지주사,016450,한세예스24홀딩스
theme,111,지주사,003030,세아제강지주
theme,111,지주사,000180,성창기업지주
theme,111,지주사,007860,서연
theme,111,지주사,015360,INVENI
theme,111,지주사,009970,영원무역홀딩스
theme,111,지주사,010770,평화홀딩스
theme,111,지주사,000070,삼양홀딩스
theme,111,지주사,006040,동원산업
theme,111,지주사,034310,NICE
theme,111,지주사,017810,풀무원
theme,111,지주사,007540,샘표
theme,111,지주사,000480,CR홀딩스
theme,111,지주사,036530,SNT홀딩스
theme,111,지주사,054800,아이디스홀딩스
theme,111,지주사,006880,신송홀딩스
theme,111,지주사,001630,종근당홀딩스
theme,111,지주사,004840,DRB동일
theme,111,지주사,121440,골프존홀딩스
theme,111,지주사,035610,솔본
theme,111,지주사,063080,컴투스홀딩스
theme,111,지주사,003300,한일홀딩스
theme,111,지주사,034810,해성산업
theme,111,지주사,001940,KISCO홀딩스
theme,111,지주사,060980,HL홀딩스
theme,111,지주사,025530,SJM홀딩스
theme,111,지주사,000320,노루홀딩스
theme,111,지주사,000640,동아쏘시오홀딩스
theme,111,지주사,072470,우리산업홀딩스
theme,111,지주사,006840,AK홀딩스
theme,111,지주사,487570,HS효성
theme,111,지주사,088390,이녹스
theme,111,지주사,058650,세아홀딩스
theme,111,지주사,005740,크라운해태홀딩스
theme,111,지주사,007700,F&F홀딩스
theme,111,지주사,000140,하이트진로홀딩스
theme,111,지주사,002030,아세아
theme,111,지주사,072710,농심홀딩스
theme,111,지주사,092230,KPX홀딩스
theme,111,지주사,000590,CS홀딩스
theme,111,지주사,005990,매일홀딩스
theme,111,지주사,107590,미원홀딩스
theme,111,지주사,028080,휴맥스홀딩스
theme,435,재택근무/스마트워크,150900,파수AI
theme,435,재택근무/스마트워크,041020,폴라리스오피스
theme,435,재택근무/스마트워크,173130,오파스넷
theme,435,재택근무/스마트워크,258790,소프트캠프
theme,435,재택근무/스마트워크,038680,에스넷
theme,435,재택근무/스마트워크,181710,NHN
theme,435,재택근무/스마트워크,189690,포시에스
theme,435,재택근무/스마트워크,131370,알서포트
theme,435,재택근무/스마트워크,042500,링네트
theme,435,재택근무/스마트워크,033320,제이씨현시스템
theme,435,재택근무/스마트워크,067010,이씨에스
theme,435,재택근무/스마트워크,290270,휴네시온
theme,435,재택근무/스마트워크,094280,효성ITX
theme,435,재택근무/스마트워크,060850,영림원소프트랩
theme,435,재택근무/스마트워크,036630,세종텔레콤
theme,415,그래핀,077360,덕산하이메탈
theme,415,그래핀,012800,대창
theme,415,그래핀,065500,오리엔트정공
theme,415,그래핀,078130,국일제지
theme,415,그래핀,012610,경인양행
theme,415,그래핀,119830,아이텍
theme,415,그래핀,079980,휴비스
theme,415,그래핀,900250,크리스탈신소재
theme,415,그래핀,024900,디와이덕양
theme,415,그래핀,054940,엑사이엔씨
theme,415,그래핀,027580,상보
theme,415,그래핀,154040,다산솔루에타
theme,415,그래핀,073110,엘엠에스
theme,514,전기차(충전소/충전기),248070,솔루엠
theme,514,전기차(충전소/충전기),006910,보성파워텍
theme,514,전기차(충전소/충전기),001740,SK네트웍스
theme,514,전기차(충전소/충전기),000270,기아
theme,514,전기차(충전소/충전기),005380,현대차
theme,514,전기차(충전소/충전기),307180,아이엘
theme,514,전기차(충전소/충전기),217820,원익피앤이
theme,514,전기차(충전소/충전기),032640,LG유플러스
theme,514,전기차(충전소/충전기),011690,와이투솔루션
theme,514,전기차(충전소/충전기),034730,SK
theme,514,전기차(충전소/충전기),0011T0,채비
theme,514,전기차(충전소/충전기),037560,LG헬로비전
theme,514,전기차(충전소/충전기),118990,모트렉스
theme,514,전기차(충전소/충전기),002230,피에스텍
theme,514,전기차(충전소/충전기),066670,디티씨
theme,514,전기차(충전소/충전기),079960,동양이엔피
theme,514,전기차(충전소/충전기),479960,위너스일렉
theme,514,전기차(충전소/충전기),286940,롯데이노베이트
theme,514,전기차(충전소/충전기),273640,와이엠텍
theme,514,전기차(충전소/충전기),115160,휴맥스
theme,514,전기차(충전소/충전기),453450,그리드위즈
theme,514,전기차(충전소/충전기),459100,위츠
theme,514,전기차(충전소/충전기),051360,토비스
theme,514,전기차(충전소/충전기),063570,NICE인프라
theme,514,전기차(충전소/충전기),028080,휴맥스홀딩스
theme,124,제대혈,217730,강스템바이오텍
theme,124,제대혈,085660,차바이오텍
theme,124,제대혈,144510,지씨셀
theme,124,제대혈,078160,메디포스트
theme,124,제대혈,006280,녹십자
theme,49,인터넷 대표주,035720,카카오
theme,49,인터넷 대표주,035420,NAVER
theme,503,2차전지(LFP/리튬인산철),096770,SK이노베이션
theme,503,2차전지(LFP/리튬인산철),037030,파워넷
theme,503,2차전지(LFP/리튬인산철),222080,SFA넥셀
theme,503,2차전지(LFP/리튬인산철),018290,브이티
theme,503,2차전지(LFP/리튬인산철),066970,엘앤에프
theme,503,2차전지(LFP/리튬인산철),373220,LG에너지솔루션
theme,503,2차전지(LFP/리튬인산철),054300,팬스타엔터프라이즈
theme,503,2차전지(LFP/리튬인산철),125210,아모그린텍
theme,503,2차전지(LFP/리튬인산철),032680,소프트센
theme,503,2차전지(LFP/리튬인산철),282880,코윈로보틱스
theme,503,2차전지(LFP/리튬인산철),360070,탑머티리얼
theme,503,2차전지(LFP/리튬인산철),037370,EG
theme,310,리츠(REITs),432320,KB스타리츠
theme,310,리츠(REITs),417310,코람코더원리츠
theme,310,리츠(REITs),338100,NH프라임리츠
theme,310,리츠(REITs),365550,ESR켄달스퀘어리츠
theme,310,리츠(REITs),330590,롯데리츠
theme,310,리츠(REITs),395400,SK리츠
theme,310,리츠(REITs),377190,디앤디플랫폼리츠
theme,310,리츠(REITs),396690,미래에셋글로벌리츠
theme,310,리츠(REITs),357120,코람코라이프인프라리츠
theme,310,리츠(REITs),400760,NH올원리츠
theme,310,리츠(REITs),404990,신한서부티엔디리츠
theme,310,리츠(REITs),293940,신한알파리츠
theme,310,리츠(REITs),145270,케이탑리츠
theme,310,리츠(REITs),357430,마스턴프리미어리츠
theme,310,리츠(REITs),334890,이지스밸류플러스리츠
theme,310,리츠(REITs),0030R0,대신밸류리츠
theme,310,리츠(REITs),357250,미래에셋맵스리츠
theme,310,리츠(REITs),350520,이지스레지던스리츠
theme,310,리츠(REITs),088260,이리츠코크렙
theme,310,리츠(REITs),481850,신한글로벌액티브리츠
theme,310,리츠(REITs),448730,삼성FN리츠
theme,310,리츠(REITs),451800,한화리츠
theme,18,전자파,052710,아모텍
theme,18,전자파,042700,한미반도체
theme,18,전자파,217190,제너셈
theme,18,전자파,089010,켐트로닉스
theme,18,전자파,081580,성우전자
theme,18,전자파,053610,프로텍
theme,18,전자파,263810,상신전자
theme,18,전자파,032960,동일기연
theme,18,전자파,049550,잉크테크
theme,18,전자파,294140,레몬
theme,18,전자파,154040,다산솔루에타
theme,18,전자파,368600,아이씨에이치
theme,126,통신,032640,LG유플러스
theme,126,통신,017670,SK텔레콤
theme,126,통신,030200,KT
theme,467,모더나(MODERNA),005690,파미셀
theme,467,모더나(MODERNA),237690,에스티팜
theme,467,모더나(MODERNA),207940,삼성바이오로직스
theme,467,모더나(MODERNA),227950,엔투텍
theme,467,모더나(MODERNA),950200,소마젠
theme,467,모더나(MODERNA),006280,녹십자
theme,171,비철금속,009190,대양금속
theme,171,비철금속,008350,남선알미늄
theme,171,비철금속,060480,국일신동
theme,171,비철금속,103140,풍산
theme,171,비철금속,001780,알루코
theme,171,비철금속,012800,대창
theme,171,비철금속,354320,알멕
theme,171,비철금속,006110,삼아알미늄
theme,171,비철금속,009520,포스코엠텍
theme,171,비철금속,021050,서원
theme,171,비철금속,025820,이구산업
theme,171,비철금속,009730,이렘
theme,171,비철금속,128660,피제이메탈
theme,171,비철금속,018470,조일알미늄
theme,171,비철금속,015890,태경산업
theme,171,비철금속,000670,영풍
theme,171,비철금속,005810,풍산홀딩스
theme,171,비철금속,004560,현대비앤지스틸
theme,171,비철금속,081150,티플랙스
theme,171,비철금속,010130,고려아연
theme,171,비철금속,001530,DI동일
theme,171,비철금속,198940,한주라이트메탈
theme,171,비철금속,186230,그린플러스
theme,171,비철금속,037760,쎄니트
theme,171,비철금속,032560,황금에스티
theme,557,유리 기판,204270,제이앤티씨
theme,557,유리 기판,452450,피아이이
theme,557,유리 기판,452190,한빛레이저
theme,557,유리 기판,078150,HB테크놀러지
theme,557,유리 기판,267320,나인테크
theme,557,유리 기판,009150,삼성전기
theme,557,유리 기판,161580,필옵틱스
theme,557,유리 기판,323280,태성
theme,557,유리 기판,251370,와이엠티
theme,557,유리 기판,011790,SKC
theme,557,유리 기판,112290,와이씨켐
theme,557,유리 기판,469750,아이비젼웍스
theme,557,유리 기판,089010,켐트로닉스
theme,557,유리 기판,420770,기가비스
theme,557,유리 기판,302430,이노메트리
theme,557,유리 기판,083500,에프엔에스테크
theme,557,유리 기판,171010,램테크놀러지
theme,557,유리 기판,264660,씨앤지하이테크
theme,557,유리 기판,049950,미래컴퍼니
theme,557,유리 기판,450330,하스
theme,557,유리 기판,040910,아이씨디
theme,348,삼성페이,042510,라온시큐어
theme,348,삼성페이,005930,삼성전자
theme,348,삼성페이,203650,드림시큐리티
theme,348,삼성페이,052710,아모텍
theme,348,삼성페이,004710,한솔테크닉스
theme,348,삼성페이,064260,다날
theme,348,삼성페이,065440,이루온
theme,348,삼성페이,053300,한국정보인증
theme,348,삼성페이,192250,케이사인
theme,348,삼성페이,094480,갤럭시아머니트리
theme,348,삼성페이,060250,NHN KCP
theme,348,삼성페이,036800,나이스정보통신
theme,348,삼성페이,060230,제이케이시냅스
theme,348,삼성페이,029780,삼성카드
theme,348,삼성페이,091700,파트론
theme,348,삼성페이,303030,지니틱스
theme,348,삼성페이,052400,코나아이
theme,348,삼성페이,004800,효성
theme,348,삼성페이,046440,KG파이낸셜
theme,348,삼성페이,025770,한국정보통신
theme,348,삼성페이,035600,KG이니시스
theme,348,삼성페이,094280,효성ITX
theme,348,삼성페이,061040,알에프텍
theme,348,삼성페이,089850,유비벨록스
theme,348,삼성페이,224110,에이텍모빌리티
theme,348,삼성페이,115310,인포바인
theme,119,창투사,027360,아주IB투자
theme,119,창투사,041190,우리기술투자
theme,119,창투사,100790,미래에셋벤처투자
theme,119,창투사,289080,SV인베스트먼트
theme,119,창투사,293580,나우IB
theme,119,창투사,027830,대성창투
theme,119,창투사,026890,스틱인베스트먼트
theme,119,창투사,019550,SBI인베스트먼트
theme,119,창투사,021080,에이티넘인베스트
theme,119,창투사,241520,DSC인베스트먼트
theme,119,창투사,309960,LB인베스트먼트
theme,119,창투사,246690,TS인베스트먼트
theme,119,창투사,016600,큐캐피탈
theme,119,창투사,330730,스톤브릿지벤처스
theme,119,창투사,307930,컴퍼니케이
theme,119,창투사,019570,GMI벤처
theme,119,창투사,452300,캡스톤파트너스
theme,119,창투사,440290,HB인베스트먼트
theme,119,창투사,075130,플랜티넷
theme,119,창투사,277070,린드먼아시아
theme,297,공작기계,019210,와이지-원
theme,297,공작기계,047400,유니온머티리얼
theme,297,공작기계,129920,대성하이텍
theme,297,공작기계,089140,넥스턴앤롤코리아
theme,297,공작기계,099440,스맥
theme,297,공작기계,009160,SIMPAC
theme,297,공작기계,003570,SNT다이내믹스
theme,297,공작기계,100660,서암기계공업
theme,297,공작기계,010660,화천기계
theme,297,공작기계,004380,삼익THK
theme,297,공작기계,101680,한국정밀기계
theme,297,공작기계,195990,루트K
theme,297,공작기계,000850,화천기공
theme,297,공작기계,025890,한국주강
theme,328,제습기,005930,삼성전자
theme,328,제습기,066570,LG전자
theme,328,제습기,002700,신일전자
theme,328,제습기,058610,에스피지
theme,328,제습기,021240,코웨이
theme,328,제습기,044340,위닉스
theme,328,제습기,284740,쿠쿠홈시스
theme,328,제습기,037070,파세코
theme,492,NFT(대체불가토큰),005930,삼성전자
theme,492,NFT(대체불가토큰),158430,아톤
theme,492,NFT(대체불가토큰),035720,카카오
theme,492,NFT(대체불가토큰),201490,미투온
theme,492,NFT(대체불가토큰),064260,다날
theme,492,NFT(대체불가토큰),035420,NAVER
theme,492,NFT(대체불가토큰),293490,카카오게임즈
theme,492,NFT(대체불가토큰),163730,핑거
theme,492,NFT(대체불가토큰),094480,갤럭시아머니트리
theme,492,NFT(대체불가토큰),041020,폴라리스오피스
theme,492,NFT(대체불가토큰),112040,위메이드
theme,492,NFT(대체불가토큰),011420,갤럭시아에스엠
theme,492,NFT(대체불가토큰),307930,컴퍼니케이
theme,492,NFT(대체불가토큰),241840,에이스토리
theme,492,NFT(대체불가토큰),044480,빌리언스
theme,492,NFT(대체불가토큰),214270,FSN
theme,492,NFT(대체불가토큰),063170,서울옥션
theme,492,NFT(대체불가토큰),058630,엠게임
theme,492,NFT(대체불가토큰),063080,컴투스홀딩스
theme,492,NFT(대체불가토큰),047820,초록뱀미디어
theme,121,남북경협,015760,한국전력
theme,121,남북경협,025980,아난티
theme,121,남북경협,000720,현대건설
theme,121,남북경협,119850,지엔씨에너지
theme,121,남북경협,047770,코데즈컴바인
theme,121,남북경협,049630,재영솔루텍
theme,121,남북경협,058730,다스코
theme,121,남북경협,025860,남해화학
theme,121,남북경협,014990,인디에프
theme,121,남북경협,091590,남화토건
theme,121,남북경협,037440,희림
theme,121,남북경협,007110,일신석재
theme,121,남북경협,026040,제이에스티나
theme,121,남북경협,033240,자화전자
theme,121,남북경협,004090,한국석유
theme,121,남북경협,017800,현대엘리베이터
theme,121,남북경협,009270,신원
theme,121,남북경협,004000,롯데정밀화학
theme,121,남북경협,030960,양지사
theme,121,남북경협,100700,세운메디칼
theme,121,남북경협,006280,녹십자
theme,121,남북경협,001260,남광토건
theme,121,남북경협,023800,인지컨트롤스
theme,121,남북경협,013810,스페코
theme,121,남북경협,001550,조비
theme,121,남북경협,002150,도화엔지니어링
theme,121,남북경협,002100,경농
theme,121,남북경협,033340,좋은사람들
theme,121,남북경협,093240,형지엘리트
theme,489,카카오뱅크(kakao BANK),203650,드림시큐리티
theme,489,카카오뱅크(kakao BANK),035720,카카오
theme,489,카카오뱅크(kakao BANK),105560,KB금융
theme,489,카카오뱅크(kakao BANK),323410,카카오뱅크
theme,489,카카오뱅크(kakao BANK),205100,엑셈
theme,489,카카오뱅크(kakao BANK),071050,한국금융지주
theme,489,카카오뱅크(kakao BANK),131370,알서포트
theme,489,카카오뱅크(kakao BANK),053350,이니텍
theme,489,카카오뱅크(kakao BANK),016450,한세예스24홀딩스
theme,489,카카오뱅크(kakao BANK),053280,예스24
theme,489,카카오뱅크(kakao BANK),039290,인포뱅크
theme,56,NI(네트워크통합),049480,오픈베이스
theme,56,NI(네트워크통합),033230,인성정보
theme,56,NI(네트워크통합),173130,오파스넷
theme,56,NI(네트워크통합),031820,아이티센씨티에스
theme,56,NI(네트워크통합),029480,광무
theme,56,NI(네트워크통합),038680,에스넷
theme,56,NI(네트워크통합),042500,링네트
theme,154,건설 대표주,047040,대우건설
theme,154,건설 대표주,006360,GS건설
theme,154,건설 대표주,000720,현대건설
theme,154,건설 대표주,028260,삼성물산
theme,154,건설 대표주,375500,DL이앤씨
theme,154,건설 대표주,294870,IPARK현대산업개발
theme,480,메타버스(Metaverse),035720,카카오
theme,480,메타버스(Metaverse),357880,SKAI
theme,480,메타버스(Metaverse),201490,미투온
theme,480,메타버스(Metaverse),005380,현대차
theme,480,메타버스(Metaverse),059120,아진엑스텍
theme,480,메타버스(Metaverse),347860,알체라
theme,480,메타버스(Metaverse),035420,NAVER
theme,480,메타버스(Metaverse),032640,LG유플러스
theme,480,메타버스(Metaverse),089890,코세스
theme,480,메타버스(Metaverse),108860,셀바스AI
theme,480,메타버스(Metaverse),163730,핑거
theme,480,메타버스(Metaverse),011070,LG이노텍
theme,480,메타버스(Metaverse),085670,뉴프렉스
theme,480,메타버스(Metaverse),030200,KT
theme,480,메타버스(Metaverse),340360,다보링크
theme,480,메타버스(Metaverse),094360,칩스앤미디어
theme,480,메타버스(Metaverse),066310,큐에스아이
theme,480,메타버스(Metaverse),263750,펄어비스
theme,480,메타버스(Metaverse),027830,대성창투
theme,480,메타버스(Metaverse),377030,비트맥스
theme,480,메타버스(Metaverse),189330,씨이랩
theme,480,메타버스(Metaverse),376300,디어유
theme,480,메타버스(Metaverse),054210,이랜텍
theme,480,메타버스(Metaverse),038680,에스넷
theme,480,메타버스(Metaverse),193250,링크드
theme,480,메타버스(Metaverse),217270,넵튠
theme,480,메타버스(Metaverse),035760,CJ ENM
theme,480,메타버스(Metaverse),206560,덱스터
theme,480,메타버스(Metaverse),171090,선익시스템
theme,480,메타버스(Metaverse),109080,옵티시스
theme,480,메타버스(Metaverse),431190,케이쓰리아이
theme,480,메타버스(Metaverse),047080,한빛소프트
theme,480,메타버스(Metaverse),289220,자이언트스텝
theme,480,메타버스(Metaverse),438700,버넥트
theme,480,메타버스(Metaverse),052220,iMBC
theme,480,메타버스(Metaverse),286940,롯데이노베이트
theme,480,메타버스(Metaverse),065370,위세아이텍
theme,480,메타버스(Metaverse),096630,에스코넥
theme,480,메타버스(Metaverse),291230,컴투스엔
theme,480,메타버스(Metaverse),336060,웨이버스
theme,480,메타버스(Metaverse),290520,신도기연
theme,480,메타버스(Metaverse),058630,엠게임
theme,480,메타버스(Metaverse),303530,이노뎁
theme,480,메타버스(Metaverse),096240,크레버스
theme,480,메타버스(Metaverse),034120,SBS
theme,480,메타버스(Metaverse),073110,엘엠에스
theme,335,재난/안전(지진/화재 등),101670,하이드로리튬
theme,335,재난/안전(지진/화재 등),067170,오텍
theme,335,재난/안전(지진/화재 등),228340,동양파일
theme,335,재난/안전(지진/화재 등),189860,서전기전
theme,335,재난/안전(지진/화재 등),060370,LS마린솔루션
theme,335,재난/안전(지진/화재 등),054540,삼영엠텍
theme,335,재난/안전(지진/화재 등),372910,한컴라이프케어
theme,335,재난/안전(지진/화재 등),037440,희림
theme,335,재난/안전(지진/화재 등),041440,현대에버다임
theme,335,재난/안전(지진/화재 등),036640,HRS
theme,335,재난/안전(지진/화재 등),039980,폴라리스AI
theme,335,재난/안전(지진/화재 등),493330,지에프아이
theme,335,재난/안전(지진/화재 등),089470,HDC현대EP
theme,335,재난/안전(지진/화재 등),072130,유엔젤
theme,335,재난/안전(지진/화재 등),004440,삼일씨엔에스
theme,335,재난/안전(지진/화재 등),023350,한국종합기술
theme,335,재난/안전(지진/화재 등),022220,티케이지애강
theme,335,재난/안전(지진/화재 등),033540,파라텍
theme,335,재난/안전(지진/화재 등),028100,동아지질
theme,335,재난/안전(지진/화재 등),083640,인콘
theme,335,재난/안전(지진/화재 등),140520,대창스틸
theme,517,전후 재건(우크라/중동 전쟁 등),215790,이노인스트루먼트
theme,517,전후 재건(우크라/중동 전쟁 등),047040,대우건설
theme,517,전후 재건(우크라/중동 전쟁 등),255220,SG
theme,517,전후 재건(우크라/중동 전쟁 등),028050,삼성E&A
theme,517,전후 재건(우크라/중동 전쟁 등),006360,GS건설
theme,517,전후 재건(우크라/중동 전쟁 등),000720,현대건설
theme,517,전후 재건(우크라/중동 전쟁 등),003010,혜인
theme,517,전후 재건(우크라/중동 전쟁 등),039560,다산네트웍스
theme,517,전후 재건(우크라/중동 전쟁 등),365330,에스와이스틸텍
theme,517,전후 재건(우크라/중동 전쟁 등),267270,HD건설기계
theme,517,전후 재건(우크라/중동 전쟁 등),047050,포스코인터내셔널
theme,517,전후 재건(우크라/중동 전쟁 등),010820,퍼스텍
theme,517,전후 재건(우크라/중동 전쟁 등),008830,대동기어
theme,517,전후 재건(우크라/중동 전쟁 등),028260,삼성물산
theme,517,전후 재건(우크라/중동 전쟁 등),375500,DL이앤씨
theme,517,전후 재건(우크라/중동 전쟁 등),058730,다스코
theme,517,전후 재건(우크라/중동 전쟁 등),109610,에스와이
theme,517,전후 재건(우크라/중동 전쟁 등),017550,수산세보틱스
theme,517,전후 재건(우크라/중동 전쟁 등),002900,TYM
theme,517,전후 재건(우크라/중동 전쟁 등),037440,희림
theme,517,전후 재건(우크라/중동 전쟁 등),000490,대동
theme,517,전후 재건(우크라/중동 전쟁 등),041440,현대에버다임
theme,517,전후 재건(우크라/중동 전쟁 등),317850,대모
theme,517,전후 재건(우크라/중동 전쟁 등),039980,폴라리스AI
theme,517,전후 재건(우크라/중동 전쟁 등),079900,전진건설로봇
theme,517,전후 재건(우크라/중동 전쟁 등),100660,서암기계공업
theme,517,전후 재건(우크라/중동 전쟁 등),023960,에쓰씨엔지니어링
theme,517,전후 재건(우크라/중동 전쟁 등),192410,오늘이엔엠
theme,517,전후 재건(우크라/중동 전쟁 등),108380,대양전기공업
theme,517,전후 재건(우크라/중동 전쟁 등),210540,디와이파워
theme,517,전후 재건(우크라/중동 전쟁 등),013810,스페코
theme,517,전후 재건(우크라/중동 전쟁 등),011760,현대코퍼레이션
theme,517,전후 재건(우크라/중동 전쟁 등),163560,동일고무벨트
theme,517,전후 재건(우크라/중동 전쟁 등),002150,도화엔지니어링
theme,517,전후 재건(우크라/중동 전쟁 등),053160,프리엠스
theme,517,전후 재건(우크라/중동 전쟁 등),020400,대동금속
theme,517,전후 재건(우크라/중동 전쟁 등),033540,파라텍
theme,517,전후 재건(우크라/중동 전쟁 등),332290,누보
theme,517,전후 재건(우크라/중동 전쟁 등),054930,유신
theme,517,전후 재건(우크라/중동 전쟁 등),019770,서연탑메탈
theme,507,마이데이터,158430,아톤
theme,507,마이데이터,035420,NAVER
theme,507,마이데이터,150900,파수AI
theme,507,마이데이터,163730,핑거
theme,507,마이데이터,030190,NICE평가정보
theme,507,마이데이터,214180,헥토이노베이션
theme,507,마이데이터,462980,아이지넷
theme,507,마이데이터,294570,쿠콘
theme,507,마이데이터,170790,파이오링크
theme,507,마이데이터,372800,아이티아이즈
theme,507,마이데이터,089850,유비벨록스
theme,507,마이데이터,036630,세종텔레콤
theme,112,공기청정기,005930,삼성전자
theme,112,공기청정기,043260,성호전자
theme,112,공기청정기,066570,LG전자
theme,112,공기청정기,002700,신일전자
theme,112,공기청정기,067170,오텍
theme,112,공기청정기,058610,에스피지
theme,112,공기청정기,021240,코웨이
theme,112,공기청정기,044340,위닉스
theme,112,공기청정기,284740,쿠쿠홈시스
theme,112,공기청정기,045520,크린앤사이언스
theme,112,공기청정기,352700,씨앤투스
theme,112,공기청정기,068100,케이웨더
theme,488,웹툰,035720,카카오
theme,488,웹툰,020120,키다리스튜디오
theme,488,웹툰,201490,미투온
theme,488,웹툰,134580,탑코미디어
theme,488,웹툰,035420,NAVER
theme,488,웹툰,067000,조이시티
theme,488,웹툰,181710,NHN
theme,488,웹툰,432430,와이랩
theme,488,웹툰,048910,대원미디어
theme,488,웹툰,236810,엔비티
theme,488,웹툰,207760,미스터블루
theme,488,웹툰,263720,디앤씨미디어
theme,488,웹툰,239340,이스트에이드
theme,488,웹툰,417180,핑거스토리
theme,564,전기차 화재 방지(배터리 열폭주 등),452190,한빛레이저
theme,564,전기차 화재 방지(배터리 열폭주 등),419050,삼기에너지솔루션즈
theme,564,전기차 화재 방지(배터리 열폭주 등),323280,태성
theme,564,전기차 화재 방지(배터리 열폭주 등),225190,LK삼양
theme,564,전기차 화재 방지(배터리 열폭주 등),107640,한중엔시에스
theme,564,전기차 화재 방지(배터리 열폭주 등),243840,신흥에스이씨
theme,564,전기차 화재 방지(배터리 열폭주 등),199820,제일일렉트릭
theme,564,전기차 화재 방지(배터리 열폭주 등),417010,나노팀
theme,564,전기차 화재 방지(배터리 열폭주 등),125210,아모그린텍
theme,564,전기차 화재 방지(배터리 열폭주 등),220260,켐트로스
theme,564,전기차 화재 방지(배터리 열폭주 등),372910,한컴라이프케어
theme,564,전기차 화재 방지(배터리 열폭주 등),302430,이노메트리
theme,564,전기차 화재 방지(배터리 열폭주 등),119830,아이텍
theme,564,전기차 화재 방지(배터리 열폭주 등),032790,엠젠솔루션
theme,564,전기차 화재 방지(배터리 열폭주 등),452200,민테크
theme,564,전기차 화재 방지(배터리 열폭주 등),060230,제이케이시냅스
theme,564,전기차 화재 방지(배터리 열폭주 등),024900,디와이덕양
theme,564,전기차 화재 방지(배터리 열폭주 등),432470,케이엔에스
theme,564,전기차 화재 방지(배터리 열폭주 등),214330,금호에이치티
theme,564,전기차 화재 방지(배터리 열폭주 등),105550,엣지파운드리
theme,564,전기차 화재 방지(배터리 열폭주 등),200880,서연이화
theme,564,전기차 화재 방지(배터리 열폭주 등),286940,롯데이노베이트
theme,564,전기차 화재 방지(배터리 열폭주 등),273640,와이엠텍
theme,564,전기차 화재 방지(배터리 열폭주 등),317870,엔바이오니아
theme,564,전기차 화재 방지(배터리 열폭주 등),453450,그리드위즈
theme,564,전기차 화재 방지(배터리 열폭주 등),452400,이닉스
theme,564,전기차 화재 방지(배터리 열폭주 등),138070,신진에스엠
theme,564,전기차 화재 방지(배터리 열폭주 등),051360,토비스
theme,270,모바일콘텐츠(스마트폰/태블릿PC),054920,한컴위드
theme,270,모바일콘텐츠(스마트폰/태블릿PC),035720,카카오
theme,270,모바일콘텐츠(스마트폰/태블릿PC),020120,키다리스튜디오
theme,270,모바일콘텐츠(스마트폰/태블릿PC),402340,SK스퀘어
theme,270,모바일콘텐츠(스마트폰/태블릿PC),064260,다날
theme,270,모바일콘텐츠(스마트폰/태블릿PC),035420,NAVER
theme,270,모바일콘텐츠(스마트폰/태블릿PC),108860,셀바스AI
theme,270,모바일콘텐츠(스마트폰/태블릿PC),030200,KT
theme,270,모바일콘텐츠(스마트폰/태블릿PC),030520,한컴
theme,270,모바일콘텐츠(스마트폰/태블릿PC),041020,폴라리스오피스
theme,270,모바일콘텐츠(스마트폰/태블릿PC),104200,NHN벅스
theme,270,모바일콘텐츠(스마트폰/태블릿PC),040300,YTN
theme,270,모바일콘텐츠(스마트폰/태블릿PC),189690,포시에스
theme,270,모바일콘텐츠(스마트폰/태블릿PC),078340,컴투스
theme,270,모바일콘텐츠(스마트폰/태블릿PC),214180,헥토이노베이션
theme,270,모바일콘텐츠(스마트폰/태블릿PC),057680,티사이언티픽
theme,270,모바일콘텐츠(스마트폰/태블릿PC),289220,자이언트스텝
theme,270,모바일콘텐츠(스마트폰/태블릿PC),036030,케이티알파
theme,270,모바일콘텐츠(스마트폰/태블릿PC),042420,네오위즈홀딩스
theme,270,모바일콘텐츠(스마트폰/태블릿PC),207760,미스터블루
theme,270,모바일콘텐츠(스마트폰/태블릿PC),263720,디앤씨미디어
theme,270,모바일콘텐츠(스마트폰/태블릿PC),046440,KG파이낸셜
theme,270,모바일콘텐츠(스마트폰/태블릿PC),075130,플랜티넷
theme,270,모바일콘텐츠(스마트폰/태블릿PC),063080,컴투스홀딩스
theme,270,모바일콘텐츠(스마트폰/태블릿PC),057030,YBM넷
theme,270,모바일콘텐츠(스마트폰/태블릿PC),418470,KT밀리의서재
theme,270,모바일콘텐츠(스마트폰/태블릿PC),068290,삼성출판사
theme,270,모바일콘텐츠(스마트폰/태블릿PC),417180,핑거스토리
theme,270,모바일콘텐츠(스마트폰/태블릿PC),032540,TJ미디어
theme,270,모바일콘텐츠(스마트폰/태블릿PC),039290,인포뱅크
theme,270,모바일콘텐츠(스마트폰/태블릿PC),208860,다산디엠씨
theme,270,모바일콘텐츠(스마트폰/태블릿PC),043610,KT지니뮤직
theme,288,모바일솔루션(스마트폰),086960,MDS테크
theme,288,모바일솔루션(스마트폰),064260,다날
theme,288,모바일솔루션(스마트폰),115610,이미지스
theme,288,모바일솔루션(스마트폰),039560,다산네트웍스
theme,288,모바일솔루션(스마트폰),065440,이루온
theme,288,모바일솔루션(스마트폰),042000,카페24
theme,288,모바일솔루션(스마트폰),051160,지어소프트
theme,288,모바일솔루션(스마트폰),108860,셀바스AI
theme,288,모바일솔루션(스마트폰),163730,핑거
theme,288,모바일솔루션(스마트폰),094480,갤럭시아머니트리
theme,288,모바일솔루션(스마트폰),041020,폴라리스오피스
theme,288,모바일솔루션(스마트폰),064800,포니링크
theme,288,모바일솔루션(스마트폰),072130,유엔젤
theme,288,모바일솔루션(스마트폰),065370,위세아이텍
theme,288,모바일솔루션(스마트폰),058970,엠로
theme,288,모바일솔루션(스마트폰),100030,인지소프트
theme,288,모바일솔루션(스마트폰),088340,유라클
theme,288,모바일솔루션(스마트폰),139670,키네마스터
theme,288,모바일솔루션(스마트폰),089850,유비벨록스
theme,288,모바일솔루션(스마트폰),153460,네이블
theme,288,모바일솔루션(스마트폰),039290,인포뱅크
theme,288,모바일솔루션(스마트폰),099390,브레인즈컴퍼니
theme,288,모바일솔루션(스마트폰),078000,텔코웨어
theme,323,셰일가스(Shale Gas),034020,두산에너빌리티
theme,323,셰일가스(Shale Gas),015760,한국전력
theme,323,셰일가스(Shale Gas),047050,포스코인터내셔널
theme,323,셰일가스(Shale Gas),083650,비에이치아이
theme,323,셰일가스(Shale Gas),100840,SNT에너지
theme,323,셰일가스(Shale Gas),017960,한국카본
theme,323,셰일가스(Shale Gas),101170,우림피티에스
theme,323,셰일가스(Shale Gas),036460,한국가스공사
theme,323,셰일가스(Shale Gas),018670,SK가스
theme,323,셰일가스(Shale Gas),002360,SH에너지화학
theme,323,셰일가스(Shale Gas),017940,E1
theme,381,LNG(액화천연가스),028670,팬오션
theme,381,LNG(액화천연가스),010140,삼성중공업
theme,381,LNG(액화천연가스),005880,대한해운
theme,381,LNG(액화천연가스),015760,한국전력
theme,381,LNG(액화천연가스),100090,SK오션플랜트
theme,381,LNG(액화천연가스),082740,한화엔진
theme,381,LNG(액화천연가스),083650,비에이치아이
theme,381,LNG(액화천연가스),078930,GS
theme,381,LNG(액화천연가스),329180,HD현대중공업
theme,381,LNG(액화천연가스),005490,POSCO홀딩스
theme,381,LNG(액화천연가스),009540,HD한국조선해양
theme,381,LNG(액화천연가스),097230,HJ중공업
theme,381,LNG(액화천연가스),100840,SNT에너지
theme,381,LNG(액화천연가스),333430,일승
theme,381,LNG(액화천연가스),017960,한국카본
theme,381,LNG(액화천연가스),136150,원일티엔아이
theme,381,LNG(액화천연가스),096350,대창솔루션
theme,381,LNG(액화천연가스),034730,SK
theme,381,LNG(액화천연가스),098070,한텍
theme,381,LNG(액화천연가스),036460,한국가스공사
theme,381,LNG(액화천연가스),033500,동성화인텍
theme,381,LNG(액화천연가스),258610,케일럼
theme,381,LNG(액화천연가스),018670,SK가스
theme,381,LNG(액화천연가스),071320,지역난방공사
theme,381,LNG(액화천연가스),085310,엔케이
theme,381,LNG(액화천연가스),004690,삼천리
theme,560,냉각시스템(액침냉각 등),066570,LG전자
theme,560,냉각시스템(액침냉각 등),096770,SK이노베이션
theme,560,냉각시스템(액침냉각 등),067170,오텍
theme,560,냉각시스템(액침냉각 등),010950,S-Oil
theme,560,냉각시스템(액침냉각 등),107640,한중엔시에스
theme,560,냉각시스템(액침냉각 등),078930,GS
theme,560,냉각시스템(액침냉각 등),036200,유니셈
theme,560,냉각시스템(액침냉각 등),012450,한화에어로스페이스
theme,560,냉각시스템(액침냉각 등),083450,GST
theme,560,냉각시스템(액침냉각 등),060310,3S
theme,560,냉각시스템(액침냉각 등),034730,SK
theme,560,냉각시스템(액침냉각 등),396470,워트
theme,560,냉각시스템(액침냉각 등),053080,케이엔솔
theme,614,S7(삼성전자/SK하이닉스 등),005930,삼성전자
theme,614,S7(삼성전자/SK하이닉스 등),000660,SK하이닉스
theme,614,S7(삼성전자/SK하이닉스 등),402340,SK스퀘어
theme,614,S7(삼성전자/SK하이닉스 등),009150,삼성전기
theme,614,S7(삼성전자/SK하이닉스 등),028260,삼성물산
theme,614,S7(삼성전자/SK하이닉스 등),032830,삼성생명
theme,481,마켓컬리(kurly),001740,SK네트웍스
theme,481,마켓컬리(kurly),100790,미래에셋벤처투자
theme,481,마켓컬리(kurly),051160,지어소프트
theme,481,마켓컬리(kurly),241520,DSC인베스트먼트
theme,481,마켓컬리(kurly),103840,우양
theme,481,마켓컬리(kurly),036580,팜스코
theme,481,마켓컬리(kurly),067010,이씨에스
theme,481,마켓컬리(kurly),006890,태경케미컬
theme,481,마켓컬리(kurly),189980,흥국에프엔비
theme,481,마켓컬리(kurly),025880,케이씨피드
theme,147,여행,048550,SM C&C
theme,147,여행,032350,롯데관광개발
theme,147,여행,035080,그래디언트
theme,147,여행,039310,세중
theme,147,여행,104620,노랑풍선
theme,147,여행,080160,모두투어
theme,147,여행,094850,참좋은여행
theme,147,여행,039130,하나투어
theme,147,여행,038390,레드캡투어
theme,151,증권,001510,SK증권
theme,151,증권,006800,미래에셋증권
theme,151,증권,003530,한화투자증권
theme,151,증권,005940,NH투자증권
theme,151,증권,016360,삼성증권
theme,151,증권,001200,유진투자증권
theme,151,증권,003470,유안타증권
theme,151,증권,030210,다올투자증권
theme,151,증권,071050,한국금융지주
theme,151,증권,039490,키움증권
theme,151,증권,001290,상상인증권
theme,151,증권,016610,DB증권
theme,151,증권,001500,현대차증권
theme,151,증권,003540,대신증권
theme,151,증권,078020,LS증권
theme,151,증권,003460,유화증권
theme,151,증권,030610,교보증권
theme,151,증권,001750,한양증권
theme,151,증권,001720,신영증권
theme,151,증권,190650,코리아에셋투자증권
theme,151,증권,001270,부국증권
theme,94,조선기자재,012210,삼미금속
theme,94,조선기자재,217590,티엠씨
theme,94,조선기자재,413630,씨피시스템
theme,94,조선기자재,100090,SK오션플랜트
theme,94,조선기자재,082740,한화엔진
theme,94,조선기자재,355690,에이텀
theme,94,조선기자재,071970,HD현대마린엔진
theme,94,조선기자재,382900,범한퓨얼셀
theme,94,조선기자재,073010,케이에스피
theme,94,조선기자재,077970,STX엔진
theme,94,조선기자재,023160,태광
theme,94,조선기자재,333430,일승
theme,94,조선기자재,017960,한국카본
theme,94,조선기자재,096350,대창솔루션
theme,94,조선기자재,054540,삼영엠텍
theme,94,조선기자재,014620,성광벤드
theme,94,조선기자재,044490,태웅
theme,94,조선기자재,014940,오리엔탈정공
theme,94,조선기자재,474170,루미르
theme,94,조선기자재,075580,세진중공업
theme,94,조선기자재,460930,현대힘스
theme,94,조선기자재,443060,HD현대마린솔루션
theme,94,조선기자재,099410,동방선기
theme,94,조선기자재,033500,동성화인텍
theme,94,조선기자재,101000,KS인더스트리
theme,94,조선기자재,0008Z0,에스엔시스
theme,94,조선기자재,101930,인화정공
theme,94,조선기자재,086670,비엠티
theme,94,조선기자재,133820,화인베스틸
theme,94,조선기자재,108380,대양전기공업
theme,94,조선기자재,103230,에스앤더블류
theme,94,조선기자재,064820,케이프
theme,94,조선기자재,013030,하이록코리아
theme,94,조선기자재,092460,한라IMS
theme,94,조선기자재,085310,엔케이
theme,94,조선기자재,038010,제일테크노스
theme,94,조선기자재,120030,조선선재
theme,223,강관업체(Steel pipe),008970,KBI동양철관
theme,223,강관업체(Steel pipe),100090,SK오션플랜트
theme,223,강관업체(Steel pipe),071090,하이스틸
theme,223,강관업체(Steel pipe),092790,넥스틸
theme,223,강관업체(Steel pipe),005010,휴스틸
theme,223,강관업체(Steel pipe),014280,금강공업
theme,223,강관업체(Steel pipe),009730,이렘
theme,223,강관업체(Steel pipe),146060,율촌
theme,223,강관업체(Steel pipe),000970,한국주철관
theme,223,강관업체(Steel pipe),306200,세아제강
theme,223,강관업체(Steel pipe),263770,유에스티
theme,205,원자력발전,012210,삼미금속
theme,205,원자력발전,001440,대한전선
theme,205,원자력발전,032820,우리기술
theme,205,원자력발전,047040,대우건설
theme,205,원자력발전,034020,두산에너빌리티
theme,205,원자력발전,388050,지투파워
theme,205,원자력발전,010120,LS ELECTRIC
theme,205,원자력발전,006910,보성파워텍
theme,205,원자력발전,011700,한신기계
theme,205,원자력발전,105740,디케이락
theme,205,원자력발전,015760,한국전력
theme,205,원자력발전,019990,에너토크
theme,205,원자력발전,046120,오르비텍
theme,205,원자력발전,006360,GS건설
theme,205,원자력발전,000720,현대건설
theme,205,원자력발전,052690,한전기술
theme,205,원자력발전,105840,우진
theme,205,원자력발전,007460,에이프로젠
theme,205,원자력발전,083650,비에이치아이
theme,205,원자력발전,130660,한전산업
theme,205,원자력발전,189860,서전기전
theme,205,원자력발전,375500,DL이앤씨
theme,205,원자력발전,298040,효성중공업
theme,205,원자력발전,114190,강원에너지
theme,205,원자력발전,023160,태광
theme,205,원자력발전,100840,SNT에너지
theme,205,원자력발전,094820,일진파워
theme,205,원자력발전,053690,한미글로벌
theme,205,원자력발전,136150,원일티엔아이
theme,205,원자력발전,096350,대창솔루션
theme,205,원자력발전,054540,삼영엠텍
theme,205,원자력발전,014620,성광벤드
theme,205,원자력발전,044490,태웅
theme,205,원자력발전,051600,한전KPS
theme,205,원자력발전,098070,한텍
theme,205,원자력발전,045100,한양이엔지
theme,205,원자력발전,036640,HRS
theme,205,원자력발전,187220,디티앤씨
theme,205,원자력발전,126720,수산인더스트리
theme,205,원자력발전,095190,신화프리텍
theme,205,원자력발전,081150,티플랙스
theme,205,원자력발전,086670,비엠티
theme,205,원자력발전,103230,에스앤더블류
theme,205,원자력발전,013030,하이록코리아
theme,205,원자력발전,282720,금양그린파워
theme,205,원자력발전,040610,SG&G
theme,205,원자력발전,038010,제일테크노스
theme,205,원자력발전,036190,금화피에스시
theme,205,원자력발전,140520,대창스틸
theme,237,GTX(수도권 광역급행철도),047040,대우건설
theme,237,GTX(수도권 광역급행철도),002990,금호건설
theme,237,GTX(수도권 광역급행철도),006360,GS건설
theme,237,GTX(수도권 광역급행철도),000720,현대건설
theme,237,GTX(수도권 광역급행철도),009410,태영건설
theme,237,GTX(수도권 광역급행철도),045390,대아티아이
theme,237,GTX(수도권 광역급행철도),064350,현대로템
theme,237,GTX(수도권 광역급행철도),017510,세명전기
theme,237,GTX(수도권 광역급행철도),375500,DL이앤씨
theme,237,GTX(수도권 광역급행철도),097230,HJ중공업
theme,237,GTX(수도권 광역급행철도),023410,유진기업
theme,237,GTX(수도권 광역급행철도),294870,IPARK현대산업개발
theme,237,GTX(수도권 광역급행철도),039980,폴라리스AI
theme,237,GTX(수도권 광역급행철도),017480,삼현철강
theme,237,GTX(수도권 광역급행철도),046940,우원개발
theme,237,GTX(수도권 광역급행철도),014790,HL D&I
theme,237,GTX(수도권 광역급행철도),054220,비츠로시스
theme,237,GTX(수도권 광역급행철도),001260,남광토건
theme,237,GTX(수도권 광역급행철도),005960,동부건설
theme,237,GTX(수도권 광역급행철도),011370,서한
theme,237,GTX(수도권 광역급행철도),026150,특수건설
theme,237,GTX(수도권 광역급행철도),002150,도화엔지니어링
theme,237,GTX(수도권 광역급행철도),028100,동아지질
theme,237,GTX(수도권 광역급행철도),054930,유신
theme,332,스마트카(SMART CAR),086960,MDS테크
theme,332,스마트카(SMART CAR),204320,HL만도
theme,332,스마트카(SMART CAR),000990,DB하이텍
theme,332,스마트카(SMART CAR),011070,LG이노텍
theme,332,스마트카(SMART CAR),012330,현대모비스
theme,332,스마트카(SMART CAR),118990,모트렉스
theme,332,스마트카(SMART CAR),053450,세코닉스
theme,332,스마트카(SMART CAR),097520,엠씨넥스
theme,332,스마트카(SMART CAR),038880,아이에이
theme,332,스마트카(SMART CAR),089850,유비벨록스
theme,332,스마트카(SMART CAR),352910,오비고
theme,332,스마트카(SMART CAR),039290,인포뱅크
theme,180,석유화학,009830,한화솔루션
theme,180,석유화학,096770,SK이노베이션
theme,180,석유화학,011790,SKC
theme,180,석유화학,161000,애경케미칼
theme,180,석유화학,104480,티케이케미칼
theme,180,석유화학,005950,이수화학
theme,180,석유화학,051910,LG화학
theme,180,석유화학,120110,코오롱인더
theme,180,석유화학,011170,롯데케미칼
theme,180,석유화학,011780,금호석유화학
theme,180,석유화학,102260,동성케미컬
theme,180,석유화학,006650,대한유화
theme,180,석유화학,083420,그린케미칼
theme,180,석유화학,025000,KPX케미칼
theme,180,석유화학,285130,SK케미칼
theme,180,석유화학,298000,효성화학
theme,180,석유화학,145990,삼양사
theme,180,석유화학,003240,태광산업
theme,386,수소에너지(수소차/연료전지 등),018880,한온시스템
theme,386,수소에너지(수소차/연료전지 등),009830,한화솔루션
theme,386,수소에너지(수소차/연료전지 등),010120,LS ELECTRIC
theme,386,수소에너지(수소차/연료전지 등),105740,디케이락
theme,386,수소에너지(수소차/연료전지 등),004020,현대제철
theme,386,수소에너지(수소차/연료전지 등),000270,기아
theme,386,수소에너지(수소차/연료전지 등),005380,현대차
theme,386,수소에너지(수소차/연료전지 등),012340,뉴인텍
theme,386,수소에너지(수소차/연료전지 등),336260,두산퓨얼셀
theme,386,수소에너지(수소차/연료전지 등),122350,삼기
theme,386,수소에너지(수소차/연료전지 등),064350,현대로템
theme,386,수소에너지(수소차/연료전지 등),382900,범한퓨얼셀
theme,386,수소에너지(수소차/연료전지 등),059090,미코
theme,386,수소에너지(수소차/연료전지 등),170920,엘티씨
theme,386,수소에너지(수소차/연료전지 등),025320,시노펙스
theme,386,수소에너지(수소차/연료전지 등),056190,SFA
theme,386,수소에너지(수소차/연료전지 등),298040,효성중공업
theme,386,수소에너지(수소차/연료전지 등),212710,아이에스티이
theme,386,수소에너지(수소차/연료전지 등),120110,코오롱인더
theme,386,수소에너지(수소차/연료전지 등),136150,원일티엔아이
theme,386,수소에너지(수소차/연료전지 등),096350,대창솔루션
theme,386,수소에너지(수소차/연료전지 등),126340,비나텍
theme,386,수소에너지(수소차/연료전지 등),034730,SK
theme,386,수소에너지(수소차/연료전지 등),078130,국일제지
theme,386,수소에너지(수소차/연료전지 등),011230,삼화전자
theme,386,수소에너지(수소차/연료전지 등),104830,원익머트리얼즈
theme,386,수소에너지(수소차/연료전지 등),000430,대원강업
theme,386,수소에너지(수소차/연료전지 등),110990,디아이티
theme,386,수소에너지(수소차/연료전지 등),053700,삼보모터스
theme,386,수소에너지(수소차/연료전지 등),090080,평화산업
theme,386,수소에너지(수소차/연료전지 등),019180,티에이치엔
theme,386,수소에너지(수소차/연료전지 등),066590,스모트로닉
theme,386,수소에너지(수소차/연료전지 등),013310,아진산업
theme,386,수소에너지(수소차/연료전지 등),0001A0,덕양에너젠
theme,386,수소에너지(수소차/연료전지 등),036890,진성티이씨
theme,386,수소에너지(수소차/연료전지 등),382480,지아이텍
theme,386,수소에너지(수소차/연료전지 등),011320,유니크
theme,386,수소에너지(수소차/연료전지 등),089980,상아프론테크
theme,386,수소에너지(수소차/연료전지 등),009320,아진전자부품
theme,386,수소에너지(수소차/연료전지 등),271940,일진하이솔루스
theme,386,수소에너지(수소차/연료전지 등),092780,DYP
theme,386,수소에너지(수소차/연료전지 등),033290,로젠
theme,386,수소에너지(수소차/연료전지 등),064960,SNT모티브
theme,386,수소에너지(수소차/연료전지 등),038880,아이에이
theme,386,수소에너지(수소차/연료전지 등),013570,디와이
theme,386,수소에너지(수소차/연료전지 등),080470,성창오토텍
theme,386,수소에너지(수소차/연료전지 등),086670,비엠티
theme,386,수소에너지(수소차/연료전지 등),023800,인지컨트롤스
theme,386,수소에너지(수소차/연료전지 등),033530,SJG세종
theme,386,수소에너지(수소차/연료전지 등),215360,우리산업
theme,386,수소에너지(수소차/연료전지 등),096630,에스코넥
theme,386,수소에너지(수소차/연료전지 등),126880,제이엔케이글로벌
theme,386,수소에너지(수소차/연료전지 등),010770,평화홀딩스
theme,386,수소에너지(수소차/연료전지 등),288620,에스프리즘
theme,386,수소에너지(수소차/연료전지 등),041930,SY동아
theme,386,수소에너지(수소차/연료전지 등),023900,풍국주정
theme,386,수소에너지(수소차/연료전지 등),290520,신도기연
theme,386,수소에너지(수소차/연료전지 등),009680,모토닉
theme,386,수소에너지(수소차/연료전지 등),019540,일지테크
theme,386,수소에너지(수소차/연료전지 등),265560,영화테크
theme,386,수소에너지(수소차/연료전지 등),085310,엔케이
theme,386,수소에너지(수소차/연료전지 등),234100,폴라리스세원
theme,386,수소에너지(수소차/연료전지 등),298000,효성화학
theme,386,수소에너지(수소차/연료전지 등),298050,HS효성첨단소재
theme,386,수소에너지(수소차/연료전지 등),361670,삼영에스앤씨
theme,386,수소에너지(수소차/연료전지 등),037370,EG
theme,386,수소에너지(수소차/연료전지 등),081000,일진다이아
theme,386,수소에너지(수소차/연료전지 등),038870,에코심플렉스
theme,386,수소에너지(수소차/연료전지 등),145990,삼양사
theme,386,수소에너지(수소차/연료전지 등),013870,지엠비코리아
theme,386,수소에너지(수소차/연료전지 등),377330,이지트로닉스
theme,386,수소에너지(수소차/연료전지 등),095910,에스에너지
theme,398,DMZ 평화공원,101670,하이드로리튬
theme,398,DMZ 평화공원,065950,웰크론
theme,398,DMZ 평화공원,056080,유진로봇
theme,398,DMZ 평화공원,010820,퍼스텍
theme,398,DMZ 평화공원,033170,시그네틱스
theme,398,DMZ 평화공원,071950,코아스
theme,398,DMZ 평화공원,007110,일신석재
theme,398,DMZ 평화공원,070960,모나용평
theme,398,DMZ 평화공원,006920,모헨즈
theme,398,DMZ 평화공원,020710,시공테크
theme,398,DMZ 평화공원,043910,자연과환경
theme,398,DMZ 평화공원,014970,삼륭물산
theme,398,DMZ 평화공원,069140,누리플랜
theme,398,DMZ 평화공원,004920,씨아이테크
theme,398,DMZ 평화공원,131180,딜리
theme,398,DMZ 평화공원,196700,웹스
theme,398,DMZ 평화공원,005740,크라운해태홀딩스
theme,398,DMZ 평화공원,140520,대창스틸
theme,543,의료AI,347700,스피어
theme,543,의료AI,223250,드림씨아이에스
theme,543,의료AI,084650,랩지노믹스
theme,543,의료AI,354200,엔젠바이오
theme,543,의료AI,328130,루닛
theme,543,의료AI,394800,쓰리빌리언
theme,543,의료AI,288980,모아데이타
theme,543,의료AI,393210,토마토시스템
theme,543,의료AI,108860,셀바스AI
theme,543,의료AI,208370,셀바스헬스케어
theme,543,의료AI,338220,뷰노
theme,543,의료AI,376900,로킷헬스케어
theme,543,의료AI,388870,파로스아이바이오
theme,543,의료AI,226330,신테카바이오
theme,543,의료AI,033230,인성정보
theme,543,의료AI,458870,씨어스
theme,543,의료AI,041020,폴라리스오피스
theme,543,의료AI,0007C0,아크릴
theme,543,의료AI,315640,딥노이드
theme,543,의료AI,041920,메디아나
theme,543,의료AI,322510,제이엘케이
theme,543,의료AI,127120,제이에스링크
theme,543,의료AI,380550,뉴로핏
theme,543,의료AI,340810,시선AI
theme,543,의료AI,099750,이지케어텍
theme,543,의료AI,382150,온코크로스
theme,543,의료AI,384470,코어라인소프트
theme,543,의료AI,376930,노을
theme,543,의료AI,419540,비스토스
theme,387,블록체인,042510,라온시큐어
theme,387,블록체인,203650,드림시큐리티
theme,387,블록체인,054920,한컴위드
theme,387,블록체인,035720,카카오
theme,387,블록체인,184230,SGA솔루션즈
theme,387,블록체인,035420,NAVER
theme,387,블록체인,192250,케이사인
theme,387,블록체인,150900,파수AI
theme,387,블록체인,017670,SK텔레콤
theme,387,블록체인,030200,KT
theme,387,블록체인,124500,아이티센글로벌
theme,387,블록체인,018260,삼성에스디에스
theme,387,블록체인,034730,SK
theme,387,블록체인,112040,위메이드
theme,387,블록체인,027830,대성창투
theme,387,블록체인,003550,LG
theme,387,블록체인,053350,이니텍
theme,387,블록체인,041460,한국전자인증
theme,387,블록체인,000700,유수홀딩스
theme,387,블록체인,131090,시큐브
theme,387,블록체인,042420,네오위즈홀딩스
theme,387,블록체인,286940,롯데이노베이트
theme,387,블록체인,039420,케이엘넷
theme,104,스마트홈(홈네트워크),005930,삼성전자
theme,104,스마트홈(홈네트워크),066570,LG전자
theme,104,스마트홈(홈네트워크),317400,자이에스앤디
theme,104,스마트홈(홈네트워크),032640,LG유플러스
theme,104,스마트홈(홈네트워크),199820,제일일렉트릭
theme,104,스마트홈(홈네트워크),022100,포스코DX
theme,104,스마트홈(홈네트워크),065770,CS
theme,104,스마트홈(홈네트워크),017670,SK텔레콤
theme,104,스마트홈(홈네트워크),030200,KT
theme,104,스마트홈(홈네트워크),091440,한울소재과학
theme,104,스마트홈(홈네트워크),032790,엠젠솔루션
theme,104,스마트홈(홈네트워크),038680,에스넷
theme,104,스마트홈(홈네트워크),039010,현대에이치티
theme,104,스마트홈(홈네트워크),044340,위닉스
theme,104,스마트홈(홈네트워크),012750,에스원
theme,104,스마트홈(홈네트워크),002230,피에스텍
theme,104,스마트홈(홈네트워크),009450,경동나비엔
theme,104,스마트홈(홈네트워크),479960,위너스일렉
theme,104,스마트홈(홈네트워크),040160,누리플렉스
theme,104,스마트홈(홈네트워크),015710,코콤
theme,104,스마트홈(홈네트워크),039570,HDC랩스
theme,104,스마트홈(홈네트워크),079430,현대리바트
theme,104,스마트홈(홈네트워크),057540,옴니시스템
theme,352,가상현실(VR),005930,삼성전자
theme,352,가상현실(VR),418620,E8
theme,352,가상현실(VR),066570,LG전자
theme,352,가상현실(VR),058610,에스피지
theme,352,가상현실(VR),418420,라온텍
theme,352,가상현실(VR),094360,칩스앤미디어
theme,352,가상현실(VR),066310,큐에스아이
theme,352,가상현실(VR),126700,하이비젼시스템
theme,352,가상현실(VR),274400,이노시뮬레이션
theme,352,가상현실(VR),094170,동운아나텍
theme,352,가상현실(VR),054210,이랜텍
theme,352,가상현실(VR),038680,에스넷
theme,352,가상현실(VR),193250,링크드
theme,352,가상현실(VR),190510,나무가
theme,352,가상현실(VR),035620,바른손이앤에이
theme,352,가상현실(VR),053450,세코닉스
theme,352,가상현실(VR),206560,덱스터
theme,352,가상현실(VR),033320,제이씨현시스템
theme,352,가상현실(VR),431190,케이쓰리아이
theme,352,가상현실(VR),047080,한빛소프트
theme,352,가상현실(VR),194480,데브시스터즈
theme,352,가상현실(VR),067160,SOOP
theme,352,가상현실(VR),020710,시공테크
theme,352,가상현실(VR),096630,에스코넥
theme,352,가상현실(VR),290520,신도기연
theme,352,가상현실(VR),045340,토탈소프트
theme,405,MLCC(적층세라믹콘덴서),001820,삼화콘덴서
theme,405,MLCC(적층세라믹콘덴서),052710,아모텍
theme,405,MLCC(적층세라믹콘덴서),009150,삼성전기
theme,405,MLCC(적층세라믹콘덴서),126730,코칩
theme,405,MLCC(적층세라믹콘덴서),457370,한켐
theme,405,MLCC(적층세라믹콘덴서),306620,지아이에스
theme,405,MLCC(적층세라믹콘덴서),078600,대주전자재료
theme,405,MLCC(적층세라믹콘덴서),320000,한울반도체
theme,405,MLCC(적층세라믹콘덴서),149950,아바텍
theme,405,MLCC(적층세라믹콘덴서),005070,코스모신소재
theme,405,MLCC(적층세라믹콘덴서),382840,원준
theme,568,코리아 밸류업 지수(Korea Value-up Index),005930,삼성전자
theme,568,코리아 밸류업 지수(Korea Value-up Index),403870,HPSP
theme,568,코리아 밸류업 지수(Korea Value-up Index),000660,SK하이닉스
theme,568,코리아 밸류업 지수(Korea Value-up Index),036930,주성엔지니어링
theme,568,코리아 밸류업 지수(Korea Value-up Index),003490,대한항공
theme,568,코리아 밸류업 지수(Korea Value-up Index),316140,우리금융지주
theme,568,코리아 밸류업 지수(Korea Value-up Index),010120,LS ELECTRIC
theme,568,코리아 밸류업 지수(Korea Value-up Index),006800,미래에셋증권
theme,568,코리아 밸류업 지수(Korea Value-up Index),058470,리노공업
theme,568,코리아 밸류업 지수(Korea Value-up Index),192650,드림텍
theme,568,코리아 밸류업 지수(Korea Value-up Index),000270,기아
theme,568,코리아 밸류업 지수(Korea Value-up Index),005380,현대차
theme,568,코리아 밸류업 지수(Korea Value-up Index),055550,신한지주
theme,568,코리아 밸류업 지수(Korea Value-up Index),272210,한화시스템
theme,568,코리아 밸류업 지수(Korea Value-up Index),319660,피에스케이
theme,568,코리아 밸류업 지수(Korea Value-up Index),005290,동진쎄미켐
theme,568,코리아 밸류업 지수(Korea Value-up Index),103140,풍산
theme,568,코리아 밸류업 지수(Korea Value-up Index),011200,HMM
theme,568,코리아 밸류업 지수(Korea Value-up Index),052690,한전기술
theme,568,코리아 밸류업 지수(Korea Value-up Index),086790,하나금융지주
theme,568,코리아 밸류업 지수(Korea Value-up Index),336570,원텍
theme,568,코리아 밸류업 지수(Korea Value-up Index),042700,한미반도체
theme,568,코리아 밸류업 지수(Korea Value-up Index),105560,KB금융
theme,568,코리아 밸류업 지수(Korea Value-up Index),047810,한국항공우주
theme,568,코리아 밸류업 지수(Korea Value-up Index),047050,포스코인터내셔널
theme,568,코리아 밸류업 지수(Korea Value-up Index),000990,DB하이텍
theme,568,코리아 밸류업 지수(Korea Value-up Index),183300,코미코
theme,568,코리아 밸류업 지수(Korea Value-up Index),030000,제일기획
theme,568,코리아 밸류업 지수(Korea Value-up Index),290650,엘앤씨바이오
theme,568,코리아 밸류업 지수(Korea Value-up Index),090430,아모레퍼시픽
theme,568,코리아 밸류업 지수(Korea Value-up Index),064350,현대로템
theme,568,코리아 밸류업 지수(Korea Value-up Index),035900,JYP Ent.
theme,568,코리아 밸류업 지수(Korea Value-up Index),267260,HD현대일렉트릭
theme,568,코리아 밸류업 지수(Korea Value-up Index),175330,JB금융지주
theme,568,코리아 밸류업 지수(Korea Value-up Index),022100,포스코DX
theme,568,코리아 밸류업 지수(Korea Value-up Index),033100,제룡전기
theme,568,코리아 밸류업 지수(Korea Value-up Index),017670,SK텔레콤
theme,568,코리아 밸류업 지수(Korea Value-up Index),011070,LG이노텍
theme,568,코리아 밸류업 지수(Korea Value-up Index),016360,삼성증권
theme,568,코리아 밸류업 지수(Korea Value-up Index),192820,코스맥스
theme,568,코리아 밸류업 지수(Korea Value-up Index),031980,피에스케이홀딩스
theme,568,코리아 밸류업 지수(Korea Value-up Index),267250,HD현대
theme,568,코리아 밸류업 지수(Korea Value-up Index),030200,KT
theme,568,코리아 밸류업 지수(Korea Value-up Index),383310,에코프로에이치엔
theme,568,코리아 밸류업 지수(Korea Value-up Index),012330,현대모비스
theme,568,코리아 밸류업 지수(Korea Value-up Index),298040,효성중공업
theme,568,코리아 밸류업 지수(Korea Value-up Index),012450,한화에어로스페이스
theme,568,코리아 밸류업 지수(Korea Value-up Index),128940,한미약품
theme,568,코리아 밸류업 지수(Korea Value-up Index),033780,KT&G
theme,568,코리아 밸류업 지수(Korea Value-up Index),079550,LIG디펜스앤에어로스페이스
theme,568,코리아 밸류업 지수(Korea Value-up Index),005830,DB손해보험
theme,568,코리아 밸류업 지수(Korea Value-up Index),336370,솔루스첨단소재
theme,568,코리아 밸류업 지수(Korea Value-up Index),214150,클래시스
theme,568,코리아 밸류업 지수(Korea Value-up Index),086280,현대글로비스
theme,568,코리아 밸류업 지수(Korea Value-up Index),071050,한국금융지주
theme,568,코리아 밸류업 지수(Korea Value-up Index),035250,강원랜드
theme,568,코리아 밸류업 지수(Korea Value-up Index),009900,명신산업
theme,568,코리아 밸류업 지수(Korea Value-up Index),381970,KG모빌리티플랫폼
theme,568,코리아 밸류업 지수(Korea Value-up Index),008930,한미사이언스
theme,568,코리아 밸류업 지수(Korea Value-up Index),051600,한전KPS
theme,568,코리아 밸류업 지수(Korea Value-up Index),021240,코웨이
theme,568,코리아 밸류업 지수(Korea Value-up Index),138040,메리츠금융지주
theme,568,코리아 밸류업 지수(Korea Value-up Index),272290,이녹스첨단소재
theme,568,코리아 밸류업 지수(Korea Value-up Index),241560,두산밥캣
theme,568,코리아 밸류업 지수(Korea Value-up Index),214450,파마리서치
theme,568,코리아 밸류업 지수(Korea Value-up Index),348210,넥스틴
theme,568,코리아 밸류업 지수(Korea Value-up Index),192080,더블유게임즈
theme,568,코리아 밸류업 지수(Korea Value-up Index),259960,크래프톤
theme,568,코리아 밸류업 지수(Korea Value-up Index),011780,금호석유화학
theme,568,코리아 밸류업 지수(Korea Value-up Index),017800,현대엘리베이터
theme,568,코리아 밸류업 지수(Korea Value-up Index),001060,JW중외제약
theme,568,코리아 밸류업 지수(Korea Value-up Index),012750,에스원
theme,568,코리아 밸류업 지수(Korea Value-up Index),030190,NICE평가정보
theme,568,코리아 밸류업 지수(Korea Value-up Index),005180,빙그레
theme,568,코리아 밸류업 지수(Korea Value-up Index),064760,티씨케이
theme,568,코리아 밸류업 지수(Korea Value-up Index),039490,키움증권
theme,568,코리아 밸류업 지수(Korea Value-up Index),383220,F&F
theme,568,코리아 밸류업 지수(Korea Value-up Index),271560,오리온
theme,568,코리아 밸류업 지수(Korea Value-up Index),000810,삼성화재
theme,568,코리아 밸류업 지수(Korea Value-up Index),140860,파크시스템스
theme,568,코리아 밸류업 지수(Korea Value-up Index),282330,BGF리테일
theme,568,코리아 밸류업 지수(Korea Value-up Index),026960,동서
theme,568,코리아 밸류업 지수(Korea Value-up Index),089860,롯데렌탈
theme,568,코리아 밸류업 지수(Korea Value-up Index),018670,SK가스
theme,568,코리아 밸류업 지수(Korea Value-up Index),357780,솔브레인
theme,568,코리아 밸류업 지수(Korea Value-up Index),180640,한진칼
theme,568,코리아 밸류업 지수(Korea Value-up Index),003230,삼양식품
theme,568,코리아 밸류업 지수(Korea Value-up Index),009450,경동나비엔
theme,568,코리아 밸류업 지수(Korea Value-up Index),009240,한샘
theme,568,코리아 밸류업 지수(Korea Value-up Index),067160,SOOP
theme,568,코리아 밸류업 지수(Korea Value-up Index),215200,메가스터디교육
theme,568,코리아 밸류업 지수(Korea Value-up Index),014680,한솔케미칼
theme,568,코리아 밸류업 지수(Korea Value-up Index),145720,덴티움
theme,568,코리아 밸류업 지수(Korea Value-up Index),014820,동원시스템즈
theme,568,코리아 밸류업 지수(Korea Value-up Index),185750,종근당
theme,568,코리아 밸류업 지수(Korea Value-up Index),005300,롯데칠성
theme,568,코리아 밸류업 지수(Korea Value-up Index),298020,효성티앤씨
theme,568,코리아 밸류업 지수(Korea Value-up Index),039130,하나투어
theme,568,코리아 밸류업 지수(Korea Value-up Index),002840,미원상사
theme,576,퓨리오사AI,393210,토마토시스템
theme,576,퓨리오사AI,293580,나우IB
theme,576,퓨리오사AI,124500,아이티센글로벌
theme,576,퓨리오사AI,054300,팬스타엔터프라이즈
theme,576,퓨리오사AI,317770,엑스페릭스
theme,576,퓨리오사AI,241520,DSC인베스트먼트
theme,576,퓨리오사AI,309960,LB인베스트먼트
theme,576,퓨리오사AI,246690,TS인베스트먼트
theme,576,퓨리오사AI,096250,와이즈넛
theme,576,퓨리오사AI,389140,포바이포
theme,576,퓨리오사AI,088340,유라클
theme,521,애플페이,065440,이루온
theme,521,애플페이,060250,NHN KCP
theme,521,애플페이,036800,나이스정보통신
theme,521,애플페이,373200,엑스플러스
theme,521,애플페이,046440,KG파이낸셜
theme,521,애플페이,034310,NICE
theme,521,애플페이,025770,한국정보통신
theme,521,애플페이,035600,KG이니시스
theme,152,온실가스(탄소배출권)/탄소 포집·활용·저장(CCUS),093370,후성
theme,152,온실가스(탄소배출권)/탄소 포집·활용·저장(CCUS),086520,에코프로
theme,152,온실가스(탄소배출권)/탄소 포집·활용·저장(CCUS),059090,미코
theme,152,온실가스(탄소배출권)/탄소 포집·활용·저장(CCUS),383310,에코프로에이치엔
theme,152,온실가스(탄소배출권)/탄소 포집·활용·저장(CCUS),036170,에이치엠넥스
theme,152,온실가스(탄소배출권)/탄소 포집·활용·저장(CCUS),220260,켐트로스
theme,152,온실가스(탄소배출권)/탄소 포집·활용·저장(CCUS),004140,동방
theme,152,온실가스(탄소배출권)/탄소 포집·활용·저장(CCUS),008250,이건산업
theme,152,온실가스(탄소배출권)/탄소 포집·활용·저장(CCUS),025750,한솔홈데코
theme,152,온실가스(탄소배출권)/탄소 포집·활용·저장(CCUS),163280,에어레인
theme,152,온실가스(탄소배출권)/탄소 포집·활용·저장(CCUS),069260,TKG휴켐스
theme,152,온실가스(탄소배출권)/탄소 포집·활용·저장(CCUS),005090,SGC에너지
theme,152,온실가스(탄소배출권)/탄소 포집·활용·저장(CCUS),083420,그린케미칼
theme,152,온실가스(탄소배출권)/탄소 포집·활용·저장(CCUS),033530,SJG세종
theme,152,온실가스(탄소배출권)/탄소 포집·활용·저장(CCUS),448280,에코아이
theme,152,온실가스(탄소배출권)/탄소 포집·활용·저장(CCUS),014830,유니드
theme,152,온실가스(탄소배출권)/탄소 포집·활용·저장(CCUS),038870,에코심플렉스
theme,72,철강 중소형,008970,KBI동양철관
theme,72,철강 중소형,005160,동국산업
theme,72,철강 중소형,100090,SK오션플랜트
theme,72,철강 중소형,002710,TCC스틸
theme,72,철강 중소형,071090,하이스틸
theme,72,철강 중소형,053260,금강철강
theme,72,철강 중소형,092790,넥스틸
theme,72,철강 중소형,023790,동일스틸럭스
theme,72,철강 중소형,005010,휴스틸
theme,72,철강 중소형,162300,신스틸
theme,72,철강 중소형,014280,금강공업
theme,72,철강 중소형,026940,부국철강
theme,72,철강 중소형,475430,키스트론
theme,72,철강 중소형,008260,NI스틸
theme,72,철강 중소형,008420,문배철강
theme,72,철강 중소형,002690,동일제강
theme,72,철강 중소형,017480,삼현철강
theme,72,철강 중소형,002220,한일철강
theme,72,철강 중소형,146060,율촌
theme,72,철강 중소형,007280,한국특강
theme,72,철강 중소형,049430,코메론
theme,72,철강 중소형,000970,한국주철관
theme,72,철강 중소형,048470,대동스틸
theme,72,철강 중소형,004560,현대비앤지스틸
theme,72,철강 중소형,039240,경남스틸
theme,72,철강 중소형,133820,화인베스틸
theme,72,철강 중소형,069730,DSR제강
theme,72,철강 중소형,001080,만호제강
theme,72,철강 중소형,139990,아주스틸
theme,72,철강 중소형,021040,대호특수강
theme,72,철강 중소형,263770,유에스티
theme,72,철강 중소형,012620,원일특강
theme,72,철강 중소형,012160,영흥
theme,72,철강 중소형,140520,대창스틸
theme,72,철강 중소형,060380,동양에스텍
theme,72,철강 중소형,004890,동일산업
theme,331,가상화폐(비트코인 등),041190,우리기술투자
theme,331,가상화폐(비트코인 등),035720,카카오
theme,331,가상화폐(비트코인 등),003530,한화투자증권
theme,331,가상화폐(비트코인 등),184230,SGA솔루션즈
theme,331,가상화폐(비트코인 등),064260,다날
theme,331,가상화폐(비트코인 등),094480,갤럭시아머니트리
theme,331,가상화폐(비트코인 등),036090,위지트
theme,331,가상화폐(비트코인 등),290560,파라택시스이더리움
theme,331,가상화폐(비트코인 등),036620,감성코퍼레이션
theme,331,가상화폐(비트코인 등),377030,비트맥스
theme,331,가상화폐(비트코인 등),112040,위메이드
theme,331,가상화폐(비트코인 등),019550,SBI인베스트먼트
theme,331,가상화폐(비트코인 등),021080,에이티넘인베스트
theme,331,가상화폐(비트코인 등),057680,티사이언티픽
theme,331,가상화폐(비트코인 등),246690,TS인베스트먼트
theme,331,가상화폐(비트코인 등),033320,제이씨현시스템
theme,331,가상화폐(비트코인 등),095660,네오위즈
theme,331,가상화폐(비트코인 등),049470,비트플래닛
theme,331,가상화폐(비트코인 등),042420,네오위즈홀딩스
theme,331,가상화폐(비트코인 등),214270,FSN
theme,331,가상화폐(비트코인 등),046440,KG파이낸셜
theme,331,가상화폐(비트코인 등),058630,엠게임
theme,331,가상화폐(비트코인 등),093520,매커스
theme,331,가상화폐(비트코인 등),063080,컴투스홀딩스
theme,331,가상화폐(비트코인 등),101140,인바이오젠
theme,501,리비안(RIVIAN),012860,모베이스전자
theme,501,리비안(RIVIAN),222080,SFA넥셀
theme,501,리비안(RIVIAN),002710,TCC스틸
theme,501,리비안(RIVIAN),091580,상신이디피
theme,501,리비안(RIVIAN),006400,삼성SDI
theme,501,리비안(RIVIAN),047050,포스코인터내셔널
theme,501,리비안(RIVIAN),204320,HL만도
theme,501,리비안(RIVIAN),354320,알멕
theme,501,리비안(RIVIAN),125210,아모그린텍
theme,501,리비안(RIVIAN),137400,피엔티
theme,501,리비안(RIVIAN),240600,유진테크놀로지
theme,501,리비안(RIVIAN),128540,에코캡
theme,501,리비안(RIVIAN),013570,디와이
theme,501,리비안(RIVIAN),024890,대원화성
theme,501,리비안(RIVIAN),215360,우리산업
theme,501,리비안(RIVIAN),043370,피에이치에이
theme,501,리비안(RIVIAN),004270,남성
theme,501,리비안(RIVIAN),234100,폴라리스세원
theme,501,리비안(RIVIAN),075970,동국알앤에스
theme,501,리비안(RIVIAN),002880,디와이에이
theme,501,리비안(RIVIAN),017370,우신시스템
theme,385,키오스크(KIOSK),115500,케이씨에스
theme,385,키오스크(KIOSK),136540,윈스테크넷
theme,385,키오스크(KIOSK),094940,푸른로보틱스
theme,385,키오스크(KIOSK),089150,케이씨티
theme,385,키오스크(KIOSK),004920,씨아이테크
theme,385,키오스크(KIOSK),177830,파버나인
theme,385,키오스크(KIOSK),052600,한네트
theme,385,키오스크(KIOSK),101140,인바이오젠
theme,385,키오스크(KIOSK),105760,포스뱅크
theme,385,키오스크(KIOSK),063570,NICE인프라
theme,227,전기차,043260,성호전자
theme,227,전기차,018880,한온시스템
theme,227,전기차,452190,한빛레이저
theme,227,전기차,066570,LG전자
theme,227,전기차,396300,HT로보틱스
theme,227,전기차,417200,LS머트리얼즈
theme,227,전기차,010120,LS ELECTRIC
theme,227,전기차,178320,서진시스템
theme,227,전기차,001820,삼화콘덴서
theme,227,전기차,012860,모베이스전자
theme,227,전기차,096770,SK이노베이션
theme,227,전기차,222080,SFA넥셀
theme,227,전기차,000270,기아
theme,227,전기차,419050,삼기에너지솔루션즈
theme,227,전기차,005380,현대차
theme,227,전기차,003620,KG모빌리티
theme,227,전기차,012340,뉴인텍
theme,227,전기차,066970,엘앤에프
theme,227,전기차,091580,상신이디피
theme,227,전기차,092220,KEC
theme,227,전기차,122350,삼기
theme,227,전기차,006400,삼성SDI
theme,227,전기차,217820,원익피앤이
theme,227,전기차,204320,HL만도
theme,227,전기차,012200,계양전기
theme,227,전기차,243840,신흥에스이씨
theme,227,전기차,107640,한중엔시에스
theme,227,전기차,373220,LG에너지솔루션
theme,227,전기차,160190,하이젠알앤엠
theme,227,전기차,011790,SKC
theme,227,전기차,354320,알멕
theme,227,전기차,259630,엠플러스
theme,227,전기차,355690,에이텀
theme,227,전기차,355150,코스텍시스
theme,227,전기차,0011A0,액스비스
theme,227,전기차,348370,엔켐
theme,227,전기차,092200,디아이씨
theme,227,전기차,003720,삼영
theme,227,전기차,058430,포스코스틸리온
theme,227,전기차,012330,현대모비스
theme,227,전기차,417010,나노팀
theme,227,전기차,114190,강원에너지
theme,227,전기차,125210,아모그린텍
theme,227,전기차,085910,네오티스
theme,227,전기차,051910,LG화학
theme,227,전기차,336370,솔루스첨단소재
theme,227,전기차,900070,글로벌에스엠
theme,227,전기차,005070,코스모신소재
theme,227,전기차,014910,성문전자
theme,227,전기차,123040,엠에스오토텍
theme,227,전기차,009900,명신산업
theme,227,전기차,010690,화신
theme,227,전기차,011230,삼화전자
theme,227,전기차,212560,네오오토
theme,227,전기차,024740,한일단조
theme,227,전기차,053700,삼보모터스
theme,227,전기차,047310,파워로직스
theme,227,전기차,416180,신성에스티
theme,227,전기차,038110,에코플라스틱
theme,227,전기차,066590,스모트로닉
theme,227,전기차,013310,아진산업
theme,227,전기차,009470,삼화전기
theme,227,전기차,011210,현대위아
theme,227,전기차,024900,디와이덕양
theme,227,전기차,089980,상아프론테크
theme,227,전기차,009320,아진전자부품
theme,227,전기차,463480,모티브링크
theme,227,전기차,033310,엠투엔
theme,227,전기차,064960,SNT모티브
theme,227,전기차,038880,아이에이
theme,227,전기차,000240,한국앤컴퍼니
theme,227,전기차,002230,피에스텍
theme,227,전기차,024910,경창산업
theme,227,전기차,170030,현대공업
theme,227,전기차,081150,티플랙스
theme,227,전기차,080470,성창오토텍
theme,227,전기차,023800,인지컨트롤스
theme,227,전기차,215360,우리산업
theme,227,전기차,214330,금호에이치티
theme,227,전기차,105550,엣지파운드리
theme,227,전기차,273640,와이엠텍
theme,227,전기차,041930,SY동아
theme,227,전기차,025540,한국단자
theme,227,전기차,198940,한주라이트메탈
theme,227,전기차,051490,나라엠앤디
theme,227,전기차,115160,휴맥스
theme,227,전기차,265560,영화테크
theme,227,전기차,234100,폴라리스세원
theme,227,전기차,263770,유에스티
theme,227,전기차,361670,삼영에스앤씨
theme,227,전기차,452400,이닉스
theme,227,전기차,308170,씨티알모빌리티
theme,227,전기차,900260,로스웰
theme,227,전기차,017370,우신시스템
theme,227,전기차,013870,지엠비코리아
theme,227,전기차,023810,인팩
theme,227,전기차,090150,아이윈
theme,227,전기차,377330,이지트로닉스
theme,474,쿠팡(coupang),067170,오텍
theme,474,쿠팡(coupang),009070,KCTC
theme,474,쿠팡(coupang),064260,다날
theme,474,쿠팡(coupang),234340,헥토파이낸셜
theme,474,쿠팡(coupang),094480,갤럭시아머니트리
theme,474,쿠팡(coupang),092200,디아이씨
theme,474,쿠팡(coupang),054300,팬스타엔터프라이즈
theme,474,쿠팡(coupang),321820,아티스트컴퍼니
theme,474,쿠팡(coupang),289010,아이스크림에듀
theme,474,쿠팡(coupang),004140,동방
theme,474,쿠팡(coupang),365550,ESR켄달스퀘어리츠
theme,474,쿠팡(coupang),004410,서울식품
theme,474,쿠팡(coupang),218150,미래생명자원
theme,474,쿠팡(coupang),160550,NEW
theme,474,쿠팡(coupang),086980,쇼박스
theme,474,쿠팡(coupang),006200,한국전자홀딩스
theme,474,쿠팡(coupang),236810,엔비티
theme,474,쿠팡(coupang),006890,태경케미컬
theme,474,쿠팡(coupang),025770,한국정보통신
theme,474,쿠팡(coupang),189980,흥국에프엔비
theme,474,쿠팡(coupang),297570,아틀라스링크
theme,149,원격진료/비대면진료(U-Healthcare),347700,스피어
theme,149,원격진료/비대면진료(U-Healthcare),439580,블루엠텍
theme,149,원격진료/비대면진료(U-Healthcare),393210,토마토시스템
theme,149,원격진료/비대면진료(U-Healthcare),039860,나노엔텍
theme,149,원격진료/비대면진료(U-Healthcare),365660,레몬헬스케어
theme,149,원격진료/비대면진료(U-Healthcare),290660,다이나믹솔루션
theme,149,원격진료/비대면진료(U-Healthcare),005250,녹십자홀딩스
theme,149,원격진료/비대면진료(U-Healthcare),085660,차바이오텍
theme,149,원격진료/비대면진료(U-Healthcare),033230,인성정보
theme,149,원격진료/비대면진료(U-Healthcare),458870,씨어스
theme,149,원격진료/비대면진료(U-Healthcare),071200,인피니트헬스케어
theme,149,원격진료/비대면진료(U-Healthcare),322510,제이엘케이
theme,149,원격진료/비대면진료(U-Healthcare),078160,메디포스트
theme,149,원격진료/비대면진료(U-Healthcare),131370,알서포트
theme,149,원격진료/비대면진료(U-Healthcare),041830,인바디
theme,149,원격진료/비대면진료(U-Healthcare),032850,비트컴퓨터
theme,149,원격진료/비대면진료(U-Healthcare),032680,소프트센
theme,149,원격진료/비대면진료(U-Healthcare),099750,이지케어텍
theme,149,원격진료/비대면진료(U-Healthcare),032620,GC메디아이
theme,149,원격진료/비대면진료(U-Healthcare),038290,마크로젠
theme,149,원격진료/비대면진료(U-Healthcare),263700,케어랩스
theme,149,원격진료/비대면진료(U-Healthcare),100120,뷰웍스
theme,311,고령화 사회(노인복지),005930,삼성전자
theme,311,고령화 사회(노인복지),047920,HLB제약
theme,311,고령화 사회(노인복지),052260,현대바이오랜드
theme,311,고령화 사회(노인복지),950160,코오롱티슈진
theme,311,고령화 사회(노인복지),067170,오텍
theme,311,고령화 사회(노인복지),006140,피제이전자
theme,311,고령화 사회(노인복지),003220,대원제약
theme,311,고령화 사회(노인복지),039860,나노엔텍
theme,311,고령화 사회(노인복지),005250,녹십자홀딩스
theme,311,고령화 사회(노인복지),060280,큐렉소
theme,311,고령화 사회(노인복지),032940,원익
theme,311,고령화 사회(노인복지),174900,앱클론
theme,311,고령화 사회(노인복지),085660,차바이오텍
theme,311,고령화 사회(노인복지),039200,오스코텍
theme,311,고령화 사회(노인복지),051910,LG화학
theme,311,고령화 사회(노인복지),033230,인성정보
theme,311,고령화 사회(노인복지),071200,인피니트헬스케어
theme,311,고령화 사회(노인복지),078160,메디포스트
theme,311,고령화 사회(노인복지),119610,인터로조
theme,311,고령화 사회(노인복지),220100,퓨쳐켐
theme,311,고령화 사회(노인복지),066700,테라젠이텍스
theme,311,고령화 사회(노인복지),065510,휴비츠
theme,311,고령화 사회(노인복지),001060,JW중외제약
theme,311,고령화 사회(노인복지),041830,인바디
theme,311,고령화 사회(노인복지),032850,비트컴퓨터
theme,311,고령화 사회(노인복지),115480,씨유메디칼
theme,311,고령화 사회(노인복지),460940,피앤에스로보틱스
theme,311,고령화 사회(노인복지),032620,GC메디아이
theme,311,고령화 사회(노인복지),038290,마크로젠
theme,311,고령화 사회(노인복지),059210,메타바이오메드
theme,311,고령화 사회(노인복지),100700,세운메디칼
theme,311,고령화 사회(노인복지),043150,바텍
theme,311,고령화 사회(노인복지),099190,아이센스
theme,311,고령화 사회(노인복지),100120,뷰웍스
theme,311,고령화 사회(노인복지),004080,신흥
theme,462,UAM(도심항공모빌리티),003490,대한항공
theme,462,UAM(도심항공모빌리티),035720,카카오
theme,462,UAM(도심항공모빌리티),274090,켄코아에어로스페이스
theme,462,UAM(도심항공모빌리티),005380,현대차
theme,462,UAM(도심항공모빌리티),000720,현대건설
theme,462,UAM(도심항공모빌리티),272210,한화시스템
theme,462,UAM(도심항공모빌리티),047810,한국항공우주
theme,462,UAM(도심항공모빌리티),010820,퍼스텍
theme,462,UAM(도심항공모빌리티),078930,GS
theme,462,UAM(도심항공모빌리티),032640,LG유플러스
theme,462,UAM(도심항공모빌리티),089590,제주항공
theme,462,UAM(도심항공모빌리티),306620,지아이에스
theme,462,UAM(도심항공모빌리티),017670,SK텔레콤
theme,462,UAM(도심항공모빌리티),368770,파이버프로
theme,462,UAM(도심항공모빌리티),030200,KT
theme,462,UAM(도심항공모빌리티),079550,LIG디펜스앤에어로스페이스
theme,462,UAM(도심항공모빌리티),017960,한국카본
theme,462,UAM(도심항공모빌리티),035460,기산텔레콤
theme,462,UAM(도심항공모빌리티),177350,베셀
theme,462,UAM(도심항공모빌리티),002350,넥센타이어
theme,462,UAM(도심항공모빌리티),066590,스모트로닉
theme,462,UAM(도심항공모빌리티),200880,서연이화
theme,462,UAM(도심항공모빌리티),004270,남성
theme,462,UAM(도심항공모빌리티),221840,하이즈항공
theme,529,AI 챗봇(챗GPT 등),443670,에스피소프트
theme,529,AI 챗봇(챗GPT 등),204620,글로벌텍스프리
theme,529,AI 챗봇(챗GPT 등),035720,카카오
theme,529,AI 챗봇(챗GPT 등),007660,이수페타시스
theme,529,AI 챗봇(챗GPT 등),357880,SKAI
theme,529,AI 챗봇(챗GPT 등),035420,NAVER
theme,529,AI 챗봇(챗GPT 등),205100,엑셈
theme,529,AI 챗봇(챗GPT 등),108860,셀바스AI
theme,529,AI 챗봇(챗GPT 등),030520,한컴
theme,529,AI 챗봇(챗GPT 등),263800,데이타솔루션
theme,529,AI 챗봇(챗GPT 등),018260,삼성에스디에스
theme,529,AI 챗봇(챗GPT 등),300080,플리토
theme,529,AI 챗봇(챗GPT 등),041020,폴라리스오피스
theme,529,AI 챗봇(챗GPT 등),0007C0,아크릴
theme,529,AI 챗봇(챗GPT 등),304100,솔트룩스
theme,529,AI 챗봇(챗GPT 등),301300,바이브컴퍼니
theme,529,AI 챗봇(챗GPT 등),039980,폴라리스AI
theme,529,AI 챗봇(챗GPT 등),047560,이스트소프트
theme,529,AI 챗봇(챗GPT 등),096250,와이즈넛
theme,529,AI 챗봇(챗GPT 등),377480,마음AI
theme,529,AI 챗봇(챗GPT 등),072130,유엔젤
theme,529,AI 챗봇(챗GPT 등),450520,인스웨이브
theme,529,AI 챗봇(챗GPT 등),402030,코난테크놀로지
theme,529,AI 챗봇(챗GPT 등),064480,브리지텍
theme,529,AI 챗봇(챗GPT 등),466410,사이냅소프트
theme,529,AI 챗봇(챗GPT 등),417970,모델솔루션
theme,529,AI 챗봇(챗GPT 등),333050,이노테나
theme,529,AI 챗봇(챗GPT 등),279600,미디어젠
theme,529,AI 챗봇(챗GPT 등),039290,인포뱅크
theme,529,AI 챗봇(챗GPT 등),060850,영림원소프트랩
theme,529,AI 챗봇(챗GPT 등),099390,브레인즈컴퍼니
theme,165,은행,316140,우리금융지주
theme,165,은행,138930,BNK금융지주
theme,165,은행,055550,신한지주
theme,165,은행,086790,하나금융지주
theme,165,은행,105560,KB금융
theme,165,은행,323410,카카오뱅크
theme,165,은행,024110,기업은행
theme,165,은행,139130,iM금융지주
theme,165,은행,175330,JB금융지주
theme,165,은행,279570,케이뱅크
theme,165,은행,006220,제주은행
theme,342,핀테크(FinTech),042510,라온시큐어
theme,342,핀테크(FinTech),158430,아톤
theme,342,핀테크(FinTech),054920,한컴위드
theme,342,핀테크(FinTech),035720,카카오
theme,342,핀테크(FinTech),052710,아모텍
theme,342,핀테크(FinTech),184230,SGA솔루션즈
theme,342,핀테크(FinTech),064260,다날
theme,342,핀테크(FinTech),232830,아이티센피엔에스
theme,342,핀테크(FinTech),035420,NAVER
theme,342,핀테크(FinTech),053300,한국정보인증
theme,342,핀테크(FinTech),067920,이글루
theme,342,핀테크(FinTech),163730,핑거
theme,342,핀테크(FinTech),234340,헥토파이낸셜
theme,342,핀테크(FinTech),094480,갤럭시아머니트리
theme,342,핀테크(FinTech),030200,KT
theme,342,핀테크(FinTech),060250,NHN KCP
theme,342,핀테크(FinTech),377300,카카오페이
theme,342,핀테크(FinTech),081580,성우전자
theme,342,핀테크(FinTech),034730,SK
theme,342,핀테크(FinTech),053350,이니텍
theme,342,핀테크(FinTech),214180,헥토이노베이션
theme,342,핀테크(FinTech),041460,한국전자인증
theme,342,핀테크(FinTech),047560,이스트소프트
theme,342,핀테크(FinTech),052400,코나아이
theme,342,핀테크(FinTech),408470,한패스
theme,342,핀테크(FinTech),131090,시큐브
theme,342,핀테크(FinTech),079940,가비아
theme,342,핀테크(FinTech),046440,KG파이낸셜
theme,342,핀테크(FinTech),064480,브리지텍
theme,342,핀테크(FinTech),053580,웹케시
theme,342,핀테크(FinTech),025770,한국정보통신
theme,342,핀테크(FinTech),035600,KG이니시스
theme,342,핀테크(FinTech),039290,인포뱅크
theme,590,2026 상반기 신규상장,439960,코스모로보틱스
theme,590,2026 상반기 신규상장,0017J0,세미티에스
theme,590,2026 상반기 신규상장,477850,마키나락스
theme,590,2026 상반기 신규상장,0010F0,보원케미칼
theme,590,2026 상반기 신규상장,493280,아이엠바이오로직스
theme,590,2026 상반기 신규상장,0088M0,메쥬
theme,590,2026 상반기 신규상장,279570,케이뱅크
theme,590,2026 상반기 신규상장,475040,스트라드비젼
theme,590,2026 상반기 신규상장,0011A0,액스비스
theme,590,2026 상반기 신규상장,153890,져스텍
theme,590,2026 상반기 신규상장,487580,폴레드
theme,590,2026 상반기 신규상장,0004V0,엔비알모션
theme,590,2026 상반기 신규상장,394420,리센스메디컬
theme,590,2026 상반기 신규상장,0011T0,채비
theme,590,2026 상반기 신규상장,0007J0,인벤테라
theme,590,2026 상반기 신규상장,0001A0,덕양에너젠
theme,590,2026 상반기 신규상장,0082N0,카나프테라퓨틱스
theme,590,2026 상반기 신규상장,493330,지에프아이
theme,590,2026 상반기 신규상장,0117P0,피스피스스튜디오
theme,590,2026 상반기 신규상장,408470,한패스
theme,590,2026 상반기 신규상장,288180,케이피항공산업
theme,590,2026 상반기 신규상장,458350,에스팀
theme,590,2026 상반기 신규상장,0164H0,한국제16호스팩
theme,590,2026 상반기 신규상장,0165X0,메리츠제2호스팩
theme,590,2026 상반기 신규상장,0115H0,삼성스팩13호
theme,590,2026 상반기 신규상장,0131D0,키움히어로제2호스팩
theme,590,2026 상반기 신규상장,0130D0,신한제17호스팩
theme,590,2026 상반기 신규상장,0134X0,대신밸런스제20호스팩
theme,590,2026 상반기 신규상장,0130H0,엔에이치스팩33호
theme,590,2026 상반기 신규상장,0129K0,신한제18호스팩
theme,590,2026 상반기 신규상장,0132G0,교보20호스팩
theme,298,희귀금속(희토류 등),229640,LS에코에너지
theme,298,희귀금속(희토류 등),005490,POSCO홀딩스
theme,298,희귀금속(희토류 등),047400,유니온머티리얼
theme,298,희귀금속(희토류 등),402490,그린리소스
theme,298,희귀금속(희토류 등),011230,삼화전자
theme,298,희귀금속(희토류 등),222420,쎄노텍
theme,298,희귀금속(희토류 등),127120,제이에스링크
theme,298,희귀금속(희토류 등),011300,우성머티리얼스
theme,298,희귀금속(희토류 등),000910,유니온
theme,298,희귀금속(희토류 등),419080,엔젯
theme,298,희귀금속(희토류 등),004560,현대비앤지스틸
theme,298,희귀금속(희토류 등),285490,노바텍
theme,298,희귀금속(희토류 등),024890,대원화성
theme,298,희귀금속(희토류 등),081150,티플랙스
theme,298,희귀금속(희토류 등),010130,고려아연
theme,298,희귀금속(희토류 등),075970,동국알앤에스
theme,298,희귀금속(희토류 등),037370,EG
theme,9,OLED(유기 발광 다이오드),005930,삼성전자
theme,9,OLED(유기 발광 다이오드),034220,LG디스플레이
theme,9,OLED(유기 발광 다이오드),036930,주성엔지니어링
theme,9,OLED(유기 발광 다이오드),078150,HB테크놀러지
theme,9,OLED(유기 발광 다이오드),066570,LG전자
theme,9,OLED(유기 발광 다이오드),144960,뉴파워프라즈마
theme,9,OLED(유기 발광 다이오드),267320,나인테크
theme,9,OLED(유기 발광 다이오드),240810,원익IPS
theme,9,OLED(유기 발광 다이오드),115440,우리넷
theme,9,OLED(유기 발광 다이오드),161580,필옵틱스
theme,9,OLED(유기 발광 다이오드),122640,예스티
theme,9,OLED(유기 발광 다이오드),457370,한켐
theme,9,OLED(유기 발광 다이오드),250930,예선테크
theme,9,OLED(유기 발광 다이오드),351320,넥사다이내믹스
theme,9,OLED(유기 발광 다이오드),011690,와이투솔루션
theme,9,OLED(유기 발광 다이오드),143540,영우디에스피
theme,9,OLED(유기 발광 다이오드),114810,한솔아이원스
theme,9,OLED(유기 발광 다이오드),295310,에이치브이엠
theme,9,OLED(유기 발광 다이오드),056190,SFA
theme,9,OLED(유기 발광 다이오드),317330,덕산테코피아
theme,9,OLED(유기 발광 다이오드),297890,HB솔루션
theme,9,OLED(유기 발광 다이오드),320000,한울반도체
theme,9,OLED(유기 발광 다이오드),051910,LG화학
theme,9,OLED(유기 발광 다이오드),187870,디바이스
theme,9,OLED(유기 발광 다이오드),083310,엘오티베큠
theme,9,OLED(유기 발광 다이오드),336370,솔루스첨단소재
theme,9,OLED(유기 발광 다이오드),108230,톱텍
theme,9,OLED(유기 발광 다이오드),141000,비아트론
theme,9,OLED(유기 발광 다이오드),347770,핌스
theme,9,OLED(유기 발광 다이오드),065130,탑엔지니어링
theme,9,OLED(유기 발광 다이오드),0015G0,그린광학
theme,9,OLED(유기 발광 다이오드),272290,이녹스첨단소재
theme,9,OLED(유기 발광 다이오드),131760,파인텍
theme,9,OLED(유기 발광 다이오드),131290,티에스이
theme,9,OLED(유기 발광 다이오드),117730,티로보틱스
theme,9,OLED(유기 발광 다이오드),104830,원익머트리얼즈
theme,9,OLED(유기 발광 다이오드),177350,베셀
theme,9,OLED(유기 발광 다이오드),110990,디아이티
theme,9,OLED(유기 발광 다이오드),213420,덕산네오룩스
theme,9,OLED(유기 발광 다이오드),251630,브이원텍
theme,9,OLED(유기 발광 다이오드),321260,프로이천
theme,9,OLED(유기 발광 다이오드),063760,이엘피
theme,9,OLED(유기 발광 다이오드),090360,로보스타
theme,9,OLED(유기 발광 다이오드),178920,PI첨단소재
theme,9,OLED(유기 발광 다이오드),096870,엘디티
theme,9,OLED(유기 발광 다이오드),255440,야스
theme,9,OLED(유기 발광 다이오드),083500,에프엔에스테크
theme,9,OLED(유기 발광 다이오드),121600,나노신소재
theme,9,OLED(유기 발광 다이오드),068790,DMS
theme,9,OLED(유기 발광 다이오드),371950,풍원정밀
theme,9,OLED(유기 발광 다이오드),088130,동아엘텍
theme,9,OLED(유기 발광 다이오드),155650,와이엠씨
theme,9,OLED(유기 발광 다이오드),171090,선익시스템
theme,9,OLED(유기 발광 다이오드),108320,LX세미콘
theme,9,OLED(유기 발광 다이오드),083930,아바코
theme,9,OLED(유기 발광 다이오드),089980,상아프론테크
theme,9,OLED(유기 발광 다이오드),094970,제이엠티
theme,9,OLED(유기 발광 다이오드),171010,램테크놀러지
theme,9,OLED(유기 발광 다이오드),079950,인베니아
theme,9,OLED(유기 발광 다이오드),265520,AP시스템
theme,9,OLED(유기 발광 다이오드),083470,이엠앤아이
theme,9,OLED(유기 발광 다이오드),336680,탑런토탈솔루션
theme,9,OLED(유기 발광 다이오드),054620,APS
theme,9,OLED(유기 발광 다이오드),256940,킵스파마
theme,9,OLED(유기 발광 다이오드),014680,한솔케미칼
theme,9,OLED(유기 발광 다이오드),049950,미래컴퍼니
theme,9,OLED(유기 발광 다이오드),239890,피엔에이치테크
theme,9,OLED(유기 발광 다이오드),278280,천보
theme,9,OLED(유기 발광 다이오드),049120,파인디앤씨
theme,9,OLED(유기 발광 다이오드),257370,피엔티엠에스
theme,9,OLED(유기 발광 다이오드),090470,제이스로보틱스
theme,9,OLED(유기 발광 다이오드),059100,아이컴포넌트
theme,9,OLED(유기 발광 다이오드),290520,신도기연
theme,9,OLED(유기 발광 다이오드),040910,아이씨디
theme,9,OLED(유기 발광 다이오드),043590,웰킵스하이텍
theme,9,OLED(유기 발광 다이오드),238490,힘스
theme,9,OLED(유기 발광 다이오드),475660,에스켐
theme,9,OLED(유기 발광 다이오드),137080,나래나노텍
theme,9,OLED(유기 발광 다이오드),256630,포인트엔지니어링
theme,9,OLED(유기 발광 다이오드),054040,한국컴퓨터
theme,155,반도체 대표주(생산),005930,삼성전자
theme,155,반도체 대표주(생산),000660,SK하이닉스
theme,155,반도체 대표주(생산),000990,DB하이텍
theme,191,태양광에너지,382800,지앤비에스 에코
theme,191,태양광에너지,009830,한화솔루션
theme,191,태양광에너지,036930,주성엔지니어링
theme,191,태양광에너지,388050,지투파워
theme,191,태양광에너지,010120,LS ELECTRIC
theme,191,태양광에너지,240810,원익IPS
theme,191,태양광에너지,015760,한국전력
theme,191,태양광에너지,004710,한솔테크닉스
theme,191,태양광에너지,012340,뉴인텍
theme,191,태양광에너지,281740,레이크머티리얼즈
theme,191,태양광에너지,003010,혜인
theme,191,태양광에너지,475150,SK이터닉스
theme,191,태양광에너지,060900,에이전트AI
theme,191,태양광에너지,086390,유니테스트
theme,191,태양광에너지,183300,코미코
theme,191,태양광에너지,011930,신성이엔지
theme,191,태양광에너지,322000,HD현대에너지솔루션
theme,191,태양광에너지,078600,대주전자재료
theme,191,태양광에너지,028260,삼성물산
theme,191,태양광에너지,058730,다스코
theme,191,태양광에너지,010060,OCI홀딩스
theme,191,태양광에너지,083310,엘오티베큠
theme,191,태양광에너지,050760,에스폴리텍
theme,191,태양광에너지,109610,에스와이
theme,191,태양광에너지,039020,이건홀딩스
theme,191,태양광에너지,043200,파루
theme,191,태양광에너지,000880,한화
theme,191,태양광에너지,389260,대명에너지
theme,191,태양광에너지,121600,나노신소재
theme,191,태양광에너지,083930,아바코
theme,191,태양광에너지,140670,알에스오토메이션
theme,191,태양광에너지,126720,수산인더스트리
theme,191,태양광에너지,042600,새로닉스
theme,191,태양광에너지,104040,디에스엠
theme,191,태양광에너지,456040,OCI
theme,191,태양광에너지,282720,금양그린파워
theme,191,태양광에너지,002150,도화엔지니어링
theme,191,태양광에너지,002380,KCC
theme,191,태양광에너지,003070,코오롱글로벌
theme,191,태양광에너지,099220,SDN
theme,191,태양광에너지,093520,매커스
theme,191,태양광에너지,453450,그리드위즈
theme,191,태양광에너지,115530,씨엔플러스
theme,191,태양광에너지,095910,에스에너지
theme,213,해저터널(지하화/지하도로 등),125020,티씨머티리얼즈
theme,213,해저터널(지하화/지하도로 등),006260,LS
theme,213,해저터널(지하화/지하도로 등),017510,세명전기
theme,213,해저터널(지하화/지하도로 등),060370,LS마린솔루션
theme,213,해저터널(지하화/지하도로 등),025550,한국선재
theme,213,해저터널(지하화/지하도로 등),046940,우원개발
theme,213,해저터널(지하화/지하도로 등),026150,특수건설
theme,213,해저터널(지하화/지하도로 등),028100,동아지질
theme,213,해저터널(지하화/지하도로 등),011390,부산산업
theme,534,페라이트,004710,한솔테크닉스
theme,534,페라이트,357580,아모센스
theme,534,페라이트,047400,유니온머티리얼
theme,534,페라이트,125210,아모그린텍
theme,534,페라이트,079190,케스피온
theme,534,페라이트,011230,삼화전자
theme,534,페라이트,095500,미래나노텍
theme,534,페라이트,263810,상신전자
theme,534,페라이트,009470,삼화전기
theme,534,페라이트,148250,알엔투테크놀로지
theme,534,페라이트,015890,태경산업
theme,534,페라이트,101240,씨큐브
theme,534,페라이트,037370,EG
theme,534,페라이트,007770,한일화학
theme,567,밸류업(24년 기업가치 제고계획 발표),000660,SK하이닉스
theme,567,밸류업(24년 기업가치 제고계획 발표),034220,LG디스플레이
theme,567,밸류업(24년 기업가치 제고계획 발표),003490,대한항공
theme,567,밸류업(24년 기업가치 제고계획 발표),066570,LG전자
theme,567,밸류업(24년 기업가치 제고계획 발표),316140,우리금융지주
theme,567,밸류업(24년 기업가치 제고계획 발표),003670,포스코퓨처엠
theme,567,밸류업(24년 기업가치 제고계획 발표),006800,미래에셋증권
theme,567,밸류업(24년 기업가치 제고계획 발표),096770,SK이노베이션
theme,567,밸류업(24년 기업가치 제고계획 발표),138930,BNK금융지주
theme,567,밸류업(24년 기업가치 제고계획 발표),192650,드림텍
theme,567,밸류업(24년 기업가치 제고계획 발표),001740,SK네트웍스
theme,567,밸류업(24년 기업가치 제고계획 발표),000270,기아
theme,567,밸류업(24년 기업가치 제고계획 발표),005380,현대차
theme,567,밸류업(24년 기업가치 제고계획 발표),402340,SK스퀘어
theme,567,밸류업(24년 기업가치 제고계획 발표),055550,신한지주
theme,567,밸류업(24년 기업가치 제고계획 발표),052690,한전기술
theme,567,밸류업(24년 기업가치 제고계획 발표),086790,하나금융지주
theme,567,밸류업(24년 기업가치 제고계획 발표),267270,HD건설기계
theme,567,밸류업(24년 기업가치 제고계획 발표),105560,KB금융
theme,567,밸류업(24년 기업가치 제고계획 발표),047050,포스코인터내셔널
theme,567,밸류업(24년 기업가치 제고계획 발표),323410,카카오뱅크
theme,567,밸류업(24년 기업가치 제고계획 발표),024110,기업은행
theme,567,밸류업(24년 기업가치 제고계획 발표),000990,DB하이텍
theme,567,밸류업(24년 기업가치 제고계획 발표),139130,iM금융지주
theme,567,밸류업(24년 기업가치 제고계획 발표),032640,LG유플러스
theme,567,밸류업(24년 기업가치 제고계획 발표),373220,LG에너지솔루션
theme,567,밸류업(24년 기업가치 제고계획 발표),161000,애경케미칼
theme,567,밸류업(24년 기업가치 제고계획 발표),090430,아모레퍼시픽
theme,567,밸류업(24년 기업가치 제고계획 발표),089590,제주항공
theme,567,밸류업(24년 기업가치 제고계획 발표),329180,HD현대중공업
theme,567,밸류업(24년 기업가치 제고계획 발표),267260,HD현대일렉트릭
theme,567,밸류업(24년 기업가치 제고계획 발표),005490,POSCO홀딩스
theme,567,밸류업(24년 기업가치 제고계획 발표),009540,HD한국조선해양
theme,567,밸류업(24년 기업가치 제고계획 발표),175330,JB금융지주
theme,567,밸류업(24년 기업가치 제고계획 발표),023530,롯데쇼핑
theme,567,밸류업(24년 기업가치 제고계획 발표),017670,SK텔레콤
theme,567,밸류업(24년 기업가치 제고계획 발표),011070,LG이노텍
theme,567,밸류업(24년 기업가치 제고계획 발표),267250,HD현대
theme,567,밸류업(24년 기업가치 제고계획 발표),030200,KT
theme,567,밸류업(24년 기업가치 제고계획 발표),005440,현대지에프홀딩스
theme,567,밸류업(24년 기업가치 제고계획 발표),003470,유안타증권
theme,567,밸류업(24년 기업가치 제고계획 발표),000100,유한양행
theme,567,밸류업(24년 기업가치 제고계획 발표),012330,현대모비스
theme,567,밸류업(24년 기업가치 제고계획 발표),002790,아모레퍼시픽홀딩스
theme,567,밸류업(24년 기업가치 제고계획 발표),023160,태광
theme,567,밸류업(24년 기업가치 제고계획 발표),051910,LG화학
theme,567,밸류업(24년 기업가치 제고계획 발표),033780,KT&G
theme,567,밸류업(24년 기업가치 제고계획 발표),036620,감성코퍼레이션
theme,567,밸류업(24년 기업가치 제고계획 발표),095340,ISC
theme,567,밸류업(24년 기업가치 제고계획 발표),001430,세아베스틸지주
theme,567,밸류업(24년 기업가치 제고계획 발표),069960,현대백화점
theme,567,밸류업(24년 기업가치 제고계획 발표),086280,현대글로비스
theme,567,밸류업(24년 기업가치 제고계획 발표),034730,SK
theme,567,밸류업(24년 기업가치 제고계획 발표),035250,강원랜드
theme,567,밸류업(24년 기업가치 제고계획 발표),008930,한미사이언스
theme,567,밸류업(24년 기업가치 제고계획 발표),138040,메리츠금융지주
theme,567,밸류업(24년 기업가치 제고계획 발표),272290,이녹스첨단소재
theme,567,밸류업(24년 기업가치 제고계획 발표),241560,두산밥캣
theme,567,밸류업(24년 기업가치 제고계획 발표),003550,LG
theme,567,밸류업(24년 기업가치 제고계획 발표),330590,롯데리츠
theme,567,밸류업(24년 기업가치 제고계획 발표),195940,HK이노엔
theme,567,밸류업(24년 기업가치 제고계획 발표),020000,한섬
theme,567,밸류업(24년 기업가치 제고계획 발표),443060,HD현대마린솔루션
theme,567,밸류업(24년 기업가치 제고계획 발표),064850,에프앤가이드
theme,567,밸류업(24년 기업가치 제고계획 발표),017800,현대엘리베이터
theme,567,밸류업(24년 기업가치 제고계획 발표),091700,파트론
theme,567,밸류업(24년 기업가치 제고계획 발표),004170,신세계
theme,567,밸류업(24년 기업가치 제고계획 발표),051900,LG생활건강
theme,567,밸류업(24년 기업가치 제고계획 발표),263020,디케이앤디
theme,567,밸류업(24년 기업가치 제고계획 발표),039490,키움증권
theme,567,밸류업(24년 기업가치 제고계획 발표),234300,에스트래픽
theme,567,밸류업(24년 기업가치 제고계획 발표),032190,다우데이타
theme,567,밸류업(24년 기업가치 제고계획 발표),016610,DB증권
theme,567,밸류업(24년 기업가치 제고계획 발표),004990,롯데지주
theme,567,밸류업(24년 기업가치 제고계획 발표),089860,롯데렌탈
theme,567,밸류업(24년 기업가치 제고계획 발표),453340,현대그린푸드
theme,567,밸류업(24년 기업가치 제고계획 발표),031430,신세계인터내셔날
theme,567,밸류업(24년 기업가치 제고계획 발표),018250,애경산업
theme,567,밸류업(24년 기업가치 제고계획 발표),024720,콜마홀딩스
theme,567,밸류업(24년 기업가치 제고계획 발표),286940,롯데이노베이트
theme,567,밸류업(24년 기업가치 제고계획 발표),010130,고려아연
theme,567,밸류업(24년 기업가치 제고계획 발표),006040,동원산업
theme,567,밸류업(24년 기업가치 제고계획 발표),037710,광주신세계
theme,567,밸류업(24년 기업가치 제고계획 발표),005300,롯데칠성
theme,567,밸류업(24년 기업가치 제고계획 발표),280360,롯데웰푸드
theme,567,밸류업(24년 기업가치 제고계획 발표),071320,지역난방공사
theme,567,밸류업(24년 기업가치 제고계획 발표),035600,KG이니시스
theme,567,밸류업(24년 기업가치 제고계획 발표),071840,롯데하이마트
theme,567,밸류업(24년 기업가치 제고계획 발표),060980,HL홀딩스
theme,567,밸류업(24년 기업가치 제고계획 발표),006840,AK홀딩스
theme,567,밸류업(24년 기업가치 제고계획 발표),058650,세아홀딩스
theme,187,핵융합에너지,034020,두산에너빌리티
theme,187,핵융합에너지,042370,비츠로테크
theme,187,핵융합에너지,001820,삼화콘덴서
theme,187,핵융합에너지,488900,비츠로넥스텍
theme,187,핵융합에너지,056190,SFA
theme,187,핵융합에너지,250060,모비스
theme,187,핵융합에너지,094820,일진파워
theme,187,핵융합에너지,002240,고려제강
theme,536,HBM(고대역폭메모리),307750,국전
theme,536,HBM(고대역폭메모리),005930,삼성전자
theme,536,HBM(고대역폭메모리),232140,와이씨
theme,536,HBM(고대역폭메모리),000660,SK하이닉스
theme,536,HBM(고대역폭메모리),098460,고영
theme,536,HBM(고대역폭메모리),033160,엠케이전자
theme,536,HBM(고대역폭메모리),097800,윈팩
theme,536,HBM(고대역폭메모리),281820,케이씨텍
theme,536,HBM(고대역폭메모리),089030,테크윙
theme,536,HBM(고대역폭메모리),003160,디아이
theme,536,HBM(고대역폭메모리),412350,레이저쎌
theme,536,HBM(고대역폭메모리),042700,한미반도체
theme,536,HBM(고대역폭메모리),122640,예스티
theme,536,HBM(고대역폭메모리),079370,제우스
theme,536,HBM(고대역폭메모리),086390,유니테스트
theme,536,HBM(고대역폭메모리),217190,제너셈
theme,536,HBM(고대역폭메모리),112290,와이씨켐
theme,536,HBM(고대역폭메모리),039440,에스티아이
theme,536,HBM(고대역폭메모리),031980,피에스케이홀딩스
theme,536,HBM(고대역폭메모리),168360,펨트론
theme,536,HBM(고대역폭메모리),153890,져스텍
theme,536,HBM(고대역폭메모리),095340,ISC
theme,536,HBM(고대역폭메모리),489790,한화비전
theme,536,HBM(고대역폭메모리),039030,이오테크닉스
theme,536,HBM(고대역폭메모리),220260,켐트로스
theme,536,HBM(고대역폭메모리),322310,오로스테크놀로지
theme,536,HBM(고대역폭메모리),254490,미래반도체
theme,536,HBM(고대역폭메모리),396470,워트
theme,536,HBM(고대역폭메모리),348210,넥스틴
theme,536,HBM(고대역폭메모리),110990,디아이티
theme,536,HBM(고대역폭메모리),451220,아이엠티
theme,536,HBM(고대역폭메모리),394280,오픈엣지테크놀로지
theme,536,HBM(고대역폭메모리),405100,큐알티
theme,536,HBM(고대역폭메모리),424980,마이크로투나노
theme,536,HBM(고대역폭메모리),228850,레이언스
theme,287,PCB(FPCB 등),015260,에이엔피
theme,287,PCB(FPCB 등),007660,이수페타시스
theme,287,PCB(FPCB 등),353200,대덕전자
theme,287,PCB(FPCB 등),356860,티엘비
theme,287,PCB(FPCB 등),222800,심텍
theme,287,PCB(FPCB 등),209640,와이제이링크
theme,287,PCB(FPCB 등),007810,코리아써키트
theme,287,PCB(FPCB 등),090460,비에이치
theme,287,PCB(FPCB 등),009150,삼성전기
theme,287,PCB(FPCB 등),161580,필옵틱스
theme,287,PCB(FPCB 등),323280,태성
theme,287,PCB(FPCB 등),131400,이브이첨단소재
theme,287,PCB(FPCB 등),020150,롯데에너지머티리얼즈
theme,287,PCB(FPCB 등),251370,와이엠티
theme,287,PCB(FPCB 등),051370,인터플렉스
theme,287,PCB(FPCB 등),085670,뉴프렉스
theme,287,PCB(FPCB 등),092300,현우산업
theme,287,PCB(FPCB 등),168360,펨트론
theme,287,PCB(FPCB 등),025320,시노펙스
theme,287,PCB(FPCB 등),125210,아모그린텍
theme,287,PCB(FPCB 등),085910,네오티스
theme,287,PCB(FPCB 등),272290,이녹스첨단소재
theme,287,PCB(FPCB 등),036010,아비코전자
theme,287,PCB(FPCB 등),178920,PI첨단소재
theme,287,PCB(FPCB 등),219130,타이거일렉
theme,287,PCB(FPCB 등),089980,상아프론테크
theme,287,PCB(FPCB 등),045300,성우테크론
theme,287,PCB(FPCB 등),082850,우리바이오
theme,287,PCB(FPCB 등),127980,화인써키트
theme,287,PCB(FPCB 등),066900,디에이피
theme,287,PCB(FPCB 등),254120,자비스
theme,242,탄소나노튜브(CNT),049480,오픈베이스
theme,242,탄소나노튜브(CNT),051910,LG화학
theme,242,탄소나노튜브(CNT),418550,제이오
theme,242,탄소나노튜브(CNT),011780,금호석유화학
theme,242,탄소나노튜브(CNT),027580,상보
theme,537,초전도체,042370,비츠로테크
theme,537,초전도체,010120,LS ELECTRIC
theme,537,초전도체,052710,아모텍
theme,537,초전도체,217820,원익피앤이
theme,537,초전도체,250060,모비스
theme,537,초전도체,012170,아센디오
theme,537,초전도체,294630,서남
theme,537,초전도체,065130,탑엔지니어링
theme,537,초전도체,004830,덕성
theme,537,초전도체,047310,파워로직스
theme,537,초전도체,065350,신성델타테크
theme,537,초전도체,045100,한양이엔지
theme,537,초전도체,037330,인지디스플레
theme,537,초전도체,002240,고려제강
theme,537,초전도체,023800,인지컨트롤스
theme,14,반도체 재료/부품,307750,국전
theme,14,반도체 재료/부품,093370,후성
theme,14,반도체 재료/부품,067310,하나마이크론
theme,14,반도체 재료/부품,144960,뉴파워프라즈마
theme,14,반도체 재료/부품,033160,엠케이전자
theme,14,반도체 재료/부품,005690,파미셀
theme,14,반도체 재료/부품,281820,케이씨텍
theme,14,반도체 재료/부품,425040,티이엠씨
theme,14,반도체 재료/부품,077360,덕산하이메탈
theme,14,반도체 재료/부품,004710,한솔테크닉스
theme,14,반도체 재료/부품,252990,샘씨엔에스
theme,14,반도체 재료/부품,192650,드림텍
theme,14,반도체 재료/부품,417500,제이아이테크
theme,14,반도체 재료/부품,142210,유니트론텍
theme,14,반도체 재료/부품,446540,메가터치
theme,14,반도체 재료/부품,052900,KX하이텍
theme,14,반도체 재료/부품,281740,레이크머티리얼즈
theme,14,반도체 재료/부품,005290,동진쎄미켐
theme,14,반도체 재료/부품,080580,오킨스전자
theme,14,반도체 재료/부품,078350,한양디지텍
theme,14,반도체 재료/부품,195870,해성디에스
theme,14,반도체 재료/부품,092220,KEC
theme,14,반도체 재료/부품,031330,에스에이엠티
theme,14,반도체 재료/부품,101490,에스앤에스텍
theme,14,반도체 재료/부품,033640,네패스
theme,14,반도체 재료/부품,024850,HLB이노베이션
theme,14,반도체 재료/부품,114810,한솔아이원스
theme,14,반도체 재료/부품,112290,와이씨켐
theme,14,반도체 재료/부품,272110,케이엔제이
theme,14,반도체 재료/부품,295310,에이치브이엠
theme,14,반도체 재료/부품,059090,미코
theme,14,반도체 재료/부품,170920,엘티씨
theme,14,반도체 재료/부품,025320,시노펙스
theme,14,반도체 재료/부품,317330,덕산테코피아
theme,14,반도체 재료/부품,482630,삼양엔씨켐
theme,14,반도체 재료/부품,000390,SP삼화
theme,14,반도체 재료/부품,036090,위지트
theme,14,반도체 재료/부품,098120,마이크로컨텍솔
theme,14,반도체 재료/부품,036810,에프에스티
theme,14,반도체 재료/부품,074600,원익QnC
theme,14,반도체 재료/부품,095340,ISC
theme,14,반도체 재료/부품,220260,켐트로스
theme,14,반도체 재료/부품,060310,3S
theme,14,반도체 재료/부품,166090,하나머티리얼즈
theme,14,반도체 재료/부품,388210,씨엠티엑스
theme,14,반도체 재료/부품,102710,이엔에프테크놀로지
theme,14,반도체 재료/부품,272290,이녹스첨단소재
theme,14,반도체 재료/부품,104830,원익머트리얼즈
theme,14,반도체 재료/부품,147760,피엠티
theme,14,반도체 재료/부품,241790,티이엠씨씨엔에스
theme,14,반도체 재료/부품,000150,두산
theme,14,반도체 재료/부품,219130,타이거일렉
theme,14,반도체 재료/부품,083500,에프엔에스테크
theme,14,반도체 재료/부품,064760,티씨케이
theme,14,반도체 재료/부품,155650,와이엠씨
theme,14,반도체 재료/부품,311320,지오엘리먼트
theme,14,반도체 재료/부품,092070,디엔에프
theme,14,반도체 재료/부품,101160,월덱스
theme,14,반도체 재료/부품,004000,롯데정밀화학
theme,14,반도체 재료/부품,445180,퓨릿
theme,14,반도체 재료/부품,171010,램테크놀러지
theme,14,반도체 재료/부품,424980,마이크로투나노
theme,14,반도체 재료/부품,146320,비씨엔씨
theme,14,반도체 재료/부품,357780,솔브레인
theme,14,반도체 재료/부품,014680,한솔케미칼
theme,14,반도체 재료/부품,278280,천보
theme,14,반도체 재료/부품,025000,KPX케미칼
theme,14,반도체 재료/부품,456040,OCI
theme,14,반도체 재료/부품,489500,엘케이켐
theme,14,반도체 재료/부품,241770,메카로
theme,14,반도체 재료/부품,043590,웰킵스하이텍
theme,167,타이어,073240,금호타이어
theme,167,타이어,120110,코오롱인더
theme,167,타이어,161390,한국타이어앤테크놀로지
theme,167,타이어,002350,넥센타이어
theme,167,타이어,011780,금호석유화학
theme,167,타이어,005720,넥센
theme,167,타이어,000240,한국앤컴퍼니
theme,167,타이어,298020,효성티앤씨
theme,167,타이어,298050,HS효성첨단소재
theme,531,STO(토큰증권 발행),158430,아톤
theme,531,STO(토큰증권 발행),001510,SK증권
theme,531,STO(토큰증권 발행),041190,우리기술투자
theme,531,STO(토큰증권 발행),003530,한화투자증권
theme,531,STO(토큰증권 발행),064260,다날
theme,531,STO(토큰증권 발행),055550,신한지주
theme,531,STO(토큰증권 발행),086790,하나금융지주
theme,531,STO(토큰증권 발행),053300,한국정보인증
theme,531,STO(토큰증권 발행),105560,KB금융
theme,531,STO(토큰증권 발행),005940,NH투자증권
theme,531,STO(토큰증권 발행),163730,핑거
theme,531,STO(토큰증권 발행),234340,헥토파이낸셜
theme,531,STO(토큰증권 발행),094480,갤럭시아머니트리
theme,531,STO(토큰증권 발행),124500,아이티센글로벌
theme,531,STO(토큰증권 발행),001200,유진투자증권
theme,531,STO(토큰증권 발행),071050,한국금융지주
theme,531,STO(토큰증권 발행),039490,키움증권
theme,531,STO(토큰증권 발행),199480,뱅크웨어글로벌
theme,531,STO(토큰증권 발행),102370,케이옥션
theme,531,STO(토큰증권 발행),011420,갤럭시아에스엠
theme,531,STO(토큰증권 발행),030610,교보증권
theme,531,STO(토큰증권 발행),063170,서울옥션
theme,531,STO(토큰증권 발행),088340,유라클
theme,531,STO(토큰증권 발행),372800,아이티아이즈
theme,531,STO(토큰증권 발행),190650,코리아에셋투자증권
theme,17,SI(시스템통합),115500,케이씨에스
theme,17,SI(시스템통합),319400,현대무벡스
theme,17,SI(시스템통합),184230,SGA솔루션즈
theme,17,SI(시스템통합),272210,한화시스템
theme,17,SI(시스템통합),064400,LG씨엔에스
theme,17,SI(시스템통합),012030,DB
theme,17,SI(시스템통합),242040,나무AX
theme,17,SI(시스템통합),022100,포스코DX
theme,17,SI(시스템통합),124500,아이티센글로벌
theme,17,SI(시스템통합),010280,아이티센엔텍
theme,17,SI(시스템통합),052460,아이크래프트
theme,17,SI(시스템통합),263800,데이타솔루션
theme,17,SI(시스템통합),018260,삼성에스디에스
theme,17,SI(시스템통합),034730,SK
theme,17,SI(시스템통합),053980,오상자이엘
theme,17,SI(시스템통합),173130,오파스넷
theme,17,SI(시스템통합),029480,광무
theme,17,SI(시스템통합),035510,신세계 I&C
theme,17,SI(시스템통합),042500,링네트
theme,17,SI(시스템통합),023590,다우기술
theme,17,SI(시스템통합),045510,정원엔시스
theme,17,SI(시스템통합),032850,비트컴퓨터
theme,17,SI(시스템통합),307950,현대오토에버
theme,17,SI(시스템통합),234300,에스트래픽
theme,17,SI(시스템통합),049470,비트플래닛
theme,17,SI(시스템통합),286940,롯데이노베이트
theme,17,SI(시스템통합),070590,인티큐브
theme,17,SI(시스템통합),267850,아시아나IDT
theme,17,SI(시스템통합),020180,대신정보통신
theme,17,SI(시스템통합),039420,케이엘넷
theme,319,화학섬유,120110,코오롱인더
theme,319,화학섬유,011300,우성머티리얼스
theme,319,화학섬유,079980,휴비스
theme,319,화학섬유,298020,효성티앤씨
theme,319,화학섬유,003240,태광산업
theme,319,화학섬유,003830,대한화섬
theme,41,카메라모듈/부품,263600,덕우전자
theme,41,카메라모듈/부품,076610,해성옵틱스
theme,41,카메라모듈/부품,009150,삼성전기
theme,41,카메라모듈/부품,123010,MSDI
theme,41,카메라모듈/부품,225190,LK삼양
theme,41,카메라모듈/부품,011070,LG이노텍
theme,41,카메라모듈/부품,0011A0,액스비스
theme,41,카메라모듈/부품,049630,재영솔루텍
theme,41,카메라모듈/부품,050110,캠시스
theme,41,카메라모듈/부품,081580,성우전자
theme,41,카메라모듈/부품,126700,하이비젼시스템
theme,41,카메라모듈/부품,065130,탑엔지니어링
theme,41,카메라모듈/부품,094170,동운아나텍
theme,41,카메라모듈/부품,290740,액트로
theme,41,카메라모듈/부품,208710,포톤
theme,41,카메라모듈/부품,047310,파워로직스
theme,41,카메라모듈/부품,271830,팸텍
theme,41,카메라모듈/부품,033240,자화전자
theme,41,카메라모듈/부품,190510,나무가
theme,41,카메라모듈/부품,091700,파트론
theme,41,카메라모듈/부품,053450,세코닉스
theme,41,카메라모듈/부품,097520,엠씨넥스
theme,41,카메라모듈/부품,300120,라온피플
theme,41,카메라모듈/부품,370090,퓨런티어
theme,41,카메라모듈/부품,082210,옵트론텍
theme,41,카메라모듈/부품,196450,코아시아씨엠
theme,41,카메라모듈/부품,087600,픽셀플러스
theme,234,보안주(물리),006140,피제이전자
theme,234,보안주(물리),264850,이랜시스
theme,234,보안주(물리),140430,카티스
theme,234,보안주(물리),489790,한화비전
theme,234,보안주(물리),356890,싸이버원
theme,234,보안주(물리),331380,포커스에이아이
theme,234,보안주(물리),039010,현대에이치티
theme,234,보안주(물리),340810,시선AI
theme,234,보안주(물리),236200,슈프리마
theme,234,보안주(물리),092600,앤씨앤
theme,234,보안주(물리),012750,에스원
theme,234,보안주(물리),424760,벨로크
theme,234,보안주(물리),094840,슈프리마에이치큐
theme,234,보안주(물리),417790,트루엔
theme,234,보안주(물리),446840,지슨
theme,234,보안주(물리),303530,이노뎁
theme,234,보안주(물리),143160,아이디스
theme,234,보안주(물리),083640,인콘
theme,234,보안주(물리),087600,픽셀플러스
theme,482,두나무(Dunamu),041190,우리기술투자
theme,482,두나무(Dunamu),035720,카카오
theme,482,두나무(Dunamu),003530,한화투자증권
theme,482,두나무(Dunamu),011930,신성이엔지
theme,482,두나무(Dunamu),120110,코오롱인더
theme,482,두나무(Dunamu),027830,대성창투
theme,482,두나무(Dunamu),021080,에이티넘인베스트
theme,482,두나무(Dunamu),241520,DSC인베스트먼트
theme,482,두나무(Dunamu),246690,TS인베스트먼트
theme,482,두나무(Dunamu),095660,네오위즈
theme,482,두나무(Dunamu),002020,코오롱
theme,575,지역화폐,094480,갤럭시아머니트리
theme,575,지역화폐,294570,쿠콘
theme,575,지역화폐,052400,코나아이
theme,575,지역화폐,053580,웹케시
theme,575,지역화폐,088340,유라클
theme,33,LED,005930,삼성전자
theme,33,LED,043260,성호전자
theme,33,LED,072950,빛샘전자
theme,33,LED,017900,광전자
theme,33,LED,382800,지앤비에스 에코
theme,33,LED,066570,LG전자
theme,33,LED,001210,금호전기
theme,33,LED,004710,한솔테크닉스
theme,33,LED,290690,아리바이오홀딩스
theme,33,LED,281740,레이크머티리얼즈
theme,33,LED,307180,아이엘
theme,33,LED,092190,서울바이오시스
theme,33,LED,011690,와이투솔루션
theme,33,LED,032500,케이엠더블유
theme,33,LED,272110,케이엔제이
theme,33,LED,036170,에이치엠넥스
theme,33,LED,046890,서울반도체
theme,33,LED,050760,에스폴리텍
theme,33,LED,045970,코아시아
theme,33,LED,096870,엘디티
theme,33,LED,121600,나노신소재
theme,33,LED,014580,태경비케이
theme,33,LED,106240,파인테크닉스
theme,33,LED,015890,태경산업
theme,33,LED,073540,에프알텍
theme,33,LED,080520,오디텍
theme,33,LED,153490,우리이앤엘하루틴
theme,33,LED,082850,우리바이오
theme,33,LED,214330,금호에이치티
theme,33,LED,037950,엘컴텍
theme,33,LED,037400,우리엔터프라이즈
theme,33,LED,025540,한국단자
theme,33,LED,092460,한라IMS
theme,33,LED,061040,알에프텍
theme,33,LED,065690,파커스
theme,33,LED,256630,포인트엔지니어링
theme,33,LED,038060,루멘스바이오스
theme,404,폴더블폰,005930,삼성전자
theme,404,폴더블폰,034220,LG디스플레이
theme,404,폴더블폰,090460,비에이치
theme,404,폴더블폰,009150,삼성전기
theme,404,폴더블폰,441270,파인엠텍
theme,404,폴더블폰,290550,디케이티
theme,404,폴더블폰,179900,유티아이
theme,404,폴더블폰,011790,SKC
theme,404,폴더블폰,051370,인터플렉스
theme,404,폴더블폰,051910,LG화학
theme,404,폴더블폰,089010,켐트로닉스
theme,404,폴더블폰,120110,코오롱인더
theme,404,폴더블폰,014190,원익큐브
theme,404,폴더블폰,272290,이녹스첨단소재
theme,404,폴더블폰,148150,세경하이테크
theme,404,폴더블폰,131760,파인텍
theme,404,폴더블폰,094170,동운아나텍
theme,404,폴더블폰,178920,PI첨단소재
theme,404,폴더블폰,060720,KH바텍
theme,404,폴더블폰,484120,도우인시스
theme,404,폴더블폰,285490,노바텍
theme,404,폴더블폰,096630,에스코넥
theme,404,폴더블폰,027580,상보
theme,404,폴더블폰,055490,테이팩스
theme,581,탈 플라스틱(친환경/생분해성 등),092200,디아이씨
theme,581,탈 플라스틱(친환경/생분해성 등),340440,세림B&G
theme,581,탈 플라스틱(친환경/생분해성 등),038110,에코플라스틱
theme,581,탈 플라스틱(친환경/생분해성 등),285800,진영
theme,581,탈 플라스틱(친환경/생분해성 등),037230,한국팩키지
theme,581,탈 플라스틱(친환경/생분해성 등),260930,씨티케이
theme,581,탈 플라스틱(친환경/생분해성 등),014970,삼륭물산
theme,581,탈 플라스틱(친환경/생분해성 등),272550,삼양패키징
theme,99,지능형로봇/인공지능(AI),0161M0,네오사피엔스
theme,99,지능형로봇/인공지능(AI),452450,피아이이
theme,99,지능형로봇/인공지능(AI),098460,고영
theme,99,지능형로봇/인공지능(AI),488280,에스투더블유
theme,99,지능형로봇/인공지능(AI),066570,LG전자
theme,99,지능형로봇/인공지능(AI),125490,한라캐스트
theme,99,지능형로봇/인공지능(AI),090710,휴림로봇
theme,99,지능형로봇/인공지능(AI),299170,더블유에스아이
theme,99,지능형로봇/인공지능(AI),355390,크라우드웍스
theme,99,지능형로봇/인공지능(AI),0039P0,매드업
theme,99,지능형로봇/인공지능(AI),288980,모아데이타
theme,99,지능형로봇/인공지능(AI),056080,유진로봇
theme,99,지능형로봇/인공지능(AI),347860,알체라
theme,99,지능형로봇/인공지능(AI),290660,다이나믹솔루션
theme,99,지능형로봇/인공지능(AI),477850,마키나락스
theme,99,지능형로봇/인공지능(AI),010820,퍼스텍
theme,99,지능형로봇/인공지능(AI),033640,네패스
theme,99,지능형로봇/인공지능(AI),205100,엑셈
theme,99,지능형로봇/인공지능(AI),143540,영우디에스피
theme,99,지능형로봇/인공지능(AI),108860,셀바스AI
theme,99,지능형로봇/인공지능(AI),049480,오픈베이스
theme,99,지능형로봇/인공지능(AI),060280,큐렉소
theme,99,지능형로봇/인공지능(AI),108490,로보티즈
theme,99,지능형로봇/인공지능(AI),466100,클로봇
theme,99,지능형로봇/인공지능(AI),486990,노타
theme,99,지능형로봇/인공지능(AI),250060,모비스
theme,99,지능형로봇/인공지능(AI),321820,아티스트컴퍼니
theme,99,지능형로봇/인공지능(AI),012450,한화에어로스페이스
theme,99,지능형로봇/인공지능(AI),263800,데이타솔루션
theme,99,지능형로봇/인공지능(AI),018260,삼성에스디에스
theme,99,지능형로봇/인공지능(AI),217500,러셀
theme,99,지능형로봇/인공지능(AI),099440,스맥
theme,99,지능형로봇/인공지능(AI),189330,씨이랩
theme,99,지능형로봇/인공지능(AI),117730,티로보틱스
theme,99,지능형로봇/인공지능(AI),304100,솔트룩스
theme,99,지능형로봇/인공지능(AI),090360,로보스타
theme,99,지능형로봇/인공지능(AI),215100,로보로보
theme,99,지능형로봇/인공지능(AI),340810,시선AI
theme,99,지능형로봇/인공지능(AI),078890,가온그룹
theme,99,지능형로봇/인공지능(AI),301300,바이브컴퍼니
theme,99,지능형로봇/인공지능(AI),463020,뉴엔AI
theme,99,지능형로봇/인공지능(AI),389680,유디엠텍
theme,99,지능형로봇/인공지능(AI),041460,한국전자인증
theme,99,지능형로봇/인공지능(AI),475400,씨메스로보틱스
theme,99,지능형로봇/인공지능(AI),455900,엔젤로보틱스
theme,99,지능형로봇/인공지능(AI),219420,링크제니시스
theme,99,지능형로봇/인공지능(AI),460940,피앤에스로보틱스
theme,99,지능형로봇/인공지능(AI),096250,와이즈넛
theme,99,지능형로봇/인공지능(AI),148780,비큐AI
theme,99,지능형로봇/인공지능(AI),377480,마음AI
theme,99,지능형로봇/인공지능(AI),419120,산돌
theme,99,지능형로봇/인공지능(AI),388720,유일로보틱스
theme,99,지능형로봇/인공지능(AI),049950,미래컴퍼니
theme,99,지능형로봇/인공지능(AI),270660,에브리봇
theme,99,지능형로봇/인공지능(AI),282880,코윈로보틱스
theme,99,지능형로봇/인공지능(AI),300120,라온피플
theme,99,지능형로봇/인공지능(AI),175140,아고스
theme,99,지능형로봇/인공지능(AI),286940,롯데이노베이트
theme,99,지능형로봇/인공지능(AI),065370,위세아이텍
theme,99,지능형로봇/인공지능(AI),402030,코난테크놀로지
theme,99,지능형로봇/인공지능(AI),058970,엠로
theme,99,지능형로봇/인공지능(AI),239340,이스트에이드
theme,99,지능형로봇/인공지능(AI),444530,심플랫폼
theme,99,지능형로봇/인공지능(AI),417860,오브젠
theme,99,지능형로봇/인공지능(AI),290090,트윔
theme,99,지능형로봇/인공지능(AI),413640,비아이매트릭스
theme,99,지능형로봇/인공지능(AI),303530,이노뎁
theme,99,지능형로봇/인공지능(AI),099390,브레인즈컴퍼니
theme,99,지능형로봇/인공지능(AI),291810,핀텔
theme,500,폐배터리,267320,나인테크
theme,500,폐배터리,096770,SK이노베이션
theme,500,폐배터리,086520,에코프로
theme,500,폐배터리,005380,현대차
theme,500,폐배터리,217820,원익피앤이
theme,500,폐배터리,373220,LG에너지솔루션
theme,500,폐배터리,005490,POSCO홀딩스
theme,500,폐배터리,005420,코스모화학
theme,500,폐배터리,017860,DS단석
theme,500,폐배터리,047310,파워로직스
theme,500,폐배터리,076080,웰크론한텍
theme,500,폐배터리,299030,하나기술
theme,500,폐배터리,107600,새빗켐
theme,500,폐배터리,004250,NPC
theme,500,폐배터리,365340,성일하이텍
theme,500,폐배터리,256940,킵스파마
theme,500,폐배터리,010780,아이에스동서
theme,500,폐배터리,060150,인선이엔티
theme,500,폐배터리,265560,영화테크
theme,500,폐배터리,377330,이지트로닉스
theme,362,자율주행차,005930,삼성전자
theme,362,자율주행차,000660,SK하이닉스
theme,362,자율주행차,066570,LG전자
theme,362,자율주행차,125490,한라캐스트
theme,362,자율주행차,388790,라이콤
theme,362,자율주행차,192650,드림텍
theme,362,자율주행차,086960,MDS테크
theme,362,자율주행차,000270,기아
theme,362,자율주행차,142210,유니트론텍
theme,362,자율주행차,005380,현대차
theme,362,자율주행차,003620,KG모빌리티
theme,362,자율주행차,009150,삼성전기
theme,362,자율주행차,437730,삼현
theme,362,자율주행차,056080,유진로봇
theme,362,자율주행차,035420,NAVER
theme,362,자율주행차,204320,HL만도
theme,362,자율주행차,088800,에이스테크
theme,362,자율주행차,077500,유니퀘스트
theme,362,자율주행차,475040,스트라드비젼
theme,362,자율주행차,432720,퀄리타스반도체
theme,362,자율주행차,017670,SK텔레콤
theme,362,자율주행차,011070,LG이노텍
theme,362,자율주행차,030200,KT
theme,362,자율주행차,298830,슈어소프트테크
theme,362,자율주행차,396270,넥스트칩
theme,362,자율주행차,050110,캠시스
theme,362,자율주행차,012330,현대모비스
theme,362,자율주행차,089010,켐트로닉스
theme,362,자율주행차,094360,칩스앤미디어
theme,362,자율주행차,464080,에스오에스랩
theme,362,자율주행차,126700,하이비젼시스템
theme,362,자율주행차,054450,텔레칩스
theme,362,자율주행차,317120,라닉스
theme,362,자율주행차,053700,삼보모터스
theme,362,자율주행차,271830,팸텍
theme,362,자율주행차,118990,모트렉스
theme,362,자율주행차,053450,세코닉스
theme,362,자율주행차,092600,앤씨앤
theme,362,자율주행차,123410,코리아에프티
theme,362,자율주행차,064800,포니링크
theme,362,자율주행차,307950,현대오토에버
theme,362,자율주행차,097520,엠씨넥스
theme,362,자율주행차,038880,아이에이
theme,362,자율주행차,403550,쏘카
theme,362,자율주행차,013570,디와이
theme,362,자율주행차,331740,아우토크립트
theme,362,자율주행차,071670,에이테크솔루션
theme,362,자율주행차,214430,아이쓰리시스템
theme,362,자율주행차,105550,엣지파운드리
theme,362,자율주행차,370090,퓨런티어
theme,362,자율주행차,424960,스마트레이더시스템
theme,362,자율주행차,082210,옵트론텍
theme,362,자율주행차,025540,한국단자
theme,362,자율주행차,084730,팅크웨어
theme,362,자율주행차,352910,오비고
theme,362,자율주행차,039290,인포뱅크
theme,362,자율주행차,038950,파인디지털
theme,362,자율주행차,025440,DH오토웨어
theme,362,자율주행차,208860,다산디엠씨
theme,582,스테이블코인,042510,라온시큐어
theme,582,스테이블코인,158430,아톤
theme,582,스테이블코인,203650,드림시큐리티
theme,582,스테이블코인,054920,한컴위드
theme,582,스테이블코인,201490,미투온
theme,582,스테이블코인,064260,다날
theme,582,스테이블코인,232830,아이티센피엔에스
theme,582,스테이블코인,462860,더즌
theme,582,스테이블코인,064400,LG씨엔에스
theme,582,스테이블코인,035420,NAVER
theme,582,스테이블코인,053300,한국정보인증
theme,582,스테이블코인,308100,형지글로벌
theme,582,스테이블코인,163730,핑거
theme,582,스테이블코인,234340,헥토파이낸셜
theme,582,스테이블코인,124500,아이티센글로벌
theme,582,스테이블코인,060250,NHN KCP
theme,582,스테이블코인,377300,카카오페이
theme,582,스테이블코인,112040,위메이드
theme,582,스테이블코인,205500,넥써쓰
theme,582,스테이블코인,214180,헥토이노베이션
theme,582,스테이블코인,199480,뱅크웨어글로벌
theme,582,스테이블코인,294570,쿠콘
theme,582,스테이블코인,223310,사토시홀딩스
theme,582,스테이블코인,046440,KG파이낸셜
theme,582,스테이블코인,035600,KG이니시스
theme,276,클라우드 컴퓨팅,443670,에스피소프트
theme,276,클라우드 컴퓨팅,184230,SGA솔루션즈
theme,276,클라우드 컴퓨팅,064400,LG씨엔에스
theme,276,클라우드 컴퓨팅,035420,NAVER
theme,276,클라우드 컴퓨팅,192250,케이사인
theme,276,클라우드 컴퓨팅,012030,DB
theme,276,클라우드 컴퓨팅,053800,안랩
theme,276,클라우드 컴퓨팅,205100,엑셈
theme,276,클라우드 컴퓨팅,242040,나무AX
theme,276,클라우드 컴퓨팅,049480,오픈베이스
theme,276,클라우드 컴퓨팅,022100,포스코DX
theme,276,클라우드 컴퓨팅,307870,비투엔
theme,276,클라우드 컴퓨팅,017670,SK텔레콤
theme,276,클라우드 컴퓨팅,030200,KT
theme,276,클라우드 컴퓨팅,010280,아이티센엔텍
theme,276,클라우드 컴퓨팅,030520,한컴
theme,276,클라우드 컴퓨팅,018260,삼성에스디에스
theme,276,클라우드 컴퓨팅,041020,폴라리스오피스
theme,276,클라우드 컴퓨팅,034730,SK
theme,276,클라우드 컴퓨팅,304100,솔트룩스
theme,276,클라우드 컴퓨팅,189690,포시에스
theme,276,클라우드 컴퓨팅,023590,다우기술
theme,276,클라우드 컴퓨팅,064800,포니링크
theme,276,클라우드 컴퓨팅,170790,파이오링크
theme,276,클라우드 컴퓨팅,049470,비트플래닛
theme,276,클라우드 컴퓨팅,072130,유엔젤
theme,276,클라우드 컴퓨팅,290270,휴네시온
theme,276,클라우드 컴퓨팅,328380,솔트웨어
theme,276,클라우드 컴퓨팅,079940,가비아
theme,276,클라우드 컴퓨팅,058970,엠로
theme,276,클라우드 컴퓨팅,220180,폴라리스AI핸디
theme,276,클라우드 컴퓨팅,069410,엔텔스
theme,276,클라우드 컴퓨팅,094280,효성ITX
theme,276,클라우드 컴퓨팅,093320,케이아이엔엑스
theme,276,클라우드 컴퓨팅,060850,영림원소프트랩
theme,382,플렉서블 디스플레이,005930,삼성전자
theme,382,플렉서블 디스플레이,034220,LG디스플레이
theme,382,플렉서블 디스플레이,036930,주성엔지니어링
theme,382,플렉서블 디스플레이,161580,필옵틱스
theme,382,플렉서블 디스플레이,179900,유티아이
theme,382,플렉서블 디스플레이,011790,SKC
theme,382,플렉서블 디스플레이,089890,코세스
theme,382,플렉서블 디스플레이,051370,인터플렉스
theme,382,플렉서블 디스플레이,056190,SFA
theme,382,플렉서블 디스플레이,297890,HB솔루션
theme,382,플렉서블 디스플레이,141000,비아트론
theme,382,플렉서블 디스플레이,120110,코오롱인더
theme,382,플렉서블 디스플레이,012610,경인양행
theme,382,플렉서블 디스플레이,131760,파인텍
theme,382,플렉서블 디스플레이,213420,덕산네오룩스
theme,382,플렉서블 디스플레이,251630,브이원텍
theme,382,플렉서블 디스플레이,178920,PI첨단소재
theme,382,플렉서블 디스플레이,469610,이노테크
theme,382,플렉서블 디스플레이,079810,APS이노베이션
theme,382,플렉서블 디스플레이,068790,DMS
theme,382,플렉서블 디스플레이,484120,도우인시스
theme,382,플렉서블 디스플레이,265520,AP시스템
theme,382,플렉서블 디스플레이,059100,아이컴포넌트
theme,382,플렉서블 디스플레이,290520,신도기연
theme,382,플렉서블 디스플레이,038060,루멘스바이오스
theme,188,풍력에너지,032820,우리기술
theme,188,풍력에너지,034020,두산에너빌리티
theme,188,풍력에너지,417200,LS머트리얼즈
theme,188,풍력에너지,015760,한국전력
theme,188,풍력에너지,018000,유니슨
theme,188,풍력에너지,005160,동국산업
theme,188,풍력에너지,100090,SK오션플랜트
theme,188,풍력에너지,000720,현대건설
theme,188,풍력에너지,475150,SK이터닉스
theme,188,풍력에너지,052690,한전기술
theme,188,풍력에너지,006260,LS
theme,188,풍력에너지,100130,동국S&C
theme,188,풍력에너지,229640,LS에코에너지
theme,188,풍력에너지,417030,니어스랩
theme,188,풍력에너지,005490,POSCO홀딩스
theme,188,풍력에너지,112610,씨에스윈드
theme,188,풍력에너지,060370,LS마린솔루션
theme,188,풍력에너지,298040,효성중공업
theme,188,풍력에너지,096350,대창솔루션
theme,188,풍력에너지,054540,삼영엠텍
theme,188,풍력에너지,044490,태웅
theme,188,풍력에너지,101170,우림피티에스
theme,188,풍력에너지,075580,세진중공업
theme,188,풍력에너지,389260,대명에너지
theme,188,풍력에너지,068790,DMS
theme,188,풍력에너지,119500,포메탈
theme,188,풍력에너지,297090,씨에스베어링
theme,188,풍력에너지,024880,케이피에프
theme,188,풍력에너지,100660,서암기계공업
theme,188,풍력에너지,004440,삼일씨엔에스
theme,188,풍력에너지,004800,효성
theme,188,풍력에너지,013810,스페코
theme,188,풍력에너지,003030,세아제강지주
theme,188,풍력에너지,282720,금양그린파워
theme,188,풍력에너지,003070,코오롱글로벌
theme,188,풍력에너지,306200,세아제강
theme,188,풍력에너지,115530,씨엔플러스
theme,229,스마트그리드(지능형전력망),388050,지투파워
theme,229,스마트그리드(지능형전력망),010120,LS ELECTRIC
theme,229,스마트그리드(지능형전력망),001820,삼화콘덴서
theme,229,스마트그리드(지능형전력망),103590,일진전기
theme,229,스마트그리드(지능형전력망),130660,한전산업
theme,229,스마트그리드(지능형전력망),022100,포스코DX
theme,229,스마트그리드(지능형전력망),189860,서전기전
theme,229,스마트그리드(지능형전력망),065770,CS
theme,229,스마트그리드(지능형전력망),082920,비츠로셀
theme,229,스마트그리드(지능형전력망),125210,아모그린텍
theme,229,스마트그리드(지능형전력망),015860,일진홀딩스
theme,229,스마트그리드(지능형전력망),099440,스맥
theme,229,스마트그리드(지능형전력망),054220,비츠로시스
theme,229,스마트그리드(지능형전력망),052860,아이앤씨
theme,229,스마트그리드(지능형전력망),002230,피에스텍
theme,229,스마트그리드(지능형전력망),040160,누리플렉스
theme,229,스마트그리드(지능형전력망),006490,프리티
theme,229,스마트그리드(지능형전력망),237750,피앤씨테크
theme,229,스마트그리드(지능형전력망),015710,코콤
theme,229,스마트그리드(지능형전력망),057540,옴니시스템
theme,279,스마트폰,005930,삼성전자
theme,279,스마트폰,204270,제이앤티씨
theme,279,스마트폰,034220,LG디스플레이
theme,279,스마트폰,332570,PS일렉트로닉스
theme,279,스마트폰,178320,서진시스템
theme,279,스마트폰,353200,대덕전자
theme,279,스마트폰,052710,아모텍
theme,279,스마트폰,192650,드림텍
theme,279,스마트폰,076610,해성옵틱스
theme,279,스마트폰,032580,피델릭스
theme,279,스마트폰,115610,이미지스
theme,279,스마트폰,059120,아진엑스텍
theme,279,스마트폰,049080,기가레인
theme,279,스마트폰,290550,디케이티
theme,279,스마트폰,006400,삼성SDI
theme,279,스마트폰,179900,유티아이
theme,279,스마트폰,051370,인터플렉스
theme,279,스마트폰,011070,LG이노텍
theme,279,스마트폰,459550,알트
theme,279,스마트폰,025320,시노펙스
theme,279,스마트폰,050110,캠시스
theme,279,스마트폰,125210,아모그린텍
theme,279,스마트폰,089010,켐트로닉스
theme,279,스마트폰,079190,케스피온
theme,279,스마트폰,198080,캐프
theme,279,스마트폰,101330,모베이스
theme,279,스마트폰,081580,성우전자
theme,279,스마트폰,126700,하이비젼시스템
theme,279,스마트폰,191410,육일씨엔에쓰
theme,279,스마트폰,148150,세경하이테크
theme,279,스마트폰,094170,동운아나텍
theme,279,스마트폰,036010,아비코전자
theme,279,스마트폰,213420,덕산네오룩스
theme,279,스마트폰,193250,링크드
theme,279,스마트폰,290740,액트로
theme,279,스마트폰,047310,파워로직스
theme,279,스마트폰,033240,자화전자
theme,279,스마트폰,190510,나무가
theme,279,스마트폰,060720,KH바텍
theme,279,스마트폰,096870,엘디티
theme,279,스마트폰,373200,엑스플러스
theme,279,스마트폰,091700,파트론
theme,279,스마트폰,049520,유아이엘
theme,279,스마트폰,056700,신화인터텍
theme,279,스마트폰,049070,인탑스
theme,279,스마트폰,052860,아이앤씨
theme,279,스마트폰,066670,디티씨
theme,279,스마트폰,285490,노바텍
theme,279,스마트폰,069330,유아이디
theme,279,스마트폰,192440,슈피겐코리아
theme,279,스마트폰,091120,이엠텍
theme,279,스마트폰,294140,레몬
theme,279,스마트폰,055490,테이팩스
theme,279,스마트폰,064520,테크엘
theme,279,스마트폰,043590,웰킵스하이텍
theme,279,스마트폰,061040,알에프텍
theme,279,스마트폰,051360,토비스
theme,279,스마트폰,376290,씨유테크
theme,279,스마트폰,154040,다산솔루에타
theme,279,스마트폰,054040,한국컴퓨터
theme,279,스마트폰,073110,엘엠에스
theme,279,스마트폰,080420,모다이노칩
theme,349,드론(Drone),266690,덕산넵코어스
theme,349,드론(Drone),003490,대한항공
theme,349,드론(Drone),077360,덕산하이메탈
theme,349,드론(Drone),274090,켄코아에어로스페이스
theme,349,드론(Drone),272210,한화시스템
theme,349,드론(Drone),047810,한국항공우주
theme,349,드론(Drone),010820,퍼스텍
theme,349,드론(Drone),417030,니어스랩
theme,349,드론(Drone),306620,지아이에스
theme,349,드론(Drone),030200,KT
theme,349,드론(Drone),012450,한화에어로스페이스
theme,349,드론(Drone),079550,LIG디펜스앤에어로스페이스
theme,349,드론(Drone),099320,쎄트렉아이
theme,349,드론(Drone),035460,기산텔레콤
theme,349,드론(Drone),177350,베셀
theme,349,드론(Drone),005870,휴니드
theme,349,드론(Drone),033320,제이씨현시스템
theme,349,드론(Drone),204610,티쓰리
theme,349,드론(Drone),097520,엠씨넥스
theme,349,드론(Drone),187220,디티앤씨
theme,349,드론(Drone),047080,한빛소프트
theme,349,드론(Drone),475580,에이럭스
theme,349,드론(Drone),023800,인지컨트롤스
theme,349,드론(Drone),096630,에스코넥
theme,349,드론(Drone),223310,사토시홀딩스
theme,349,드론(Drone),424960,스마트레이더시스템
theme,349,드론(Drone),093640,케이알엠
theme,349,드론(Drone),015710,코콤
theme,349,드론(Drone),093520,매커스
theme,349,드론(Drone),051380,피씨디렉트
theme,445,2차전지(장비),452190,한빛레이저
theme,445,2차전지(장비),078150,HB테크놀러지
theme,445,2차전지(장비),267320,나인테크
theme,445,2차전지(장비),222080,SFA넥셀
theme,445,2차전지(장비),480370,씨케이솔루션
theme,445,2차전지(장비),161580,필옵틱스
theme,445,2차전지(장비),217820,원익피앤이
theme,445,2차전지(장비),089890,코세스
theme,445,2차전지(장비),259630,엠플러스
theme,445,2차전지(장비),168360,펨트론
theme,445,2차전지(장비),129920,대성하이텍
theme,445,2차전지(장비),277880,티에스아이
theme,445,2차전지(장비),056190,SFA
theme,445,2차전지(장비),469750,아이비젼웍스
theme,445,2차전지(장비),114190,강원에너지
theme,445,2차전지(장비),320000,한울반도체
theme,445,2차전지(장비),372170,윤성에프앤씨
theme,445,2차전지(장비),108230,톱텍
theme,445,2차전지(장비),137400,피엔티
theme,445,2차전지(장비),081180,쎄크
theme,445,2차전지(장비),302430,이노메트리
theme,445,2차전지(장비),065130,탑엔지니어링
theme,445,2차전지(장비),131760,파인텍
theme,445,2차전지(장비),110990,디아이티
theme,445,2차전지(장비),251630,브이원텍
theme,445,2차전지(장비),452200,민테크
theme,445,2차전지(장비),241790,티이엠씨씨엔에스
theme,445,2차전지(장비),076080,웰크론한텍
theme,445,2차전지(장비),079810,APS이노베이션
theme,445,2차전지(장비),382840,원준
theme,445,2차전지(장비),378340,필에너지
theme,445,2차전지(장비),299030,하나기술
theme,445,2차전지(장비),032680,소프트센
theme,445,2차전지(장비),083930,아바코
theme,445,2차전지(장비),382480,지아이텍
theme,445,2차전지(장비),432470,케이엔에스
theme,445,2차전지(장비),262260,에이프로
theme,445,2차전지(장비),109740,디에스케이
theme,445,2차전지(장비),333620,엔시스
theme,445,2차전지(장비),455180,케이지에이
theme,445,2차전지(장비),282880,코윈로보틱스
theme,445,2차전지(장비),413390,엠오티
theme,445,2차전지(장비),290670,대보마그네틱
theme,445,2차전지(장비),257370,피엔티엠에스
theme,445,2차전지(장비),148930,에이치와이티씨
theme,445,2차전지(장비),017370,우신시스템
theme,445,2차전지(장비),254120,자비스
theme,228,국내 상장 중국기업,032580,피델릭스
theme,228,국내 상장 중국기업,900290,GRT
theme,228,국내 상장 중국기업,900070,글로벌에스엠
theme,228,국내 상장 중국기업,900340,윙입푸드
theme,228,국내 상장 중국기업,900300,오가닉티코스메틱
theme,228,국내 상장 중국기업,900270,헝셩그룹
theme,228,국내 상장 중국기업,900250,크리스탈신소재
theme,228,국내 상장 중국기업,900110,딥커머스
theme,228,국내 상장 중국기업,900120,씨엑스아이
theme,228,국내 상장 중국기업,900310,컬러레이
theme,228,국내 상장 중국기업,900260,로스웰
theme,64,2차전지,093370,후성
theme,64,2차전지,452450,피아이이
theme,64,2차전지,033790,피노
theme,64,2차전지,452190,한빛레이저
theme,64,2차전지,078150,HB테크놀러지
theme,64,2차전지,396300,HT로보틱스
theme,64,2차전지,033160,엠케이전자
theme,64,2차전지,003670,포스코퓨처엠
theme,64,2차전지,267320,나인테크
theme,64,2차전지,096770,SK이노베이션
theme,64,2차전지,086520,에코프로
theme,64,2차전지,037030,파워넷
theme,64,2차전지,222080,SFA넥셀
theme,64,2차전지,480370,씨케이솔루션
theme,64,2차전지,419050,삼기에너지솔루션즈
theme,64,2차전지,002710,TCC스틸
theme,64,2차전지,446540,메가터치
theme,64,2차전지,247540,에코프로비엠
theme,64,2차전지,001780,알루코
theme,64,2차전지,066970,엘앤에프
theme,64,2차전지,161580,필옵틱스
theme,64,2차전지,126730,코칩
theme,64,2차전지,091580,상신이디피
theme,64,2차전지,361610,SK아이이테크놀로지
theme,64,2차전지,450080,에코프로머티
theme,64,2차전지,010580,에스엠벡셀
theme,64,2차전지,006400,삼성SDI
theme,64,2차전지,217820,원익피앤이
theme,64,2차전지,393890,더블유씨피
theme,64,2차전지,020150,롯데에너지머티리얼즈
theme,64,2차전지,243840,신흥에스이씨
theme,64,2차전지,064290,인텍플러스
theme,64,2차전지,373220,LG에너지솔루션
theme,64,2차전지,011790,SKC
theme,64,2차전지,161000,애경케미칼
theme,64,2차전지,089890,코세스
theme,64,2차전지,354320,알멕
theme,64,2차전지,259630,엠플러스
theme,64,2차전지,457190,이수스페셜티케미컬
theme,64,2차전지,005490,POSCO홀딩스
theme,64,2차전지,059090,미코
theme,64,2차전지,168360,펨트론
theme,64,2차전지,078600,대주전자재료
theme,64,2차전지,0011A0,액스비스
theme,64,2차전지,348370,엔켐
theme,64,2차전지,129920,대성하이텍
theme,64,2차전지,006110,삼아알미늄
theme,64,2차전지,277880,티에스아이
theme,64,2차전지,056190,SFA
theme,64,2차전지,317330,덕산테코피아
theme,64,2차전지,469750,아이비젼웍스
theme,64,2차전지,417010,나노팀
theme,64,2차전지,114190,강원에너지
theme,64,2차전지,320000,한울반도체
theme,64,2차전지,372170,윤성에프앤씨
theme,64,2차전지,051910,LG화학
theme,64,2차전지,336370,솔루스첨단소재
theme,64,2차전지,108230,톱텍
theme,64,2차전지,005420,코스모화학
theme,64,2차전지,900070,글로벌에스엠
theme,64,2차전지,001390,KG케미칼
theme,64,2차전지,220260,켐트로스
theme,64,2차전지,137400,피엔티
theme,64,2차전지,005070,코스모신소재
theme,64,2차전지,081180,쎄크
theme,64,2차전지,418550,제이오
theme,64,2차전지,302430,이노메트리
theme,64,2차전지,015750,성우하이텍
theme,64,2차전지,065130,탑엔지니어링
theme,64,2차전지,054090,삼진엘앤디
theme,64,2차전지,131760,파인텍
theme,64,2차전지,054210,이랜텍
theme,64,2차전지,110990,디아이티
theme,64,2차전지,251630,브이원텍
theme,64,2차전지,029480,광무
theme,64,2차전지,222420,쎄노텍
theme,64,2차전지,452200,민테크
theme,64,2차전지,011500,한농화성
theme,64,2차전지,241790,티이엠씨씨엔에스
theme,64,2차전지,047310,파워로직스
theme,64,2차전지,240600,유진테크놀로지
theme,64,2차전지,065350,신성델타테크
theme,64,2차전지,008730,율촌화학
theme,64,2차전지,178920,PI첨단소재
theme,64,2차전지,416180,신성에스티
theme,64,2차전지,076080,웰크론한텍
theme,64,2차전지,053080,케이엔솔
theme,64,2차전지,079810,APS이노베이션
theme,64,2차전지,101360,에코앤드림
theme,64,2차전지,018470,조일알미늄
theme,64,2차전지,036830,솔브레인홀딩스
theme,64,2차전지,025900,동화기업
theme,64,2차전지,121600,나노신소재
theme,64,2차전지,382840,원준
theme,64,2차전지,006650,대한유화
theme,64,2차전지,378340,필에너지
theme,64,2차전지,299030,하나기술
theme,64,2차전지,458650,성우
theme,64,2차전지,032680,소프트센
theme,64,2차전지,083930,아바코
theme,64,2차전지,382480,지아이텍
theme,64,2차전지,004490,세방전지
theme,64,2차전지,107600,새빗켐
theme,64,2차전지,089980,상아프론테크
theme,64,2차전지,493330,지에프아이
theme,64,2차전지,432470,케이엔에스
theme,64,2차전지,084850,아이티엠반도체
theme,64,2차전지,262260,에이프로
theme,64,2차전지,365340,성일하이텍
theme,64,2차전지,109740,디에스케이
theme,64,2차전지,333620,엔시스
theme,64,2차전지,357780,솔브레인
theme,64,2차전지,455180,케이지에이
theme,64,2차전지,014680,한솔케미칼
theme,64,2차전지,049950,미래컴퍼니
theme,64,2차전지,042600,새로닉스
theme,64,2차전지,282880,코윈로보틱스
theme,64,2차전지,278280,천보
theme,64,2차전지,413390,엠오티
theme,64,2차전지,096630,에스코넥
theme,64,2차전지,364950,에이아이코리아
theme,64,2차전지,004910,조광페인트
theme,64,2차전지,014820,동원시스템즈
theme,64,2차전지,360070,탑머티리얼
theme,64,2차전지,010130,고려아연
theme,64,2차전지,093920,서원인텍
theme,64,2차전지,001530,DI동일
theme,64,2차전지,290670,대보마그네틱
theme,64,2차전지,257370,피엔티엠에스
theme,64,2차전지,294140,레몬
theme,64,2차전지,090470,제이스로보틱스
theme,64,2차전지,055490,테이팩스
theme,64,2차전지,148930,에이치와이티씨
theme,64,2차전지,051490,나라엠앤디
theme,64,2차전지,265560,영화테크
theme,64,2차전지,263770,유에스티
theme,64,2차전지,475660,에스켐
theme,64,2차전지,452400,이닉스
theme,64,2차전지,075970,동국알앤에스
theme,64,2차전지,032560,황금에스티
theme,64,2차전지,017370,우신시스템
theme,64,2차전지,088390,이녹스
theme,64,2차전지,254120,자비스
theme,422,日 수출 규제(국산화 등),046970,우리로
theme,422,日 수출 규제(국산화 등),093370,후성
theme,422,日 수출 규제(국산화 등),009830,한화솔루션
theme,422,日 수출 규제(국산화 등),005290,동진쎄미켐
theme,422,日 수출 규제(국산화 등),101490,에스앤에스텍
theme,422,日 수출 규제(국산화 등),482630,삼양엔씨켐
theme,422,日 수출 규제(국산화 등),220260,켐트로스
theme,422,日 수출 규제(국산화 등),012610,경인양행
theme,422,日 수출 규제(국산화 등),004430,송원산업
theme,422,日 수출 규제(국산화 등),272290,이녹스첨단소재
theme,422,日 수출 규제(국산화 등),008730,율촌화학
theme,422,日 수출 규제(국산화 등),178920,PI첨단소재
theme,422,日 수출 규제(국산화 등),079810,APS이노베이션
theme,422,日 수출 규제(국산화 등),013310,아진산업
theme,422,日 수출 규제(국산화 등),371950,풍원정밀
theme,422,日 수출 규제(국산화 등),171010,램테크놀러지
theme,422,日 수출 규제(국산화 등),357780,솔브레인
theme,422,日 수출 규제(국산화 등),014970,삼륭물산
theme,422,日 수출 규제(국산화 등),019540,일지테크
theme,272,전자결제(전자화폐),064260,다날
theme,272,전자결제(전자화폐),042000,카페24
theme,272,전자결제(전자화폐),234340,헥토파이낸셜
theme,272,전자결제(전자화폐),094480,갤럭시아머니트리
theme,272,전자결제(전자화폐),060250,NHN KCP
theme,272,전자결제(전자화폐),377300,카카오페이
theme,272,전자결제(전자화폐),181710,NHN
theme,272,전자결제(전자화폐),294570,쿠콘
theme,272,전자결제(전자화폐),046440,KG파이낸셜
theme,272,전자결제(전자화폐),025770,한국정보통신
theme,272,전자결제(전자화폐),035600,KG이니시스
theme,272,전자결제(전자화폐),039290,인포뱅크
theme,272,전자결제(전자화폐),115310,인포바인
theme,393,갤럭시 부품주,005930,삼성전자
theme,393,갤럭시 부품주,204270,제이앤티씨
theme,393,갤럭시 부품주,332570,PS일렉트로닉스
theme,393,갤럭시 부품주,004710,한솔테크닉스
theme,393,갤럭시 부품주,052710,아모텍
theme,393,갤럭시 부품주,192650,드림텍
theme,393,갤럭시 부품주,007810,코리아써키트
theme,393,갤럭시 부품주,090460,비에이치
theme,393,갤럭시 부품주,009150,삼성전기
theme,393,갤럭시 부품주,049080,기가레인
theme,393,갤럭시 부품주,179900,유티아이
theme,393,갤럭시 부품주,051370,인터플렉스
theme,393,갤럭시 부품주,085670,뉴프렉스
theme,393,갤럭시 부품주,025320,시노펙스
theme,393,갤럭시 부품주,050110,캠시스
theme,393,갤럭시 부품주,125210,아모그린텍
theme,393,갤럭시 부품주,089010,켐트로닉스
theme,393,갤럭시 부품주,101330,모베이스
theme,393,갤럭시 부품주,272290,이녹스첨단소재
theme,393,갤럭시 부품주,148150,세경하이테크
theme,393,갤럭시 부품주,054210,이랜텍
theme,393,갤럭시 부품주,213420,덕산네오룩스
theme,393,갤럭시 부품주,047310,파워로직스
theme,393,갤럭시 부품주,033240,자화전자
theme,393,갤럭시 부품주,190510,나무가
theme,393,갤럭시 부품주,178920,PI첨단소재
theme,393,갤럭시 부품주,060720,KH바텍
theme,393,갤럭시 부품주,187270,신화콘텍
theme,393,갤럭시 부품주,091700,파트론
theme,393,갤럭시 부품주,053450,세코닉스
theme,393,갤럭시 부품주,049070,인탑스
theme,393,갤럭시 부품주,484120,도우인시스
theme,393,갤럭시 부품주,097520,엠씨넥스
theme,393,갤럭시 부품주,238090,앤디포스
theme,393,갤럭시 부품주,096630,에스코넥
theme,393,갤럭시 부품주,082210,옵트론텍
theme,393,갤럭시 부품주,294140,레몬
theme,393,갤럭시 부품주,061040,알에프텍
theme,393,갤럭시 부품주,376290,씨유테크
theme,318,백화점,452260,한화갤러리아
theme,318,백화점,023530,롯데쇼핑
theme,318,백화점,069960,현대백화점
theme,318,백화점,004170,신세계
theme,318,백화점,006370,대구백화점
theme,318,백화점,037710,광주신세계
theme,392,스마트팩토리(스마트공장),452450,피아이이
theme,392,스마트팩토리(스마트공장),098460,고영
theme,392,스마트팩토리(스마트공장),010120,LS ELECTRIC
theme,392,스마트팩토리(스마트공장),090710,휴림로봇
theme,392,스마트팩토리(스마트공장),011700,한신기계
theme,392,스마트팩토리(스마트공장),086960,MDS테크
theme,392,스마트팩토리(스마트공장),319400,현대무벡스
theme,392,스마트팩토리(스마트공장),064400,LG씨엔에스
theme,392,스마트팩토리(스마트공장),059120,아진엑스텍
theme,392,스마트팩토리(스마트공장),048770,TPC로보틱스
theme,392,스마트팩토리(스마트공장),049480,오픈베이스
theme,392,스마트팩토리(스마트공장),022100,포스코DX
theme,392,스마트팩토리(스마트공장),056190,SFA
theme,392,스마트팩토리(스마트공장),232680,라온로보틱스
theme,392,스마트팩토리(스마트공장),018260,삼성에스디에스
theme,392,스마트팩토리(스마트공장),108230,톱텍
theme,392,스마트팩토리(스마트공장),034730,SK
theme,392,스마트팩토리(스마트공장),099440,스맥
theme,392,스마트팩토리(스마트공장),391710,코닉오토메이션
theme,392,스마트팩토리(스마트공장),003550,LG
theme,392,스마트팩토리(스마트공장),271830,팸텍
theme,392,스마트팩토리(스마트공장),484810,티엑스알로보틱스
theme,392,스마트팩토리(스마트공장),381620,제닉스로보틱스
theme,392,스마트팩토리(스마트공장),007820,엠엑스로보틱스
theme,392,스마트팩토리(스마트공장),322180,LS티라유텍
theme,392,스마트팩토리(스마트공장),219420,링크제니시스
theme,392,스마트팩토리(스마트공장),140670,알에스오토메이션
theme,392,스마트팩토리(스마트공장),317830,에스피시스템스
theme,392,스마트팩토리(스마트공장),373170,엠아이큐브솔루션
theme,392,스마트팩토리(스마트공장),388720,유일로보틱스
theme,392,스마트팩토리(스마트공장),086670,비엠티
theme,392,스마트팩토리(스마트공장),282880,코윈로보틱스
theme,392,스마트팩토리(스마트공장),351330,이삭엔지니어링
theme,392,스마트팩토리(스마트공장),347890,엠엑스온
theme,392,스마트팩토리(스마트공장),004380,삼익THK
theme,392,스마트팩토리(스마트공장),094280,효성ITX
theme,392,스마트팩토리(스마트공장),290090,트윔
theme,392,스마트팩토리(스마트공장),075970,동국알앤에스
theme,106,바이오인식(생체인식),042510,라온시큐어
theme,106,바이오인식(생체인식),203650,드림시큐리티
theme,106,바이오인식(생체인식),192650,드림텍
theme,106,바이오인식(생체인식),076610,해성옵틱스
theme,106,바이오인식(생체인식),232830,아이티센피엔에스
theme,106,바이오인식(생체인식),347860,알체라
theme,106,바이오인식(생체인식),077500,유니퀘스트
theme,106,바이오인식(생체인식),203450,유니온바이오메트릭스
theme,106,바이오인식(생체인식),317770,엑스페릭스
theme,106,바이오인식(생체인식),036810,에프에스티
theme,106,바이오인식(생체인식),094170,동운아나텍
theme,106,바이오인식(생체인식),208710,포톤
theme,106,바이오인식(생체인식),047310,파워로직스
theme,106,바이오인식(생체인식),340810,시선AI
theme,106,바이오인식(생체인식),236200,슈프리마
theme,106,바이오인식(생체인식),091700,파트론
theme,106,바이오인식(생체인식),097520,엠씨넥스
theme,106,바이오인식(생체인식),131090,시큐브
theme,106,바이오인식(생체인식),094840,슈프리마에이치큐
theme,250,철도,032820,우리기술
theme,250,철도,006340,대원전선
theme,250,철도,072950,빛샘전자
theme,250,철도,042370,비츠로테크
theme,250,철도,065530,와이어블
theme,250,철도,115440,우리넷
theme,250,철도,115500,케이씨에스
theme,250,철도,004020,현대제철
theme,250,철도,007610,선도전기
theme,250,철도,001780,알루코
theme,250,철도,045390,대아티아이
theme,250,철도,064350,현대로템
theme,250,철도,017510,세명전기
theme,250,철도,033100,제룡전기
theme,250,철도,058610,에스피지
theme,250,철도,101170,우림피티에스
theme,250,철도,039980,폴라리스AI
theme,250,철도,234300,에스트래픽
theme,250,철도,002690,동일제강
theme,250,철도,017480,삼현철강
theme,250,철도,006050,국영지앤엠
theme,250,철도,046940,우원개발
theme,250,철도,054220,비츠로시스
theme,250,철도,109080,옵티시스
theme,250,철도,001260,남광토건
theme,250,철도,100660,서암기계공업
theme,250,철도,094940,푸른로보틱스
theme,250,철도,004440,삼일씨엔에스
theme,250,철도,023350,한국종합기술
theme,250,철도,011370,서한
theme,250,철도,108380,대양전기공업
theme,250,철도,026150,특수건설
theme,250,철도,013030,하이록코리아
theme,250,철도,002150,도화엔지니어링
theme,250,철도,237750,피앤씨테크
theme,250,철도,039570,HDC랩스
theme,250,철도,028100,동아지질
theme,250,철도,054930,유신
theme,250,철도,032560,황금에스티
theme,250,철도,011390,부산산업
theme,123,전력설비,001440,대한전선
theme,123,전력설비,024840,KBI메탈
theme,123,전력설비,006340,대원전선
theme,123,전력설비,034020,두산에너빌리티
theme,123,전력설비,125020,티씨머티리얼즈
theme,123,전력설비,388050,지투파워
theme,123,전력설비,042370,비츠로테크
theme,123,전력설비,010120,LS ELECTRIC
theme,123,전력설비,006910,보성파워텍
theme,123,전력설비,103590,일진전기
theme,123,전력설비,015760,한국전력
theme,123,전력설비,000500,가온전선
theme,123,전력설비,007610,선도전기
theme,123,전력설비,062040,산일전기
theme,123,전력설비,119850,지엔씨에너지
theme,123,전력설비,006260,LS
theme,123,전력설비,229640,LS에코에너지
theme,123,전력설비,199820,제일일렉트릭
theme,123,전력설비,147830,제룡산업
theme,123,전력설비,267260,HD현대일렉트릭
theme,123,전력설비,017510,세명전기
theme,123,전력설비,130660,한전산업
theme,123,전력설비,189860,서전기전
theme,123,전력설비,033100,제룡전기
theme,123,전력설비,060370,LS마린솔루션
theme,123,전력설비,298040,효성중공업
theme,123,전력설비,294630,서남
theme,123,전력설비,051600,한전KPS
theme,123,전력설비,038460,바이오스마트
theme,123,전력설비,054220,비츠로시스
theme,123,전력설비,479960,위너스일렉
theme,123,전력설비,237750,피앤씨테크
theme,123,전력설비,096690,에이루트
theme,123,전력설비,036190,금화피에스시
theme,313,남-북-러 가스관사업,008970,KBI동양철관
theme,313,남-북-러 가스관사업,105740,디케이락
theme,313,남-북-러 가스관사업,100090,SK오션플랜트
theme,313,남-북-러 가스관사업,071090,하이스틸
theme,313,남-북-러 가스관사업,005010,휴스틸
theme,313,남-북-러 가스관사업,039610,화성밸브
theme,313,남-북-러 가스관사업,026940,부국철강
theme,313,남-북-러 가스관사업,008420,문배철강
theme,313,남-북-러 가스관사업,017480,삼현철강
theme,313,남-북-러 가스관사업,048470,대동스틸
theme,313,남-북-러 가스관사업,306200,세아제강
theme,313,남-북-러 가스관사업,085310,엔케이
theme,313,남-북-러 가스관사업,060380,동양에스텍
theme,388,아이폰,005930,삼성전자
theme,388,아이폰,000660,SK하이닉스
theme,388,아이폰,034220,LG디스플레이
theme,388,아이폰,263600,덕우전자
theme,388,아이폰,090460,비에이치
theme,388,아이폰,009150,삼성전기
theme,388,아이폰,006400,삼성SDI
theme,388,아이폰,251370,와이엠티
theme,388,아이폰,051370,인터플렉스
theme,388,아이폰,011070,LG이노텍
theme,388,아이폰,051910,LG화학
theme,388,아이폰,126700,하이비젼시스템
theme,388,아이폰,272290,이녹스첨단소재
theme,388,아이폰,213420,덕산네오룩스
theme,388,아이폰,053610,프로텍
theme,388,아이폰,108320,LX세미콘
theme,388,아이폰,084850,아이티엠반도체
theme,388,아이폰,238090,앤디포스
theme,388,아이폰,000670,영풍
theme,388,아이폰,192440,슈피겐코리아
theme,379,항공기부품,034020,두산에너빌리티
theme,379,항공기부품,003490,대한항공
theme,379,항공기부품,046120,오르비텍
theme,379,항공기부품,274090,켄코아에어로스페이스
theme,379,항공기부품,047810,한국항공우주
theme,379,항공기부품,215090,솔디펜스
theme,379,항공기부품,012450,한화에어로스페이스
theme,379,항공기부품,079550,LIG디펜스앤에어로스페이스
theme,379,항공기부품,017960,한국카본
theme,379,항공기부품,011210,현대위아
theme,379,항공기부품,005870,휴니드
theme,379,항공기부품,067390,아스트
theme,379,항공기부품,095190,신화프리텍
theme,379,항공기부품,288180,케이피항공산업
theme,379,항공기부품,221840,하이즈항공
theme,144,방위산업/전쟁 및 테러,010170,대한광통신
theme,144,방위산업/전쟁 및 테러,012210,삼미금속
theme,144,방위산업/전쟁 및 테러,321370,센서뷰
theme,144,방위산업/전쟁 및 테러,032820,우리기술
theme,144,방위산업/전쟁 및 테러,266690,덕산넵코어스
theme,144,방위산업/전쟁 및 테러,003490,대한항공
theme,144,방위산업/전쟁 및 테러,042370,비츠로테크
theme,144,방위산업/전쟁 및 테러,327260,RF머트리얼즈
theme,144,방위산업/전쟁 및 테러,077360,덕산하이메탈
theme,144,방위산업/전쟁 및 테러,065950,웰크론
theme,144,방위산업/전쟁 및 테러,042660,한화오션
theme,144,방위산업/전쟁 및 테러,000270,기아
theme,144,방위산업/전쟁 및 테러,274090,켄코아에어로스페이스
theme,144,방위산업/전쟁 및 테러,003010,혜인
theme,144,방위산업/전쟁 및 테러,272210,한화시스템
theme,144,방위산업/전쟁 및 테러,218410,RFHIC
theme,144,방위산업/전쟁 및 테러,437730,삼현
theme,144,방위산업/전쟁 및 테러,103140,풍산
theme,144,방위산업/전쟁 및 테러,065450,빅텍
theme,144,방위산업/전쟁 및 테러,047810,한국항공우주
theme,144,방위산업/전쟁 및 테러,088800,에이스테크
theme,144,방위산업/전쟁 및 테러,010820,퍼스텍
theme,144,방위산업/전쟁 및 테러,417030,니어스랩
theme,144,방위산업/전쟁 및 테러,064350,현대로템
theme,144,방위산업/전쟁 및 테러,009540,HD한국조선해양
theme,144,방위산업/전쟁 및 테러,368770,파이버프로
theme,144,방위산업/전쟁 및 테러,484870,엠앤씨솔루션
theme,144,방위산업/전쟁 및 테러,215090,솔디펜스
theme,144,방위산업/전쟁 및 테러,129920,대성하이텍
theme,144,방위산업/전쟁 및 테러,097230,HJ중공업
theme,144,방위산업/전쟁 및 테러,010280,아이티센엔텍
theme,144,방위산업/전쟁 및 테러,140430,카티스
theme,144,방위산업/전쟁 및 테러,082920,비츠로셀
theme,144,방위산업/전쟁 및 테러,012450,한화에어로스페이스
theme,144,방위산업/전쟁 및 테러,077970,STX엔진
theme,144,방위산업/전쟁 및 테러,079550,LIG디펜스앤에어로스페이스
theme,144,방위산업/전쟁 및 테러,487400,케이앤에스아이앤씨
theme,144,방위산업/전쟁 및 테러,310870,디와이씨
theme,144,방위산업/전쟁 및 테러,081180,쎄크
theme,144,방위산업/전쟁 및 테러,372910,한컴라이프케어
theme,144,방위산업/전쟁 및 테러,099320,쎄트렉아이
theme,144,방위산업/전쟁 및 테러,035460,기산텔레콤
theme,144,방위산업/전쟁 및 테러,040300,YTN
theme,144,방위산업/전쟁 및 테러,000880,한화
theme,144,방위산업/전쟁 및 테러,484590,삼양컴텍
theme,144,방위산업/전쟁 및 테러,274400,이노시뮬레이션
theme,144,방위산업/전쟁 및 테러,0015G0,그린광학
theme,144,방위산업/전쟁 및 테러,289930,웨이비스
theme,144,방위산업/전쟁 및 테러,024740,한일단조
theme,144,방위산업/전쟁 및 테러,474610,RF시스템즈
theme,144,방위산업/전쟁 및 테러,090080,평화산업
theme,144,방위산업/전쟁 및 테러,003570,SNT다이내믹스
theme,144,방위산업/전쟁 및 테러,011210,현대위아
theme,144,방위산업/전쟁 및 테러,005870,휴니드
theme,144,방위산업/전쟁 및 테러,006050,국영지앤엠
theme,144,방위산업/전쟁 및 테러,119500,포메탈
theme,144,방위산업/전쟁 및 테러,084850,아이티엠반도체
theme,144,방위산업/전쟁 및 테러,095270,웨이브일렉트로
theme,144,방위산업/전쟁 및 테러,064960,SNT모티브
theme,144,방위산업/전쟁 및 테러,005810,풍산홀딩스
theme,144,방위산업/전쟁 및 테러,095190,신화프리텍
theme,144,방위산업/전쟁 및 테러,361390,제노코
theme,144,방위산업/전쟁 및 테러,448710,코츠테크놀로지
theme,144,방위산업/전쟁 및 테러,214430,아이쓰리시스템
theme,144,방위산업/전쟁 및 테러,108380,대양전기공업
theme,144,방위산업/전쟁 및 테러,013810,스페코
theme,144,방위산업/전쟁 및 테러,096630,에스코넥
theme,144,방위산업/전쟁 및 테러,288180,케이피항공산업
theme,144,방위산업/전쟁 및 테러,015710,코콤
theme,144,방위산업/전쟁 및 테러,377330,이지트로닉스
theme,329,전력저장장치(ESS),388050,지투파워
theme,329,전력저장장치(ESS),066570,LG전자
theme,329,전력저장장치(ESS),396300,HT로보틱스
theme,329,전력저장장치(ESS),010120,LS ELECTRIC
theme,329,전력저장장치(ESS),178320,서진시스템
theme,329,전력저장장치(ESS),001820,삼화콘덴서
theme,329,전력저장장치(ESS),096770,SK이노베이션
theme,329,전력저장장치(ESS),222080,SFA넥셀
theme,329,전력저장장치(ESS),475150,SK이터닉스
theme,329,전력저장장치(ESS),010580,에스엠벡셀
theme,329,전력저장장치(ESS),290550,디케이티
theme,329,전력저장장치(ESS),006400,삼성SDI
theme,329,전력저장장치(ESS),217820,원익피앤이
theme,329,전력저장장치(ESS),393890,더블유씨피
theme,329,전력저장장치(ESS),107640,한중엔시에스
theme,329,전력저장장치(ESS),373220,LG에너지솔루션
theme,329,전력저장장치(ESS),011930,신성이엔지
theme,329,전력저장장치(ESS),259630,엠플러스
theme,329,전력저장장치(ESS),322000,HD현대에너지솔루션
theme,329,전력저장장치(ESS),267260,HD현대일렉트릭
theme,329,전력저장장치(ESS),130660,한전산업
theme,329,전력저장장치(ESS),022100,포스코DX
theme,329,전력저장장치(ESS),348370,엔켐
theme,329,전력저장장치(ESS),082920,비츠로셀
theme,329,전력저장장치(ESS),298040,효성중공업
theme,329,전력저장장치(ESS),125210,아모그린텍
theme,329,전력저장장치(ESS),137400,피엔티
theme,329,전력저장장치(ESS),126340,비나텍
theme,329,전력저장장치(ESS),054090,삼진엘앤디
theme,329,전력저장장치(ESS),054210,이랜텍
theme,329,전력저장장치(ESS),047310,파워로직스
theme,329,전력저장장치(ESS),416180,신성에스티
theme,329,전력저장장치(ESS),009470,삼화전기
theme,329,전력저장장치(ESS),024900,디와이덕양
theme,329,전력저장장치(ESS),004490,세방전지
theme,329,전력저장장치(ESS),089980,상아프론테크
theme,329,전력저장장치(ESS),493330,지에프아이
theme,329,전력저장장치(ESS),140670,알에스오토메이션
theme,329,전력저장장치(ESS),273640,와이엠텍
theme,329,전력저장장치(ESS),282720,금양그린파워
theme,329,전력저장장치(ESS),241690,유니테크노
theme,329,전력저장장치(ESS),453450,그리드위즈
theme,472,2차전지(전고체),267320,나인테크
theme,472,2차전지(전고체),096770,SK이노베이션
theme,472,2차전지(전고체),222080,SFA넥셀
theme,472,2차전지(전고체),009150,삼성전기
theme,472,2차전지(전고체),281740,레이크머티리얼즈
theme,472,2차전지(전고체),361610,SK아이이테크놀로지
theme,472,2차전지(전고체),307180,아이엘
theme,472,2차전지(전고체),006400,삼성SDI
theme,472,2차전지(전고체),131400,이브이첨단소재
theme,472,2차전지(전고체),020150,롯데에너지머티리얼즈
theme,472,2차전지(전고체),373220,LG에너지솔루션
theme,472,2차전지(전고체),259630,엠플러스
theme,472,2차전지(전고체),457190,이수스페셜티케미컬
theme,472,2차전지(전고체),059090,미코
theme,472,2차전지(전고체),078600,대주전자재료
theme,472,2차전지(전고체),277880,티에스아이
theme,472,2차전지(전고체),317330,덕산테코피아
theme,472,2차전지(전고체),452200,민테크
theme,472,2차전지(전고체),011500,한농화성
theme,472,2차전지(전고체),025900,동화기업
theme,472,2차전지(전고체),382840,원준
theme,472,2차전지(전고체),299030,하나기술
theme,472,2차전지(전고체),083930,아바코
theme,472,2차전지(전고체),049950,미래컴퍼니
theme,472,2차전지(전고체),282880,코윈로보틱스
theme,472,2차전지(전고체),278280,천보
theme,472,2차전지(전고체),413390,엠오티
theme,472,2차전지(전고체),294140,레몬
theme,472,2차전지(전고체),055490,테이팩스
theme,472,2차전지(전고체),357550,석경에이티
theme,446,2차전지(소재/부품),093370,후성
theme,446,2차전지(소재/부품),033790,피노
theme,446,2차전지(소재/부품),033160,엠케이전자
theme,446,2차전지(소재/부품),003670,포스코퓨처엠
theme,446,2차전지(소재/부품),086520,에코프로
theme,446,2차전지(소재/부품),419050,삼기에너지솔루션즈
theme,446,2차전지(소재/부품),002710,TCC스틸
theme,446,2차전지(소재/부품),446540,메가터치
theme,446,2차전지(소재/부품),247540,에코프로비엠
theme,446,2차전지(소재/부품),001780,알루코
theme,446,2차전지(소재/부품),066970,엘앤에프
theme,446,2차전지(소재/부품),091580,상신이디피
theme,446,2차전지(소재/부품),361610,SK아이이테크놀로지
theme,446,2차전지(소재/부품),450080,에코프로머티
theme,446,2차전지(소재/부품),393890,더블유씨피
theme,446,2차전지(소재/부품),020150,롯데에너지머티리얼즈
theme,446,2차전지(소재/부품),243840,신흥에스이씨
theme,446,2차전지(소재/부품),011790,SKC
theme,446,2차전지(소재/부품),161000,애경케미칼
theme,446,2차전지(소재/부품),354320,알멕
theme,446,2차전지(소재/부품),005490,POSCO홀딩스
theme,446,2차전지(소재/부품),078600,대주전자재료
theme,446,2차전지(소재/부품),348370,엔켐
theme,446,2차전지(소재/부품),006110,삼아알미늄
theme,446,2차전지(소재/부품),317330,덕산테코피아
theme,446,2차전지(소재/부품),417010,나노팀
theme,446,2차전지(소재/부품),114190,강원에너지
theme,446,2차전지(소재/부품),051910,LG화학
theme,446,2차전지(소재/부품),336370,솔루스첨단소재
theme,446,2차전지(소재/부품),005420,코스모화학
theme,446,2차전지(소재/부품),900070,글로벌에스엠
theme,446,2차전지(소재/부품),001390,KG케미칼
theme,446,2차전지(소재/부품),220260,켐트로스
theme,446,2차전지(소재/부품),005070,코스모신소재
theme,446,2차전지(소재/부품),015750,성우하이텍
theme,446,2차전지(소재/부품),054090,삼진엘앤디
theme,446,2차전지(소재/부품),054210,이랜텍
theme,446,2차전지(소재/부품),029480,광무
theme,446,2차전지(소재/부품),222420,쎄노텍
theme,446,2차전지(소재/부품),011500,한농화성
theme,446,2차전지(소재/부품),047310,파워로직스
theme,446,2차전지(소재/부품),240600,유진테크놀로지
theme,446,2차전지(소재/부품),065350,신성델타테크
theme,446,2차전지(소재/부품),008730,율촌화학
theme,446,2차전지(소재/부품),178920,PI첨단소재
theme,446,2차전지(소재/부품),416180,신성에스티
theme,446,2차전지(소재/부품),101360,에코앤드림
theme,446,2차전지(소재/부품),018470,조일알미늄
theme,446,2차전지(소재/부품),036830,솔브레인홀딩스
theme,446,2차전지(소재/부품),025900,동화기업
theme,446,2차전지(소재/부품),121600,나노신소재
theme,446,2차전지(소재/부품),006650,대한유화
theme,446,2차전지(소재/부품),458650,성우
theme,446,2차전지(소재/부품),089980,상아프론테크
theme,446,2차전지(소재/부품),084850,아이티엠반도체
theme,446,2차전지(소재/부품),357780,솔브레인
theme,446,2차전지(소재/부품),014680,한솔케미칼
theme,446,2차전지(소재/부품),278280,천보
theme,446,2차전지(소재/부품),096630,에스코넥
theme,446,2차전지(소재/부품),004910,조광페인트
theme,446,2차전지(소재/부품),014820,동원시스템즈
theme,446,2차전지(소재/부품),010130,고려아연
theme,446,2차전지(소재/부품),093920,서원인텍
theme,446,2차전지(소재/부품),001530,DI동일
theme,446,2차전지(소재/부품),055490,테이팩스
theme,446,2차전지(소재/부품),051490,나라엠앤디
theme,446,2차전지(소재/부품),265560,영화테크
theme,446,2차전지(소재/부품),263770,유에스티
theme,446,2차전지(소재/부품),475660,에스켐
theme,446,2차전지(소재/부품),452400,이닉스
theme,446,2차전지(소재/부품),075970,동국알앤에스
theme,446,2차전지(소재/부품),032560,황금에스티
theme,446,2차전지(소재/부품),088390,이녹스
theme,401,원자력발전소 해체,032820,우리기술
theme,401,원자력발전소 해체,034020,두산에너빌리티
theme,401,원자력발전소 해체,042370,비츠로테크
theme,401,원자력발전소 해체,046120,오르비텍
theme,401,원자력발전소 해체,000720,현대건설
theme,401,원자력발전소 해체,052690,한전기술
theme,401,원자력발전소 해체,105840,우진
theme,401,원자력발전소 해체,083650,비에이치아이
theme,401,원자력발전소 해체,136150,원일티엔아이
theme,401,원자력발전소 해체,096350,대창솔루션
theme,401,원자력발전소 해체,051600,한전KPS
theme,401,원자력발전소 해체,199430,케이엔알시스템
theme,401,원자력발전소 해체,098070,한텍
theme,401,원자력발전소 해체,103230,에스앤더블류
theme,401,원자력발전소 해체,348350,위드텍
theme,373,5G(5세대 이동통신),069540,빛과전자
theme,373,5G(5세대 이동통신),010170,대한광통신
theme,373,5G(5세대 이동통신),005930,삼성전자
theme,373,5G(5세대 이동통신),062970,한국첨단소재
theme,373,5G(5세대 이동통신),321370,센서뷰
theme,373,5G(5세대 이동통신),215790,이노인스트루먼트
theme,373,5G(5세대 이동통신),046970,우리로
theme,373,5G(5세대 이동통신),050890,쏠리드
theme,373,5G(5세대 이동통신),066570,LG전자
theme,373,5G(5세대 이동통신),332570,PS일렉트로닉스
theme,373,5G(5세대 이동통신),388790,라이콤
theme,373,5G(5세대 이동통신),007660,이수페타시스
theme,373,5G(5세대 이동통신),065530,와이어블
theme,373,5G(5세대 이동통신),178320,서진시스템
theme,373,5G(5세대 이동통신),353200,대덕전자
theme,373,5G(5세대 이동통신),115440,우리넷
theme,373,5G(5세대 이동통신),218410,RFHIC
theme,373,5G(5세대 이동통신),049080,기가레인
theme,373,5G(5세대 이동통신),065440,이루온
theme,373,5G(5세대 이동통신),138080,오이솔루션
theme,373,5G(5세대 이동통신),088800,에이스테크
theme,373,5G(5세대 이동통신),229640,LS에코에너지
theme,373,5G(5세대 이동통신),032640,LG유플러스
theme,373,5G(5세대 이동통신),242040,나무AX
theme,373,5G(5세대 이동통신),355150,코스텍시스
theme,373,5G(5세대 이동통신),032500,케이엠더블유
theme,373,5G(5세대 이동통신),056360,코위버
theme,373,5G(5세대 이동통신),065770,CS
theme,373,5G(5세대 이동통신),017670,SK텔레콤
theme,373,5G(5세대 이동통신),030200,KT
theme,373,5G(5세대 이동통신),060370,LS마린솔루션
theme,373,5G(5세대 이동통신),052460,아이크래프트
theme,373,5G(5세대 이동통신),230240,에치에프알
theme,373,5G(5세대 이동통신),340360,다보링크
theme,373,5G(5세대 이동통신),091440,한울소재과학
theme,373,5G(5세대 이동통신),035460,기산텔레콤
theme,373,5G(5세대 이동통신),173130,오파스넷
theme,373,5G(5세대 이동통신),289930,웨이비스
theme,373,5G(5세대 이동통신),088280,쏘닉스
theme,373,5G(5세대 이동통신),178920,PI첨단소재
theme,373,5G(5세대 이동통신),389020,자람테크놀로지
theme,373,5G(5세대 이동통신),073490,LIG아큐버
theme,373,5G(5세대 이동통신),264450,유비쿼스
theme,373,5G(5세대 이동통신),037460,삼지전자
theme,373,5G(5세대 이동통신),095270,웨이브일렉트로
theme,373,5G(5세대 이동통신),073540,에프알텍
theme,373,5G(5세대 이동통신),122990,와이솔
theme,373,5G(5세대 이동통신),072130,유엔젤
theme,373,5G(5세대 이동통신),192410,오늘이엔엠
theme,373,5G(5세대 이동통신),175140,아고스
theme,373,5G(5세대 이동통신),069410,엔텔스
theme,373,5G(5세대 이동통신),061040,알에프텍
theme,373,5G(5세대 이동통신),153460,네이블
theme,373,5G(5세대 이동통신),377330,이지트로닉스
theme,373,5G(5세대 이동통신),078000,텔코웨어
theme,159,자동차 대표주,018880,한온시스템
theme,159,자동차 대표주,000270,기아
theme,159,자동차 대표주,005380,현대차
theme,159,자동차 대표주,003620,KG모빌리티
theme,159,자동차 대표주,204320,HL만도
theme,159,자동차 대표주,012330,현대모비스
theme,159,자동차 대표주,011210,현대위아
theme,615,2026 하반기 신규상장,0161M0,네오사피엔스
theme,615,2026 하반기 신규상장,266690,덕산넵코어스
theme,615,2026 하반기 신규상장,0035S0,빅웨이브로보틱스
theme,615,2026 하반기 신규상장,468670,브릴스
theme,615,2026 하반기 신규상장,486510,글로벌테크놀로지
theme,615,2026 하반기 신규상장,386380,스카이랩스
theme,615,2026 하반기 신규상장,387690,레메디
theme,615,2026 하반기 신규상장,0010S0,와이즈플래닛컴퍼니
theme,615,2026 하반기 신규상장,0039P0,매드업
theme,615,2026 하반기 신규상장,365660,레몬헬스케어
theme,615,2026 하반기 신규상장,950260,인제니아테라퓨틱스(Reg.S)
theme,615,2026 하반기 신규상장,417030,니어스랩
theme,615,2026 하반기 신규상장,0155E0,해치텍
theme,615,2026 하반기 신규상장,0200G0,한국제17호스팩
theme,615,2026 하반기 신규상장,483350,딜리셔스
theme,615,2026 하반기 신규상장,487400,케이앤에스아이앤씨
theme,615,2026 하반기 신규상장,0209J0,KB제34호스팩
theme,615,2026 하반기 신규상장,0197V0,엔에이치스팩34호
theme,615,2026 하반기 신규상장,0156T0,에이치엘지노믹스
theme,615,2026 하반기 신규상장,282620,기도산업
theme,547,CXL(컴퓨트익스프레스링크),005930,삼성전자
theme,547,CXL(컴퓨트익스프레스링크),000660,SK하이닉스
theme,547,CXL(컴퓨트익스프레스링크),253590,네오셈
theme,547,CXL(컴퓨트익스프레스링크),356860,티엘비
theme,547,CXL(컴퓨트익스프레스링크),007810,코리아써키트
theme,547,CXL(컴퓨트익스프레스링크),080580,오킨스전자
theme,547,CXL(컴퓨트익스프레스링크),440110,파두
theme,547,CXL(컴퓨트익스프레스링크),092870,엑시콘
theme,547,CXL(컴퓨트익스프레스링크),432720,퀄리타스반도체
theme,547,CXL(컴퓨트익스프레스링크),394280,오픈엣지테크놀로지
theme,547,CXL(컴퓨트익스프레스링크),405100,큐알티
theme,547,CXL(컴퓨트익스프레스링크),043650,국순당
theme,547,CXL(컴퓨트익스프레스링크),019680,대교
theme,595,우주태양광(페로브스카이트 등),009830,한화솔루션
theme,595,우주태양광(페로브스카이트 등),015760,한국전력
theme,595,우주태양광(페로브스카이트 등),086390,유니테스트
theme,595,우주태양광(페로브스카이트 등),322000,HD현대에너지솔루션
theme,595,우주태양광(페로브스카이트 등),078600,대주전자재료
theme,595,우주태양광(페로브스카이트 등),255440,야스
theme,595,우주태양광(페로브스카이트 등),171090,선익시스템
theme,595,우주태양광(페로브스카이트 등),489500,엘케이켐
theme,595,우주태양광(페로브스카이트 등),241770,메카로
theme,595,우주태양광(페로브스카이트 등),357550,석경에이티
theme,326,3D 프린터,090710,휴림로봇
theme,326,3D 프린터,048770,TPC로보틱스
theme,326,3D 프린터,104540,코렌텍
theme,326,3D 프린터,039440,에스티아이
theme,326,3D 프린터,376900,로킷헬스케어
theme,326,3D 프린터,099440,스맥
theme,326,3D 프린터,126700,하이비젼시스템
theme,326,3D 프린터,090360,로보스타
theme,326,3D 프린터,246710,티앤알바이오팹
theme,326,3D 프린터,474650,링크솔루션
theme,326,3D 프린터,033200,모아텍
theme,533,전력반도체,005930,삼성전자
theme,533,전력반도체,000660,SK하이닉스
theme,533,전력반도체,037030,파워넷
theme,533,전력반도체,095610,테스
theme,533,전력반도체,092220,KEC
theme,533,전력반도체,000990,DB하이텍
theme,533,전력반도체,061970,LB세미콘
theme,533,전력반도체,355150,코스텍시스
theme,533,전력반도체,429270,시지트로닉스
theme,533,전력반도체,039440,에스티아이
theme,533,전력반도체,102120,어보브반도체
theme,533,전력반도체,247660,나노씨엠에스
theme,533,전력반도체,110990,디아이티
theme,533,전력반도체,405100,큐알티
theme,533,전력반도체,172670,에이엘티
theme,533,전력반도체,432470,케이엔에스
theme,533,전력반도체,464500,아이언디바이스
theme,533,전력반도체,038880,아이에이
theme,533,전력반도체,096690,에이루트
theme,55,보안주(정보),042510,라온시큐어
theme,55,보안주(정보),411080,샌즈랩
theme,55,보안주(정보),158430,아톤
theme,55,보안주(정보),203650,드림시큐리티
theme,55,보안주(정보),356680,엑스게이트
theme,55,보안주(정보),054920,한컴위드
theme,55,보안주(정보),443670,에스피소프트
theme,55,보안주(정보),488280,에스투더블유
theme,55,보안주(정보),456010,아이씨티케이
theme,55,보안주(정보),263860,지니언스
theme,55,보안주(정보),430690,한싹
theme,55,보안주(정보),434480,모니터랩
theme,55,보안주(정보),184230,SGA솔루션즈
theme,55,보안주(정보),232830,아이티센피엔에스
theme,55,보안주(정보),053300,한국정보인증
theme,55,보안주(정보),192250,케이사인
theme,55,보안주(정보),150900,파수AI
theme,55,보안주(정보),053800,안랩
theme,55,보안주(정보),049480,오픈베이스
theme,55,보안주(정보),067920,이글루
theme,55,보안주(정보),290560,파라택시스이더리움
theme,55,보안주(정보),356890,싸이버원
theme,55,보안주(정보),247660,나노씨엠에스
theme,55,보안주(정보),258790,소프트캠프
theme,55,보안주(정보),391710,코닉오토메이션
theme,55,보안주(정보),038680,에스넷
theme,55,보안주(정보),317120,라닉스
theme,55,보안주(정보),0015S0,페스카로
theme,55,보안주(정보),012750,에스원
theme,55,보안주(정보),053350,이니텍
theme,55,보안주(정보),214180,헥토이노베이션
theme,55,보안주(정보),057680,티사이언티픽
theme,55,보안주(정보),032190,다우데이타
theme,55,보안주(정보),041460,한국전자인증
theme,55,보안주(정보),047560,이스트소프트
theme,55,보안주(정보),170790,파이오링크
theme,55,보안주(정보),424760,벨로크
theme,55,보안주(정보),136540,윈스테크넷
theme,55,보안주(정보),290270,휴네시온
theme,55,보안주(정보),049470,비트플래닛
theme,55,보안주(정보),208350,지란지교시큐리티
theme,55,보안주(정보),331740,아우토크립트
theme,55,보안주(정보),131090,시큐브
theme,55,보안주(정보),465480,인스피언
theme,55,보안주(정보),079940,가비아
theme,55,보안주(정보),075130,플랜티넷
theme,55,보안주(정보),197140,디지캡
theme,55,보안주(정보),286750,나노실리칸첨단소재
theme,55,보안주(정보),333050,이노테나
theme,55,보안주(정보),275630,에스에스알
theme,55,보안주(정보),050960,수산아이앤티
theme,55,보안주(정보),291810,핀텔
theme,483,야놀자(Yanolja),027360,아주IB투자
theme,483,야놀자(Yanolja),088350,한화생명
theme,483,야놀자(Yanolja),003530,한화투자증권
theme,483,야놀자(Yanolja),019550,SBI인베스트먼트
theme,483,야놀자(Yanolja),035080,그래디언트
theme,8,화폐/금융자동화기기(디지털화폐 등),115500,케이씨에스
theme,8,화폐/금융자동화기기(디지털화폐 등),103140,풍산
theme,8,화폐/금융자동화기기(디지털화폐 등),377300,카카오페이
theme,8,화폐/금융자동화기기(디지털화폐 등),094940,푸른로보틱스
theme,8,화폐/금융자동화기기(디지털화폐 등),040160,누리플렉스
theme,8,화폐/금융자동화기기(디지털화폐 등),089150,케이씨티
theme,8,화폐/금융자동화기기(디지털화폐 등),053160,프리엠스
theme,8,화폐/금융자동화기기(디지털화폐 등),067730,로지시스
theme,8,화폐/금융자동화기기(디지털화폐 등),052600,한네트
theme,8,화폐/금융자동화기기(디지털화폐 등),063570,NICE인프라
theme,62,철강 주요종목,004020,현대제철
theme,62,철강 주요종목,005490,POSCO홀딩스
theme,62,철강 주요종목,460860,동국제강
theme,62,철강 주요종목,058430,포스코스틸리온
theme,62,철강 주요종목,016380,KG스틸
theme,62,철강 주요종목,001430,세아베스틸지주
theme,62,철강 주요종목,084010,대한제강
theme,62,철강 주요종목,460850,동국씨엠
theme,62,철강 주요종목,002240,고려제강
theme,62,철강 주요종목,104700,한국철강
theme,62,철강 주요종목,306200,세아제강
theme,426,양자암호/양자컴퓨팅,042510,라온시큐어
theme,426,양자암호/양자컴퓨팅,158430,아톤
theme,426,양자암호/양자컴퓨팅,062970,한국첨단소재
theme,426,양자암호/양자컴퓨팅,203650,드림시큐리티
theme,426,양자암호/양자컴퓨팅,046970,우리로
theme,426,양자암호/양자컴퓨팅,356680,엑스게이트
theme,426,양자암호/양자컴퓨팅,054920,한컴위드
theme,426,양자암호/양자컴퓨팅,050890,쏠리드
theme,426,양자암호/양자컴퓨팅,456010,아이씨티케이
theme,426,양자암호/양자컴퓨팅,115440,우리넷
theme,426,양자암호/양자컴퓨팅,115500,케이씨에스
theme,426,양자암호/양자컴퓨팅,232830,아이티센피엔에스
theme,426,양자암호/양자컴퓨팅,009580,무림P&P
theme,426,양자암호/양자컴퓨팅,053300,한국정보인증
theme,426,양자암호/양자컴퓨팅,123010,MSDI
theme,426,양자암호/양자컴퓨팅,032640,LG유플러스
theme,426,양자암호/양자컴퓨팅,056360,코위버
theme,426,양자암호/양자컴퓨팅,017670,SK텔레콤
theme,426,양자암호/양자컴퓨팅,030200,KT
theme,426,양자암호/양자컴퓨팅,066310,큐에스아이
theme,426,양자암호/양자컴퓨팅,091440,한울소재과학
theme,426,양자암호/양자컴퓨팅,131760,파인텍
theme,426,양자암호/양자컴퓨팅,317120,라닉스
theme,426,양자암호/양자컴퓨팅,208710,포톤
theme,426,양자암호/양자컴퓨팅,172670,에이엘티
theme,426,양자암호/양자컴퓨팅,223310,사토시홀딩스
theme,520,피팅(관이음쇠)/밸브,105740,디케이락
theme,520,피팅(관이음쇠)/밸브,452280,한선엔지니어링
theme,520,피팅(관이음쇠)/밸브,073010,케이에스피
theme,520,피팅(관이음쇠)/밸브,039610,화성밸브
theme,520,피팅(관이음쇠)/밸브,023160,태광
theme,520,피팅(관이음쇠)/밸브,014620,성광벤드
theme,520,피팅(관이음쇠)/밸브,025550,한국선재
theme,520,피팅(관이음쇠)/밸브,086670,비엠티
theme,520,피팅(관이음쇠)/밸브,013030,하이록코리아
theme,321,무선충전기술,005930,삼성전자
theme,321,무선충전기술,066570,LG전자
theme,321,무선충전기술,004710,한솔테크닉스
theme,321,무선충전기술,090460,비에이치
theme,321,무선충전기술,006260,LS
theme,321,무선충전기술,357580,아모센스
theme,321,무선충전기술,011070,LG이노텍
theme,321,무선충전기술,089010,켐트로닉스
theme,321,무선충전기술,054210,이랜텍
theme,321,무선충전기술,043590,웰킵스하이텍
theme,321,무선충전기술,061040,알에프텍
theme,321,무선충전기술,459100,위츠
theme,307,시스템반도체,005930,삼성전자
theme,307,시스템반도체,036540,SFA반도체
theme,307,시스템반도체,000660,SK하이닉스
theme,307,시스템반도체,490470,세미파이브
theme,307,시스템반도체,098460,고영
theme,307,시스템반도체,486510,글로벌테크놀로지
theme,307,시스템반도체,067310,하나마이크론
theme,307,시스템반도체,456010,아이씨티케이
theme,307,시스템반도체,097800,윈팩
theme,307,시스템반도체,058470,리노공업
theme,307,시스템반도체,004710,한솔테크닉스
theme,307,시스템반도체,089030,테크윙
theme,307,시스템반도체,003160,디아이
theme,307,시스템반도체,319660,피에스케이
theme,307,시스템반도체,115610,이미지스
theme,307,시스템반도체,059120,아진엑스텍
theme,307,시스템반도체,440110,파두
theme,307,시스템반도체,330860,네패스아크
theme,307,시스템반도체,042700,한미반도체
theme,307,시스템반도체,101490,에스앤에스텍
theme,307,시스템반도체,000990,DB하이텍
theme,307,시스템반도체,061970,LB세미콘
theme,307,시스템반도체,033640,네패스
theme,307,시스템반도체,131970,두산테스나
theme,307,시스템반도체,033170,시그네틱스
theme,307,시스템반도체,234030,싸이닉솔루션
theme,307,시스템반도체,429270,시지트로닉스
theme,307,시스템반도체,432720,퀄리타스반도체
theme,307,시스템반도체,102120,어보브반도체
theme,307,시스템반도체,396270,넥스트칩
theme,307,시스템반도체,0155E0,해치텍
theme,307,시스템반도체,094360,칩스앤미디어
theme,307,시스템반도체,220260,켐트로스
theme,307,시스템반도체,119830,아이텍
theme,307,시스템반도체,200710,에이디테크놀로지
theme,307,시스템반도체,399720,가온칩스
theme,307,시스템반도체,254490,미래반도체
theme,307,시스템반도체,094170,동운아나텍
theme,307,시스템반도체,054450,텔레칩스
theme,307,시스템반도체,317120,라닉스
theme,307,시스템반도체,045970,코아시아
theme,307,시스템반도체,394280,오픈엣지테크놀로지
theme,307,시스템반도체,405100,큐알티
theme,307,시스템반도체,389020,자람테크놀로지
theme,307,시스템반도체,092600,앤씨앤
theme,307,시스템반도체,172670,에이엘티
theme,307,시스템반도체,226590,엠디바이스
theme,307,시스템반도체,108320,LX세미콘
theme,307,시스템반도체,452430,사피엔반도체
theme,307,시스템반도체,445090,에이직랜드
theme,307,시스템반도체,464500,아이언디바이스
theme,307,시스템반도체,303030,지니틱스
theme,307,시스템반도체,052860,아이앤씨
theme,307,시스템반도체,080520,오디텍
theme,307,시스템반도체,038880,아이에이
theme,307,시스템반도체,093640,케이알엠
theme,307,시스템반도체,123860,아나패스
theme,307,시스템반도체,093520,매커스
theme,307,시스템반도체,117670,알파칩스
theme,178,전선,001440,대한전선
theme,178,전선,024840,KBI메탈
theme,178,전선,006340,대원전선
theme,178,전선,103590,일진전기
theme,178,전선,000500,가온전선
theme,178,전선,006260,LS
theme,178,전선,229640,LS에코에너지
theme,178,전선,060370,LS마린솔루션
theme,599,소캠(SOCAMM),005930,삼성전자
theme,599,소캠(SOCAMM),000660,SK하이닉스
theme,599,소캠(SOCAMM),033160,엠케이전자
theme,599,소캠(SOCAMM),353200,대덕전자
theme,599,소캠(SOCAMM),356860,티엘비
theme,599,소캠(SOCAMM),222800,심텍
theme,599,소캠(SOCAMM),007810,코리아써키트
theme,599,소캠(SOCAMM),168360,펨트론
theme,599,소캠(SOCAMM),425420,티에프이
theme,599,소캠(SOCAMM),095340,ISC
theme,599,소캠(SOCAMM),309960,LB인베스트먼트
theme,92,통신장비,069540,빛과전자
theme,92,통신장비,062970,한국첨단소재
theme,92,통신장비,217590,티엠씨
theme,92,통신장비,321370,센서뷰
theme,92,통신장비,215790,이노인스트루먼트
theme,92,통신장비,046970,우리로
theme,92,통신장비,072950,빛샘전자
theme,92,통신장비,033790,피노
theme,92,통신장비,100590,머큐리
theme,92,통신장비,050890,쏠리드
theme,92,통신장비,388790,라이콤
theme,92,통신장비,065530,와이어블
theme,92,통신장비,178320,서진시스템
theme,92,통신장비,327260,RF머트리얼즈
theme,92,통신장비,115440,우리넷
theme,92,통신장비,218410,RFHIC
theme,92,통신장비,039560,다산네트웍스
theme,92,통신장비,049080,기가레인
theme,92,통신장비,138080,오이솔루션
theme,92,통신장비,088800,에이스테크
theme,92,통신장비,032500,케이엠더블유
theme,92,통신장비,056360,코위버
theme,92,통신장비,065770,CS
theme,92,통신장비,211270,AP위성
theme,92,통신장비,060370,LS마린솔루션
theme,92,통신장비,230240,에치에프알
theme,92,통신장비,340360,다보링크
theme,92,통신장비,487400,케이앤에스아이앤씨
theme,92,통신장비,091440,한울소재과학
theme,92,통신장비,189300,인텔리안테크
theme,92,통신장비,035460,기산텔레콤
theme,92,통신장비,289930,웨이비스
theme,92,통신장비,088280,쏘닉스
theme,92,통신장비,078890,가온그룹
theme,92,통신장비,389020,자람테크놀로지
theme,92,통신장비,073490,LIG아큐버
theme,92,통신장비,148250,알엔투테크놀로지
theme,92,통신장비,264450,유비쿼스
theme,92,통신장비,170790,파이오링크
theme,92,통신장비,037460,삼지전자
theme,92,통신장비,095270,웨이브일렉트로
theme,92,통신장비,109080,옵티시스
theme,92,통신장비,073540,에프알텍
theme,92,통신장비,200230,텔콘RF제약
theme,92,통신장비,192410,오늘이엔엠
theme,92,통신장비,175140,아고스
theme,92,통신장비,109070,주성코퍼레이션
theme,12,반도체 장비,036540,SFA반도체
theme,12,반도체 장비,232140,와이씨
theme,12,반도체 장비,382800,지앤비에스 에코
theme,12,반도체 장비,403870,HPSP
theme,12,반도체 장비,036930,주성엔지니어링
theme,12,반도체 장비,0017J0,세미티에스
theme,12,반도체 장비,098460,고영
theme,12,반도체 장비,067310,하나마이크론
theme,12,반도체 장비,224060,더코디
theme,12,반도체 장비,178320,서진시스템
theme,12,반도체 장비,240810,원익IPS
theme,12,반도체 장비,281820,케이씨텍
theme,12,반도체 장비,030530,원익홀딩스
theme,12,반도체 장비,253590,네오셈
theme,12,반도체 장비,058470,리노공업
theme,12,반도체 장비,025560,미래산업
theme,12,반도체 장비,950250,테라뷰
theme,12,반도체 장비,200470,에이팩트
theme,12,반도체 장비,413630,씨피시스템
theme,12,반도체 장비,417840,저스템
theme,12,반도체 장비,089970,브이엠
theme,12,반도체 장비,089030,테크윙
theme,12,반도체 장비,003160,디아이
theme,12,반도체 장비,412350,레이저쎌
theme,12,반도체 장비,319660,피에스케이
theme,12,반도체 장비,049080,기가레인
theme,12,반도체 장비,330860,네패스아크
theme,12,반도체 장비,042700,한미반도체
theme,12,반도체 장비,095610,테스
theme,12,반도체 장비,122640,예스티
theme,12,반도체 장비,079370,제우스
theme,12,반도체 장비,086390,유니테스트
theme,12,반도체 장비,183300,코미코
theme,12,반도체 장비,092870,엑시콘
theme,12,반도체 장비,064290,인텍플러스
theme,12,반도체 장비,011930,신성이엔지
theme,12,반도체 장비,089890,코세스
theme,12,반도체 장비,217190,제너셈
theme,12,반도체 장비,306620,지아이에스
theme,12,반도체 장비,084370,유진테크
theme,12,반도체 장비,039440,에스티아이
theme,12,반도체 장비,031980,피에스케이홀딩스
theme,12,반도체 장비,036200,유니셈
theme,12,반도체 장비,168360,펨트론
theme,12,반도체 장비,425420,티에프이
theme,12,반도체 장비,036170,에이치엠넥스
theme,12,반도체 장비,056190,SFA
theme,12,반도체 장비,160980,싸이맥스
theme,12,반도체 장비,402490,그린리소스
theme,12,반도체 장비,089790,제이티
theme,12,반도체 장비,232680,라온로보틱스
theme,12,반도체 장비,036810,에프에스티
theme,12,반도체 장비,212710,아이에스티이
theme,12,반도체 장비,083450,GST
theme,12,반도체 장비,187870,디바이스
theme,12,반도체 장비,083310,엘오티베큠
theme,12,반도체 장비,489790,한화비전
theme,12,반도체 장비,071280,로체시스템즈
theme,12,반도체 장비,039030,이오테크닉스
theme,12,반도체 장비,217500,러셀
theme,12,반도체 장비,159010,아스플로
theme,12,반도체 장비,081180,쎄크
theme,12,반도체 장비,322310,오로스테크놀로지
theme,12,반도체 장비,037350,성도이엔지
theme,12,반도체 장비,420770,기가비스
theme,12,반도체 장비,065130,탑엔지니어링
theme,12,반도체 장비,0015G0,그린광학
theme,12,반도체 장비,131290,티에스이
theme,12,반도체 장비,348210,넥스틴
theme,12,반도체 장비,396470,워트
theme,12,반도체 장비,321260,프로이천
theme,12,반도체 장비,110990,디아이티
theme,12,반도체 장비,241790,티이엠씨씨엔에스
theme,12,반도체 장비,271830,팸텍
theme,12,반도체 장비,451220,아이엠티
theme,12,반도체 장비,045100,한양이엔지
theme,12,반도체 장비,090360,로보스타
theme,12,반도체 장비,323350,다원넥스뷰
theme,12,반도체 장비,469610,이노테크
theme,12,반도체 장비,053080,케이엔솔
theme,12,반도체 장비,140070,서플러스글로벌
theme,12,반도체 장비,053610,프로텍
theme,12,반도체 장비,227950,엔투텍
theme,12,반도체 장비,064760,티씨케이
theme,12,반도체 장비,140860,파크시스템스
theme,12,반도체 장비,029460,케이씨
theme,12,반도체 장비,140670,알에스오토메이션
theme,12,반도체 장비,265520,AP시스템
theme,12,반도체 장비,264660,씨앤지하이테크
theme,12,반도체 장비,045300,성우테크론
theme,12,반도체 장비,348350,위드텍
theme,12,반도체 장비,090470,제이스로보틱스
theme,12,반도체 장비,452160,제이엔비
theme,12,반도체 장비,041520,이엘씨
theme,12,반도체 장비,256630,포인트엔지니어링
theme,12,반도체 장비,254120,자비스
theme,559,고체산화물 연료전지(SOFC),417200,LS머트리얼즈
theme,559,고체산화물 연료전지(SOFC),178320,서진시스템
theme,559,고체산화물 연료전지(SOFC),452280,한선엔지니어링
theme,559,고체산화물 연료전지(SOFC),336260,두산퓨얼셀
theme,559,고체산화물 연료전지(SOFC),475150,SK이터닉스
theme,559,고체산화물 연료전지(SOFC),083650,비에이치아이
theme,559,고체산화물 연료전지(SOFC),089890,코세스
theme,559,고체산화물 연료전지(SOFC),357580,아모센스
theme,559,고체산화물 연료전지(SOFC),382900,범한퓨얼셀
theme,559,고체산화물 연료전지(SOFC),059090,미코
theme,559,고체산화물 연료전지(SOFC),170920,엘티씨
theme,559,고체산화물 연료전지(SOFC),056190,SFA
theme,559,고체산화물 연료전지(SOFC),126340,비나텍
theme,559,고체산화물 연료전지(SOFC),282720,금양그린파워
theme,587,피지컬 AI/휴머노이드 로봇,005930,삼성전자
theme,587,피지컬 AI/휴머노이드 로봇,0035S0,빅웨이브로보틱스
theme,587,피지컬 AI/휴머노이드 로봇,066570,LG전자
theme,587,피지컬 AI/휴머노이드 로봇,125490,한라캐스트
theme,587,피지컬 AI/휴머노이드 로봇,267320,나인테크
theme,587,피지컬 AI/휴머노이드 로봇,355390,크라우드웍스
theme,587,피지컬 AI/휴머노이드 로봇,086960,MDS테크
theme,587,피지컬 AI/휴머노이드 로봇,000270,기아
theme,587,피지컬 AI/휴머노이드 로봇,005380,현대차
theme,587,피지컬 AI/휴머노이드 로봇,437730,삼현
theme,587,피지컬 AI/휴머노이드 로봇,059120,아진엑스텍
theme,587,피지컬 AI/휴머노이드 로봇,056080,유진로봇
theme,587,피지컬 AI/휴머노이드 로봇,348340,뉴로메카
theme,587,피지컬 AI/휴머노이드 로봇,264850,이랜시스
theme,587,피지컬 AI/휴머노이드 로봇,307180,아이엘
theme,587,피지컬 AI/휴머노이드 로봇,477850,마키나락스
theme,587,피지컬 AI/휴머노이드 로봇,234030,싸이닉솔루션
theme,587,피지컬 AI/휴머노이드 로봇,022100,포스코DX
theme,587,피지컬 AI/휴머노이드 로봇,011070,LG이노텍
theme,587,피지컬 AI/휴머노이드 로봇,108490,로보티즈
theme,587,피지컬 AI/휴머노이드 로봇,298830,슈어소프트테크
theme,587,피지컬 AI/휴머노이드 로봇,466100,클로봇
theme,587,피지컬 AI/휴머노이드 로봇,012330,현대모비스
theme,587,피지컬 AI/휴머노이드 로봇,086280,현대글로비스
theme,587,피지컬 AI/휴머노이드 로봇,464080,에스오에스랩
theme,587,피지컬 AI/휴머노이드 로봇,101170,우림피티에스
theme,587,피지컬 AI/휴머노이드 로봇,0007C0,아크릴
theme,587,피지컬 AI/휴머노이드 로봇,117730,티로보틱스
theme,587,피지컬 AI/휴머노이드 로봇,199430,케이엔알시스템
theme,587,피지컬 AI/휴머노이드 로봇,389500,에스비비테크
theme,587,피지컬 AI/휴머노이드 로봇,061090,세나테크놀로지
theme,587,피지컬 AI/휴머노이드 로봇,277810,레인보우로보틱스
theme,587,피지컬 AI/휴머노이드 로봇,307950,현대오토에버
theme,587,피지컬 AI/휴머노이드 로봇,264450,유비쿼스
theme,587,피지컬 AI/휴머노이드 로봇,448900,한국피아이엠
theme,587,피지컬 AI/휴머노이드 로봇,011210,현대위아
theme,587,피지컬 AI/휴머노이드 로봇,475400,씨메스로보틱스
theme,587,피지컬 AI/휴머노이드 로봇,459510,나우로보틱스
theme,587,피지컬 AI/휴머노이드 로봇,455900,엔젤로보틱스
theme,587,피지컬 AI/휴머노이드 로봇,432470,케이엔에스
theme,587,피지컬 AI/휴머노이드 로봇,140670,알에스오토메이션
theme,587,피지컬 AI/휴머노이드 로봇,377480,마음AI
theme,587,피지컬 AI/휴머노이드 로봇,282880,코윈로보틱스
theme,587,피지컬 AI/휴머노이드 로봇,286940,롯데이노베이트
theme,587,피지컬 AI/휴머노이드 로봇,241690,유니테크노
theme,587,피지컬 AI/휴머노이드 로봇,000850,화천기공
theme,390,마이크로 LED,005930,삼성전자
theme,390,마이크로 LED,017900,광전자
theme,390,마이크로 LED,066570,LG전자
theme,390,마이크로 LED,089890,코세스
theme,390,마이크로 LED,143540,영우디에스피
theme,390,마이크로 LED,046890,서울반도체
theme,390,마이크로 LED,418420,라온텍
theme,390,마이크로 LED,066310,큐에스아이
theme,390,마이크로 LED,452430,사피엔반도체
theme,390,마이크로 LED,038060,루멘스바이오스
theme,545,온디바이스 AI,005930,삼성전자
theme,545,온디바이스 AI,403870,HPSP
theme,545,온디바이스 AI,080220,제주반도체
theme,545,온디바이스 AI,000660,SK하이닉스
theme,545,온디바이스 AI,353200,대덕전자
theme,545,온디바이스 AI,058470,리노공업
theme,545,온디바이스 AI,200470,에이팩트
theme,545,온디바이스 AI,222800,심텍
theme,545,온디바이스 AI,009150,삼성전기
theme,545,온디바이스 AI,330860,네패스아크
theme,545,온디바이스 AI,323280,태성
theme,545,온디바이스 AI,077500,유니퀘스트
theme,545,온디바이스 AI,033640,네패스
theme,545,온디바이스 AI,432720,퀄리타스반도체
theme,545,온디바이스 AI,102120,어보브반도체
theme,545,온디바이스 AI,486990,노타
theme,545,온디바이스 AI,094360,칩스앤미디어
theme,545,온디바이스 AI,200710,에이디테크놀로지
theme,545,온디바이스 AI,399720,가온칩스
theme,545,온디바이스 AI,054450,텔레칩스
theme,545,온디바이스 AI,394280,오픈엣지테크놀로지
theme,545,온디바이스 AI,405100,큐알티
theme,545,온디바이스 AI,464500,아이언디바이스
theme,545,온디바이스 AI,377480,마음AI
theme,505,로봇(산업용/협동로봇 등),439960,코스모로보틱스
theme,505,로봇(산업용/협동로봇 등),0035S0,빅웨이브로보틱스
theme,505,로봇(산업용/협동로봇 등),138360,앤로보틱스
theme,505,로봇(산업용/협동로봇 등),468670,브릴스
theme,505,로봇(산업용/협동로봇 등),125490,한라캐스트
theme,505,로봇(산업용/협동로봇 등),090710,휴림로봇
theme,505,로봇(산업용/협동로봇 등),030530,원익홀딩스
theme,505,로봇(산업용/협동로봇 등),413630,씨피시스템
theme,505,로봇(산업용/협동로봇 등),319400,현대무벡스
theme,505,로봇(산업용/협동로봇 등),006140,피제이전자
theme,505,로봇(산업용/협동로봇 등),437730,삼현
theme,505,로봇(산업용/협동로봇 등),059120,아진엑스텍
theme,505,로봇(산업용/협동로봇 등),056080,유진로봇
theme,505,로봇(산업용/협동로봇 등),348340,뉴로메카
theme,505,로봇(산업용/협동로봇 등),264850,이랜시스
theme,505,로봇(산업용/협동로봇 등),307180,아이엘
theme,505,로봇(산업용/협동로봇 등),048770,TPC로보틱스
theme,505,로봇(산업용/협동로봇 등),204320,HL만도
theme,505,로봇(산업용/협동로봇 등),454910,두산로보틱스
theme,505,로봇(산업용/협동로봇 등),012200,계양전기
theme,505,로봇(산업용/협동로봇 등),079370,제우스
theme,505,로봇(산업용/협동로봇 등),010820,퍼스텍
theme,505,로봇(산업용/협동로봇 등),160190,하이젠알앤엠
theme,505,로봇(산업용/협동로봇 등),011690,와이투솔루션
theme,505,로봇(산업용/협동로봇 등),008830,대동기어
theme,505,로봇(산업용/협동로봇 등),058610,에스피지
theme,505,로봇(산업용/협동로봇 등),108490,로보티즈
theme,505,로봇(산업용/협동로봇 등),092200,디아이씨
theme,505,로봇(산업용/협동로봇 등),066430,아이로보틱스
theme,505,로봇(산업용/협동로봇 등),466100,클로봇
theme,505,로봇(산업용/협동로봇 등),160980,싸이맥스
theme,505,로봇(산업용/협동로봇 등),153890,져스텍
theme,505,로봇(산업용/협동로봇 등),232680,라온로보틱스
theme,505,로봇(산업용/협동로봇 등),079550,LIG디펜스앤에어로스페이스
theme,505,로봇(산업용/협동로봇 등),206400,베노티앤알
theme,505,로봇(산업용/협동로봇 등),217500,러셀
theme,505,로봇(산업용/협동로봇 등),099440,스맥
theme,505,로봇(산업용/협동로봇 등),101170,우림피티에스
theme,505,로봇(산업용/협동로봇 등),391710,코닉오토메이션
theme,505,로봇(산업용/협동로봇 등),000490,대동
theme,505,로봇(산업용/협동로봇 등),117730,티로보틱스
theme,505,로봇(산업용/협동로봇 등),199430,케이엔알시스템
theme,505,로봇(산업용/협동로봇 등),251630,브이원텍
theme,505,로봇(산업용/협동로봇 등),065350,신성델타테크
theme,505,로봇(산업용/협동로봇 등),000150,두산
theme,505,로봇(산업용/협동로봇 등),090360,로보스타
theme,505,로봇(산업용/협동로봇 등),484810,티엑스알로보틱스
theme,505,로봇(산업용/협동로봇 등),389500,에스비비테크
theme,505,로봇(산업용/협동로봇 등),190510,나무가
theme,505,로봇(산업용/협동로봇 등),060720,KH바텍
theme,505,로봇(산업용/협동로봇 등),277810,레인보우로보틱스
theme,505,로봇(산업용/협동로봇 등),448900,한국피아이엠
theme,505,로봇(산업용/협동로봇 등),459510,나우로보틱스
theme,505,로봇(산업용/협동로봇 등),455900,엔젤로보틱스
theme,505,로봇(산업용/협동로봇 등),322180,LS티라유텍
theme,505,로봇(산업용/협동로봇 등),119500,포메탈
theme,505,로봇(산업용/협동로봇 등),140670,알에스오토메이션
theme,505,로봇(산업용/협동로봇 등),084850,아이티엠반도체
theme,505,로봇(산업용/협동로봇 등),049070,인탑스
theme,505,로봇(산업용/협동로봇 등),317830,에스피시스템스
theme,505,로봇(산업용/협동로봇 등),005850,에스엘
theme,505,로봇(산업용/협동로봇 등),024880,케이피에프
theme,505,로봇(산업용/협동로봇 등),100660,서암기계공업
theme,505,로봇(산업용/협동로봇 등),059270,해성에어로보틱스
theme,505,로봇(산업용/협동로봇 등),388720,유일로보틱스
theme,505,로봇(산업용/협동로봇 등),474650,링크솔루션
theme,505,로봇(산업용/협동로봇 등),270660,에브리봇
theme,505,로봇(산업용/협동로봇 등),094940,푸른로보틱스
theme,505,로봇(산업용/협동로봇 등),282880,코윈로보틱스
theme,505,로봇(산업용/협동로봇 등),033530,SJG세종
theme,505,로봇(산업용/협동로봇 등),192410,오늘이엔엠
theme,505,로봇(산업용/협동로봇 등),093640,케이알엠
theme,505,로봇(산업용/협동로봇 등),130740,티피씨글로벌
theme,505,로봇(산업용/협동로봇 등),004380,삼익THK
theme,505,로봇(산업용/협동로봇 등),368600,아이씨에이치
theme,30,조선,010140,삼성중공업
theme,30,조선,042660,한화오션
theme,30,조선,329180,HD현대중공업
theme,30,조선,009540,HD한국조선해양
theme,30,조선,097230,HJ중공업
theme,30,조선,439260,대한조선
theme,608,반도체 기판(FC-BGA/PCB/MLB 등),007660,이수페타시스
theme,608,반도체 기판(FC-BGA/PCB/MLB 등),353200,대덕전자
theme,608,반도체 기판(FC-BGA/PCB/MLB 등),077360,덕산하이메탈
theme,608,반도체 기판(FC-BGA/PCB/MLB 등),356860,티엘비
theme,608,반도체 기판(FC-BGA/PCB/MLB 등),222800,심텍
theme,608,반도체 기판(FC-BGA/PCB/MLB 등),007810,코리아써키트
theme,608,반도체 기판(FC-BGA/PCB/MLB 등),009150,삼성전기
theme,608,반도체 기판(FC-BGA/PCB/MLB 등),323280,태성
theme,608,반도체 기판(FC-BGA/PCB/MLB 등),064290,인텍플러스
theme,608,반도체 기판(FC-BGA/PCB/MLB 등),011070,LG이노텍
theme,608,반도체 기판(FC-BGA/PCB/MLB 등),036710,심텍홀딩스
theme,608,반도체 기판(FC-BGA/PCB/MLB 등),085910,네오티스
theme,608,반도체 기판(FC-BGA/PCB/MLB 등),420770,기가비스
theme,608,반도체 기판(FC-BGA/PCB/MLB 등),323350,다원넥스뷰
theme,523,리튬,093370,후성
theme,523,리튬,003670,포스코퓨처엠
theme,523,리튬,270520,앱튼
theme,523,리튬,025560,미래산업
theme,523,리튬,101670,하이드로리튬
theme,523,리튬,086520,에코프로
theme,523,리튬,373220,LG에너지솔루션
theme,523,리튬,005490,POSCO홀딩스
theme,523,리튬,348370,엔켐
theme,523,리튬,009520,포스코엠텍
theme,523,리튬,114190,강원에너지
theme,523,리튬,051910,LG화학
theme,523,리튬,005420,코스모화학
theme,523,리튬,073570,리튬포어스
theme,523,리튬,095500,미래나노텍
theme,523,리튬,029480,광무
theme,523,리튬,051980,중앙첨단소재
theme,523,리튬,004490,세방전지
theme,523,리튬,107600,새빗켐
theme,523,리튬,365340,성일하이텍
theme,523,리튬,278280,천보
theme,523,리튬,290670,대보마그네틱
theme,579,2차전지(나트륨이온),267320,나인테크
theme,579,2차전지(나트륨이온),086520,에코프로
theme,579,2차전지(나트륨이온),446540,메가터치
theme,579,2차전지(나트륨이온),247540,에코프로비엠
theme,579,2차전지(나트륨이온),006400,삼성SDI
theme,579,2차전지(나트륨이온),393890,더블유씨피
theme,579,2차전지(나트륨이온),373220,LG에너지솔루션
theme,579,2차전지(나트륨이온),161000,애경케미칼
theme,579,2차전지(나트륨이온),092200,디아이씨
theme,173,IT 대표주,005930,삼성전자
theme,173,IT 대표주,000660,SK하이닉스
theme,173,IT 대표주,034220,LG디스플레이
theme,173,IT 대표주,066570,LG전자
theme,173,IT 대표주,006400,삼성SDI
theme,173,IT 대표주,018260,삼성에스디에스
theme,556,뉴로모픽 반도체,005930,삼성전자
theme,556,뉴로모픽 반도체,330860,네패스아크
theme,556,뉴로모픽 반도체,033640,네패스
theme,556,뉴로모픽 반도체,394280,오픈엣지테크놀로지
theme,556,뉴로모픽 반도체,389020,자람테크놀로지
theme,556,뉴로모픽 반도체,092600,앤씨앤
theme,556,뉴로모픽 반도체,445090,에이직랜드
theme,200,우주항공산업(누리호/인공위성 등),321370,센서뷰
theme,200,우주항공산업(누리호/인공위성 등),347700,스피어
theme,200,우주항공산업(누리호/인공위성 등),266690,덕산넵코어스
theme,200,우주항공산업(누리호/인공위성 등),003490,대한항공
theme,200,우주항공산업(누리호/인공위성 등),042370,비츠로테크
theme,200,우주항공산업(누리호/인공위성 등),007660,이수페타시스
theme,200,우주항공산업(누리호/인공위성 등),077360,덕산하이메탈
theme,200,우주항공산업(누리호/인공위성 등),462350,이노스페이스
theme,200,우주항공산업(누리호/인공위성 등),274090,켄코아에어로스페이스
theme,200,우주항공산업(누리호/인공위성 등),272210,한화시스템
theme,200,우주항공산업(누리호/인공위성 등),047810,한국항공우주
theme,200,우주항공산업(누리호/인공위성 등),225190,LK삼양
theme,200,우주항공산업(누리호/인공위성 등),010820,퍼스텍
theme,200,우주항공산업(누리호/인공위성 등),478340,나라스페이스테크놀로지
theme,200,우주항공산업(누리호/인공위성 등),354320,알멕
theme,200,우주항공산업(누리호/인공위성 등),064350,현대로템
theme,200,우주항공산업(누리호/인공위성 등),488900,비츠로넥스텍
theme,200,우주항공산업(누리호/인공위성 등),368770,파이버프로
theme,200,우주항공산업(누리호/인공위성 등),295310,에이치브이엠
theme,200,우주항공산업(누리호/인공위성 등),211270,AP위성
theme,200,우주항공산업(누리호/인공위성 등),451760,컨텍
theme,200,우주항공산업(누리호/인공위성 등),056190,SFA
theme,200,우주항공산업(누리호/인공위성 등),030520,한컴
theme,200,우주항공산업(누리호/인공위성 등),012450,한화에어로스페이스
theme,200,우주항공산업(누리호/인공위성 등),079550,LIG디펜스앤에어로스페이스
theme,200,우주항공산업(누리호/인공위성 등),487400,케이앤에스아이앤씨
theme,200,우주항공산업(누리호/인공위성 등),294630,서남
theme,200,우주항공산업(누리호/인공위성 등),001430,세아베스틸지주
theme,200,우주항공산업(누리호/인공위성 등),189300,인텔리안테크
theme,200,우주항공산업(누리호/인공위성 등),044490,태웅
theme,200,우주항공산업(누리호/인공위성 등),099320,쎄트렉아이
theme,200,우주항공산업(누리호/인공위성 등),000880,한화
theme,200,우주항공산업(누리호/인공위성 등),0015G0,그린광학
theme,200,우주항공산업(누리호/인공위성 등),272290,이녹스첨단소재
theme,200,우주항공산업(누리호/인공위성 등),474170,루미르
theme,200,우주항공산업(누리호/인공위성 등),045100,한양이엔지
theme,200,우주항공산업(누리호/인공위성 등),089980,상아프론테크
theme,200,우주항공산업(누리호/인공위성 등),361390,제노코
theme,200,우주항공산업(누리호/인공위성 등),288180,케이피항공산업
theme,586,광통신(광케이블/광섬유 등),069540,빛과전자
theme,586,광통신(광케이블/광섬유 등),010170,대한광통신
theme,586,광통신(광케이블/광섬유 등),062970,한국첨단소재
theme,586,광통신(광케이블/광섬유 등),043260,성호전자
theme,586,광통신(광케이블/광섬유 등),217590,티엠씨
theme,586,광통신(광케이블/광섬유 등),072950,빛샘전자
theme,586,광통신(광케이블/광섬유 등),100590,머큐리
theme,586,광통신(광케이블/광섬유 등),388790,라이콤
theme,586,광통신(광케이블/광섬유 등),327260,RF머트리얼즈
theme,586,광통신(광케이블/광섬유 등),115440,우리넷
theme,586,광통신(광케이블/광섬유 등),218410,RFHIC
theme,586,광통신(광케이블/광섬유 등),006260,LS
theme,586,광통신(광케이블/광섬유 등),092190,서울바이오시스
theme,586,광통신(광케이블/광섬유 등),368770,파이버프로
theme,586,광통신(광케이블/광섬유 등),389020,자람테크놀로지
theme,593,귀금속(금/은),124500,아이티센글로벌
theme,593,귀금속(금/은),000670,영풍
theme,593,귀금속(금/은),037950,엘컴텍
theme,593,귀금속(금/은),010130,고려아연
theme,269,LED장비,036930,주성엔지니어링
theme,269,LED장비,412350,레이저쎌
theme,269,LED장비,049080,기가레인
theme,269,LED장비,122640,예스티
theme,269,LED장비,306620,지아이에스
theme,269,LED장비,039030,이오테크닉스
theme,269,LED장비,065130,탑엔지니어링
theme,269,LED장비,131290,티에스이
theme,269,LED장비,053610,프로텍
theme,269,LED장비,064760,티씨케이
theme,269,LED장비,049950,미래컴퍼니
theme,584,스페이스X(SpaceX),321370,센서뷰
theme,584,스페이스X(SpaceX),027360,아주IB투자
theme,584,스페이스X(SpaceX),347700,스피어
theme,584,스페이스X(SpaceX),006800,미래에셋증권
theme,584,스페이스X(SpaceX),209640,와이제이링크
theme,584,스페이스X(SpaceX),100790,미래에셋벤처투자
theme,584,스페이스X(SpaceX),274090,켄코아에어로스페이스
theme,584,스페이스X(SpaceX),042700,한미반도체
theme,584,스페이스X(SpaceX),373220,LG에너지솔루션
theme,584,스페이스X(SpaceX),295310,에이치브이엠
theme,584,스페이스X(SpaceX),417010,나노팀
theme,584,스페이스X(SpaceX),001430,세아베스틸지주
theme,584,스페이스X(SpaceX),272290,이녹스첨단소재
theme,584,스페이스X(SpaceX),417970,모델솔루션
upjong,266,화장품,003350,한국화장품제조
upjong,266,화장품,406820,뷰티스킨
upjong,266,화장품,048410,현대바이오
upjong,266,화장품,052260,현대바이오랜드
upjong,266,화장품,0015N0,아로마티카
upjong,266,화장품,161890,한국콜마
upjong,266,화장품,226340,본느
upjong,266,화장품,018290,브이티
upjong,266,화장품,265740,엔에프씨
upjong,266,화장품,278470,에이피알
upjong,266,화장품,123690,한국화장품
upjong,266,화장품,090430,아모레퍼시픽
upjong,266,화장품,123330,제닉
upjong,266,화장품,032940,원익
upjong,266,화장품,192820,코스맥스
upjong,266,화장품,241710,코스메카코리아
upjong,266,화장품,439090,마녀공장
upjong,266,화장품,483650,달바글로벌
upjong,266,화장품,002790,아모레퍼시픽홀딩스
upjong,266,화장품,237880,클리오
upjong,266,화장품,159580,제로투세븐
upjong,266,화장품,078520,에이블씨엔씨
upjong,266,화장품,175250,아이큐어
upjong,266,화장품,014100,메디앙스
upjong,266,화장품,489460,바이오비쥬
upjong,266,화장품,900300,오가닉티코스메틱
upjong,266,화장품,226320,잇츠한불
upjong,266,화장품,214420,토니모리
upjong,266,화장품,027050,코리아나
upjong,266,화장품,092730,네오팜
upjong,266,화장품,137940,넥스트아이
upjong,266,화장품,051900,LG생활건강
upjong,266,화장품,159910,에코글로우
upjong,266,화장품,420570,제이투케이바이오
upjong,266,화장품,227610,아우딘퓨쳐스
upjong,266,화장품,114840,아이패밀리에스씨
upjong,266,화장품,126560,현대퓨처넷
upjong,266,화장품,219550,디와이디
upjong,266,화장품,451250,삐아
upjong,266,화장품,260930,씨티케이
upjong,266,화장품,018250,애경산업
upjong,266,화장품,024720,콜마홀딩스
upjong,266,화장품,453860,에이에스텍
upjong,266,화장품,344860,이노진
upjong,266,화장품,950140,잉글우드랩
upjong,266,화장품,080530,코디
upjong,266,화장품,083660,CSA 코스믹
upjong,266,화장품,018700,졸스
upjong,266,화장품,086710,선진뷰티사이언스
upjong,266,화장품,025620,차AI헬스케어
upjong,266,화장품,214260,라파스
upjong,266,화장품,352480,씨앤씨인터내셔널
upjong,266,화장품,250030,진코스텍
upjong,266,화장품,318160,셀바이오휴먼텍
upjong,266,화장품,252500,세화피앤씨
upjong,266,화장품,900310,컬러레이
upjong,266,화장품,168330,내츄럴엔도텍
upjong,266,화장품,270210,에스알바이오텍
upjong,266,화장품,317860,노드메이슨
upjong,266,화장품,217480,에스디생명공학
upjong,285,방송과엔터테인먼트,200350,아티스트스튜디오
upjong,285,방송과엔터테인먼트,419530,SAMG엔터
upjong,285,방송과엔터테인먼트,352820,하이브
upjong,285,방송과엔터테인먼트,058450,한주에이알티
upjong,285,방송과엔터테인먼트,035900,JYP Ent.
upjong,285,방송과엔터테인먼트,037270,YG PLUS
upjong,285,방송과엔터테인먼트,310200,애니플러스
upjong,285,방송과엔터테인먼트,321820,아티스트컴퍼니
upjong,285,방송과엔터테인먼트,012170,아센디오
upjong,285,방송과엔터테인먼트,079160,CJ CGV
upjong,285,방송과엔터테인먼트,041510,에스엠
upjong,285,방송과엔터테인먼트,068050,팬엔터테인먼트
upjong,285,방송과엔터테인먼트,104200,NHN벅스
upjong,285,방송과엔터테인먼트,040300,YTN
upjong,285,방송과엔터테인먼트,054780,키이스트
upjong,285,방송과엔터테인먼트,122870,와이지엔터테인먼트
upjong,285,방송과엔터테인먼트,037560,LG헬로비전
upjong,285,방송과엔터테인먼트,210120,캔버스엔
upjong,285,방송과엔터테인먼트,035620,바른손이앤에이
upjong,285,방송과엔터테인먼트,131100,티엔엔터테인먼트
upjong,285,방송과엔터테인먼트,053210,스카이라이프
upjong,285,방송과엔터테인먼트,035760,CJ ENM
upjong,285,방송과엔터테인먼트,160550,NEW
upjong,285,방송과엔터테인먼트,048910,대원미디어
upjong,285,방송과엔터테인먼트,206560,덱스터
upjong,285,방송과엔터테인먼트,086980,쇼박스
upjong,285,방송과엔터테인먼트,253450,스튜디오드래곤
upjong,285,방송과엔터테인먼트,408900,스튜디오미르
upjong,285,방송과엔터테인먼트,036420,콘텐트리중앙
upjong,285,방송과엔터테인먼트,389140,포바이포
upjong,285,방송과엔터테인먼트,322780,코퍼스코리아
upjong,285,방송과엔터테인먼트,403850,더핑크퐁컴퍼니
upjong,285,방송과엔터테인먼트,473980,노머스
upjong,285,방송과엔터테인먼트,052220,iMBC
upjong,285,방송과엔터테인먼트,241840,에이스토리
upjong,285,방송과엔터테인먼트,063440,SM Life Design
upjong,285,방송과엔터테인먼트,044480,빌리언스
upjong,285,방송과엔터테인먼트,046390,삼화네트웍스
upjong,285,방송과엔터테인먼트,173940,에프엔씨엔터
upjong,285,방송과엔터테인먼트,369370,블리츠웨이엔터테인먼트
upjong,285,방송과엔터테인먼트,078860,아이오케이이엔엠
upjong,285,방송과엔터테인먼트,476080,M83
upjong,285,방송과엔터테인먼트,182360,큐브엔터
upjong,285,방송과엔터테인먼트,464580,닷밀
upjong,285,방송과엔터테인먼트,058400,KNN
upjong,285,방송과엔터테인먼트,047820,초록뱀미디어
upjong,285,방송과엔터테인먼트,032800,판타지오
upjong,285,방송과엔터테인먼트,361570,알비더블유
upjong,285,방송과엔터테인먼트,033830,티비씨
upjong,285,방송과엔터테인먼트,034120,SBS
upjong,285,방송과엔터테인먼트,060570,드림어스컴퍼니
upjong,285,방송과엔터테인먼트,039340,한국경제TV
upjong,285,방송과엔터테인먼트,302920,더콘텐츠온
upjong,285,방송과엔터테인먼트,476710,타조이엔터테인먼트
upjong,285,방송과엔터테인먼트,043610,KT지니뮤직
upjong,285,방송과엔터테인먼트,266170,레드우즈
upjong,285,방송과엔터테인먼트,066790,씨씨에스
upjong,329,도로와철도운송,045390,대아티아이
upjong,329,도로와철도운송,084670,동양고속
upjong,329,도로와철도운송,000650,천일고속
upjong,329,도로와철도운송,095570,AJ네트웍스
upjong,329,도로와철도운송,089860,롯데렌탈
upjong,329,도로와철도운송,403550,쏘카
upjong,329,도로와철도운송,024800,유성티엔에스
upjong,329,도로와철도운송,038390,레드캡투어
upjong,319,기타금융,204620,글로벌텍스프리
upjong,319,기타금융,023760,한국캐피탈
upjong,319,기타금융,038540,상상인
upjong,319,기타금융,021880,메이슨캐피탈
upjong,319,기타금융,007330,푸른저축은행
upjong,319,기타금융,179720,머니무브
upjong,263,게임엔터테인먼트,348030,모비릭스
upjong,263,게임엔터테인먼트,201490,미투온
upjong,263,게임엔터테인먼트,101730,위메이드맥스
upjong,263,게임엔터테인먼트,225570,넥슨게임즈
upjong,263,게임엔터테인먼트,036570,NC
upjong,263,게임엔터테인먼트,293490,카카오게임즈
upjong,263,게임엔터테인먼트,208640,썸에이지
upjong,263,게임엔터테인먼트,067000,조이시티
upjong,263,게임엔터테인먼트,251270,넷마블
upjong,263,게임엔터테인먼트,263750,펄어비스
upjong,263,게임엔터테인먼트,112040,위메이드
upjong,263,게임엔터테인먼트,123420,위메이드플레이
upjong,263,게임엔터테인먼트,192080,더블유게임즈
upjong,263,게임엔터테인먼트,069080,웹젠
upjong,263,게임엔터테인먼트,259960,크래프톤
upjong,263,게임엔터테인먼트,205500,넥써쓰
upjong,263,게임엔터테인먼트,078340,컴투스
upjong,263,게임엔터테인먼트,217270,넵튠
upjong,263,게임엔터테인먼트,052790,액토즈소프트
upjong,263,게임엔터테인먼트,204610,티쓰리
upjong,263,게임엔터테인먼트,095660,네오위즈
upjong,263,게임엔터테인먼트,094860,네오리진
upjong,263,게임엔터테인먼트,047080,한빛소프트
upjong,263,게임엔터테인먼트,194480,데브시스터즈
upjong,263,게임엔터테인먼트,462870,시프트업
upjong,263,게임엔터테인먼트,042420,네오위즈홀딩스
upjong,263,게임엔터테인먼트,023770,플레이위드
upjong,263,게임엔터테인먼트,331520,밸로프
upjong,263,게임엔터테인먼트,950190,고스트스튜디오
upjong,263,게임엔터테인먼트,058630,엠게임
upjong,263,게임엔터테인먼트,063080,컴투스홀딩스
upjong,263,게임엔터테인먼트,030350,드래곤플라이
upjong,263,게임엔터테인먼트,052770,아이톡시
upjong,263,게임엔터테인먼트,266350,팡스카이
upjong,274,"섬유,의류,신발,호화품",004060,SG세계물산
upjong,274,"섬유,의류,신발,호화품",005320,온타이드
upjong,274,"섬유,의류,신발,호화품",308100,형지글로벌
upjong,274,"섬유,의류,신발,호화품",007980,TP
upjong,274,"섬유,의류,신발,호화품",109670,씨싸이트
upjong,274,"섬유,의류,신발,호화품",047770,코데즈컴바인
upjong,274,"섬유,의류,신발,호화품",306040,에스제이그룹
upjong,274,"섬유,의류,신발,호화품",013990,아가방컴퍼니
upjong,274,"섬유,의류,신발,호화품",000050,경방
upjong,274,"섬유,의류,신발,호화품",011080,형지I&C
upjong,274,"섬유,의류,신발,호화품",145170,노브랜드
upjong,274,"섬유,의류,신발,호화품",036620,감성코퍼레이션
upjong,274,"섬유,의류,신발,호화품",014990,인디에프
upjong,274,"섬유,의류,신발,호화품",004830,덕성
upjong,274,"섬유,의류,신발,호화품",083550,케이엠
upjong,274,"섬유,의류,신발,호화품",111770,영원무역
upjong,274,"섬유,의류,신발,호화품",081660,미스토홀딩스
upjong,274,"섬유,의류,신발,호화품",084680,이월드
upjong,274,"섬유,의류,신발,호화품",026040,제이에스티나
upjong,274,"섬유,의류,신발,호화품",020000,한섬
upjong,274,"섬유,의류,신발,호화품",065060,지엔코
upjong,274,"섬유,의류,신발,호화품",016090,대현
upjong,274,"섬유,의류,신발,호화품",003200,일신방직
upjong,274,"섬유,의류,신발,호화품",011300,우성머티리얼스
upjong,274,"섬유,의류,신발,호화품",472850,폰드그룹
upjong,274,"섬유,의류,신발,호화품",263020,디케이앤디
upjong,274,"섬유,의류,신발,호화품",009270,신원
upjong,274,"섬유,의류,신발,호화품",383220,F&F
upjong,274,"섬유,의류,신발,호화품",079980,휴비스
upjong,274,"섬유,의류,신발,호화품",088790,진도
upjong,274,"섬유,의류,신발,호화품",282620,기도산업
upjong,274,"섬유,의류,신발,호화품",002070,비비안
upjong,274,"섬유,의류,신발,호화품",006060,화승인더
upjong,274,"섬유,의류,신발,호화품",069640,한세엠케이
upjong,274,"섬유,의류,신발,호화품",478560,블랙야크아이앤씨
upjong,274,"섬유,의류,신발,호화품",215480,토박스코리아
upjong,274,"섬유,의류,신발,호화품",900110,딥커머스
upjong,274,"섬유,의류,신발,호화품",241590,화승엔터프라이즈
upjong,274,"섬유,의류,신발,호화품",0117P0,피스피스스튜디오
upjong,274,"섬유,의류,신발,호화품",031430,신세계인터내셔날
upjong,274,"섬유,의류,신발,호화품",003610,방림
upjong,274,"섬유,의류,신발,호화품",194370,제이에스코퍼레이션
upjong,274,"섬유,의류,신발,호화품",366030,나인앤컴퍼니
upjong,274,"섬유,의류,신발,호화품",024890,대원화성
upjong,274,"섬유,의류,신발,호화품",035150,백산
upjong,274,"섬유,의류,신발,호화품",337930,젝시믹스
upjong,274,"섬유,의류,신발,호화품",016450,한세예스24홀딩스
upjong,274,"섬유,의류,신발,호화품",462310,뉴키즈온
upjong,274,"섬유,의류,신발,호화품",009970,영원무역홀딩스
upjong,274,"섬유,의류,신발,호화품",204020,그리티
upjong,274,"섬유,의류,신발,호화품",001530,DI동일
upjong,274,"섬유,의류,신발,호화품",298540,더네이쳐홀딩스
upjong,274,"섬유,의류,신발,호화품",352700,씨앤투스
upjong,274,"섬유,의류,신발,호화품",093050,LF
upjong,274,"섬유,의류,신발,호화품",105630,한세실업
upjong,274,"섬유,의류,신발,호화품",001460,BYC
upjong,274,"섬유,의류,신발,호화품",335870,윙스풋
upjong,274,"섬유,의류,신발,호화품",481070,에이유브랜즈
upjong,274,"섬유,의류,신발,호화품",225590,패션플랫폼
upjong,274,"섬유,의류,신발,호화품",002170,SYTS
upjong,274,"섬유,의류,신발,호화품",110790,크리스에프앤씨
upjong,274,"섬유,의류,신발,호화품",267790,배럴
upjong,274,"섬유,의류,신발,호화품",098660,에스티오
upjong,274,"섬유,의류,신발,호화품",001070,대한방직
upjong,274,"섬유,의류,신발,호화품",114630,폴라리스우노
upjong,274,"섬유,의류,신발,호화품",005800,신영와코루
upjong,274,"섬유,의류,신발,호화품",084870,TBH글로벌
upjong,274,"섬유,의류,신발,호화품",111110,호전실업
upjong,274,"섬유,의류,신발,호화품",007700,F&F홀딩스
upjong,274,"섬유,의류,신발,호화품",111380,동인기연
upjong,274,"섬유,의류,신발,호화품",004700,조광피혁
upjong,274,"섬유,의류,신발,호화품",000950,전방
upjong,274,"섬유,의류,신발,호화품",227420,도부
upjong,274,"섬유,의류,신발,호화품",351020,미쥬
upjong,274,"섬유,의류,신발,호화품",032080,아즈텍WB
upjong,274,"섬유,의류,신발,호화품",008600,윌비스
upjong,274,"섬유,의류,신발,호화품",033340,좋은사람들
upjong,274,"섬유,의류,신발,호화품",900100,파이온엑스
upjong,274,"섬유,의류,신발,호화품",093240,형지엘리트
upjong,308,인터넷과카탈로그소매,257720,실리콘투
upjong,308,인터넷과카탈로그소매,035080,그래디언트
upjong,308,인터넷과카탈로그소매,475460,미트박스
upjong,308,인터넷과카탈로그소매,362320,청담글로벌
upjong,308,인터넷과카탈로그소매,036030,케이티알파
upjong,308,인터넷과카탈로그소매,053280,예스24
upjong,312,가스유틸리티,036460,한국가스공사
upjong,312,가스유틸리티,117580,대성에너지
upjong,312,가스유틸리티,053050,지에스이
upjong,312,가스유틸리티,018670,SK가스
upjong,312,가스유틸리티,003480,한진중공업홀딩스
upjong,312,가스유틸리티,015360,INVENI
upjong,312,가스유틸리티,017940,E1
upjong,312,가스유틸리티,267290,경동도시가스
upjong,312,가스유틸리티,017390,서울가스
upjong,312,가스유틸리티,004690,삼천리
upjong,312,가스유틸리티,034590,인천도시가스
upjong,312,가스유틸리티,016710,대성홀딩스
upjong,262,생명과학도구및서비스,278650,HLB바이오스텝
upjong,262,생명과학도구및서비스,205470,휴마시스
upjong,262,생명과학도구및서비스,215380,콜마바이오텍
upjong,262,생명과학도구및서비스,340450,지씨지놈
upjong,262,생명과학도구및서비스,084650,랩지노믹스
upjong,262,생명과학도구및서비스,096530,씨젠
upjong,262,생명과학도구및서비스,950130,엑세스바이오
upjong,262,생명과학도구및서비스,354200,엔젠바이오
upjong,262,생명과학도구및서비스,199730,바이오인프라
upjong,262,생명과학도구및서비스,036220,오상헬스케어
upjong,262,생명과학도구및서비스,383930,디티앤씨알오
upjong,262,생명과학도구및서비스,046210,HLB파나진
upjong,262,생명과학도구및서비스,039860,나노엔텍
upjong,262,생명과학도구및서비스,048530,인트론바이오
upjong,262,생명과학도구및서비스,226950,올릭스
upjong,262,생명과학도구및서비스,291650,츌립앤사이언스
upjong,262,생명과학도구및서비스,206640,바디텍메드
upjong,262,생명과학도구및서비스,317690,퀀타매트릭스
upjong,262,생명과학도구및서비스,445680,큐리옥스바이오시스템즈
upjong,262,생명과학도구및서비스,127120,제이에스링크
upjong,262,생명과학도구및서비스,475960,토모큐브
upjong,262,생명과학도구및서비스,494120,큐리오시스
upjong,262,생명과학도구및서비스,083790,CG인바이츠
upjong,262,생명과학도구및서비스,950200,소마젠
upjong,262,생명과학도구및서비스,238120,얼라인드
upjong,262,생명과학도구및서비스,382150,온코크로스
upjong,262,생명과학도구및서비스,038290,마크로젠
upjong,262,생명과학도구및서비스,068330,일신바이오
upjong,262,생명과학도구및서비스,460470,아이빔테크놀로지
upjong,262,생명과학도구및서비스,335810,프리시젼바이오
upjong,262,생명과학도구및서비스,461030,아이엠비디엑스
upjong,262,생명과학도구및서비스,347740,피엔케이피부임상연구센타
upjong,262,생명과학도구및서비스,311690,CJ 바이오사이언스
upjong,262,생명과학도구및서비스,086040,바이오톡스텍
upjong,262,생명과학도구및서비스,131220,대한과학
upjong,262,생명과학도구및서비스,266470,바이오인프라생명과학
upjong,262,생명과학도구및서비스,236340,메디젠휴먼케어
upjong,262,생명과학도구및서비스,456190,큐라켐
upjong,262,생명과학도구및서비스,245620,EDGC
upjong,262,생명과학도구및서비스,182400,엔케이젠바이오텍코리아
upjong,262,생명과학도구및서비스,241820,피씨엘
upjong,313,석유와가스,128820,대성산업
upjong,313,석유와가스,096770,SK이노베이션
upjong,313,석유와가스,024060,흥구석유
upjong,313,석유와가스,010950,S-Oil
upjong,313,석유와가스,078930,GS
upjong,313,석유와가스,034730,SK
upjong,313,석유와가스,006120,SK디스커버리
upjong,313,석유와가스,0001A0,덕양에너젠
upjong,313,석유와가스,014530,극동유화
upjong,313,석유와가스,126880,제이엔케이글로벌
upjong,313,석유와가스,002420,우양피앤엘
upjong,313,석유와가스,000440,중앙에너비스
upjong,313,석유와가스,012700,리드코프
upjong,313,석유와가스,065420,에스아이리소스
upjong,311,포장재,251970,펌텍코리아
upjong,311,포장재,340440,세림B&G
upjong,311,포장재,011280,태림포장
upjong,311,포장재,008730,율촌화학
upjong,311,포장재,002200,한국수출포장
upjong,311,포장재,002310,아세아제지
upjong,311,포장재,002870,신풍
upjong,311,포장재,004250,NPC
upjong,311,포장재,037230,한국팩키지
upjong,311,포장재,014970,삼륭물산
upjong,311,포장재,014820,동원시스템즈
upjong,311,포장재,460870,에스엠씨지
upjong,311,포장재,004780,대륙제관
upjong,311,포장재,009460,한창제지
upjong,311,포장재,272550,삼양패키징
upjong,311,포장재,016100,리더스코스메틱
upjong,311,포장재,016590,신대양제지
upjong,311,포장재,263920,휴엠앤씨
upjong,311,포장재,005820,원림
upjong,311,포장재,004450,삼화왕관
upjong,311,포장재,023600,삼보판지
upjong,311,포장재,049830,승일
upjong,311,포장재,008870,금비
upjong,311,포장재,017650,대림제지
upjong,311,포장재,014160,대영포장
upjong,298,가정용기기와용품,002700,신일전자
upjong,298,가정용기기와용품,487580,폴레드
upjong,298,가정용기기와용품,021240,코웨이
upjong,298,가정용기기와용품,065350,신성델타테크
upjong,298,가정용기기와용품,014470,부방
upjong,298,가정용기기와용품,044340,위닉스
upjong,298,가정용기기와용품,284740,쿠쿠홈시스
upjong,298,가정용기기와용품,024940,PN풍년
upjong,298,가정용기기와용품,407400,꿈비
upjong,298,가정용기기와용품,037070,파세코
upjong,298,가정용기기와용품,376180,피코그램
upjong,298,가정용기기와용품,009450,경동나비엔
upjong,298,가정용기기와용품,270660,에브리봇
upjong,298,가정용기기와용품,042600,새로닉스
upjong,298,가정용기기와용품,192400,쿠쿠홀딩스
upjong,298,가정용기기와용품,317870,엔바이오니아
upjong,298,가정용기기와용품,066130,하츠
upjong,298,가정용기기와용품,352090,스톰테크
upjong,298,가정용기기와용품,342870,오아
upjong,298,가정용기기와용품,256150,한독크린텍
upjong,332,문구류,005360,모나미
upjong,310,광고,048550,SM C&C
upjong,310,광고,0039P0,매드업
upjong,310,광고,030000,제일기획
upjong,310,광고,035000,HS애드
upjong,310,광고,351870,차이커뮤니케이션
upjong,310,광고,214320,이노션
upjong,310,광고,236810,엔비티
upjong,310,광고,237820,플레이디
upjong,310,광고,362990,드림인사이트
upjong,310,광고,458350,에스팀
upjong,310,광고,291230,컴투스엔
upjong,310,광고,273060,와이즈버즈
upjong,310,광고,216050,인크로스
upjong,310,광고,010470,오리콤
upjong,310,광고,089600,KT나스미디어
upjong,310,광고,363260,모비데이즈
upjong,310,광고,123570,이엠넷
upjong,310,광고,397810,애드포러스
upjong,310,광고,050090,비케이홀딩스
upjong,275,담배,033780,KT&G
upjong,316,건강관리업체및서비스,065170,비엘팜텍
upjong,316,건강관리업체및서비스,439580,블루엠텍
upjong,316,건강관리업체및서비스,365660,레몬헬스케어
upjong,316,건강관리업체및서비스,246960,SCL사이언스
upjong,316,건강관리업체및서비스,085660,차바이오텍
upjong,316,건강관리업체및서비스,226330,신테카바이오
upjong,316,건강관리업체및서비스,222040,코스맥스엔비티
upjong,316,건강관리업체및서비스,144510,지씨셀
upjong,316,건강관리업체및서비스,214370,케어젠
upjong,316,건강관리업체및서비스,377220,프롬바이오
upjong,316,건강관리업체및서비스,293780,압타바이오
upjong,316,건강관리업체및서비스,217330,싸이토젠
upjong,316,건강관리업체및서비스,200130,콜마비앤에이치
upjong,316,건강관리업체및서비스,221800,지구홀딩스
upjong,316,건강관리업체및서비스,044820,코스맥스비티아이
upjong,316,건강관리업체및서비스,194700,노바렉스
upjong,316,건강관리업체및서비스,348150,고바이오랩
upjong,316,건강관리업체및서비스,180400,DXVX
upjong,316,건강관리업체및서비스,357230,에이치피오
upjong,316,건강관리업체및서비스,376270,HEM파마
upjong,316,건강관리업체및서비스,263700,케어랩스
upjong,316,건강관리업체및서비스,123840,뉴온
upjong,316,건강관리업체및서비스,353190,휴럼
upjong,316,건강관리업체및서비스,318010,팜스빌
upjong,316,건강관리업체및서비스,239610,에이치엘사이언스
upjong,316,건강관리업체및서비스,043710,코스리거글로벌
upjong,316,건강관리업체및서비스,238200,비피도
upjong,316,건강관리업체및서비스,270870,뉴트리
upjong,316,건강관리업체및서비스,086220,광동헬스바이오
upjong,316,건강관리업체및서비스,251280,안지오랩
upjong,317,"호텔,레스토랑,레저",006730,서부T&D
upjong,317,"호텔,레스토랑,레저",025980,아난티
upjong,317,"호텔,레스토랑,레저",034230,파라다이스
upjong,317,"호텔,레스토랑,레저",032350,롯데관광개발
upjong,317,"호텔,레스토랑,레저",035250,강원랜드
upjong,317,"호텔,레스토랑,레저",114090,GKL
upjong,317,"호텔,레스토랑,레저",019010,베뉴지
upjong,317,"호텔,레스토랑,레저",104620,노랑풍선
upjong,317,"호텔,레스토랑,레저",499790,GS피앤엘
upjong,317,"호텔,레스토랑,레저",070960,모나용평
upjong,317,"호텔,레스토랑,레저",363280,티와이홀딩스
upjong,317,"호텔,레스토랑,레저",080160,모두투어
upjong,317,"호텔,레스토랑,레저",094850,참좋은여행
upjong,317,"호텔,레스토랑,레저",020710,시공테크
upjong,317,"호텔,레스토랑,레저",039130,하나투어
upjong,317,"호텔,레스토랑,레저",215000,골프존
upjong,317,"호텔,레스토랑,레저",475560,더본코리아
upjong,317,"호텔,레스토랑,레저",111710,남화산업
upjong,315,손해보험,000400,롯데손해보험
upjong,315,손해보험,001450,현대해상
upjong,315,손해보험,005830,DB손해보험
upjong,315,손해보험,000370,한화손해보험
upjong,315,손해보험,003690,코리안리
upjong,315,손해보험,211050,인카금융서비스
upjong,315,손해보험,031210,서울보증보험
upjong,315,손해보험,000810,삼성화재
upjong,315,손해보험,244920,에이플러스에셋
upjong,315,손해보험,000540,흥국화재
upjong,292,핸드셋,070300,퀀텀레일
upjong,292,핸드셋,204270,제이앤티씨
upjong,292,핸드셋,332570,PS일렉트로닉스
upjong,292,핸드셋,263600,덕우전자
upjong,292,핸드셋,052710,아모텍
upjong,292,핸드셋,192650,드림텍
upjong,292,핸드셋,076610,해성옵틱스
upjong,292,핸드셋,441270,파인엠텍
upjong,292,핸드셋,115610,이미지스
upjong,292,핸드셋,290550,디케이티
upjong,292,핸드셋,123010,MSDI
upjong,292,핸드셋,179900,유티아이
upjong,292,핸드셋,357580,아모센스
upjong,292,핸드셋,459550,알트
upjong,292,핸드셋,025320,시노펙스
upjong,292,핸드셋,049630,재영솔루텍
upjong,292,핸드셋,050110,캠시스
upjong,292,핸드셋,079190,케스피온
upjong,292,핸드셋,198080,캐프
upjong,292,핸드셋,081580,성우전자
upjong,292,핸드셋,126700,하이비젼시스템
upjong,292,핸드셋,065130,탑엔지니어링
upjong,292,핸드셋,073570,리튬포어스
upjong,292,핸드셋,148150,세경하이테크
upjong,292,핸드셋,088280,쏘닉스
upjong,292,핸드셋,054210,이랜텍
upjong,292,핸드셋,193250,링크드
upjong,292,핸드셋,290740,액트로
upjong,292,핸드셋,208710,포톤
upjong,292,핸드셋,047310,파워로직스
upjong,292,핸드셋,271830,팸텍
upjong,292,핸드셋,045970,코아시아
upjong,292,핸드셋,190510,나무가
upjong,292,핸드셋,060720,KH바텍
upjong,292,핸드셋,373200,엑스플러스
upjong,292,핸드셋,187270,신화콘텍
upjong,292,핸드셋,091700,파트론
upjong,292,핸드셋,049520,유아이엘
upjong,292,핸드셋,049070,인탑스
upjong,292,핸드셋,258610,케일럼
upjong,292,핸드셋,097520,엠씨넥스
upjong,292,핸드셋,238090,앤디포스
upjong,292,핸드셋,000670,영풍
upjong,292,핸드셋,122990,와이솔
upjong,292,핸드셋,066670,디티씨
upjong,292,핸드셋,285490,노바텍
upjong,292,핸드셋,060540,에스에이티
upjong,292,핸드셋,096630,에스코넥
upjong,292,핸드셋,093920,서원인텍
upjong,292,핸드셋,192440,슈피겐코리아
upjong,292,핸드셋,091120,이엠텍
upjong,292,핸드셋,065680,우주일렉트로
upjong,292,핸드셋,061040,알에프텍
upjong,292,핸드셋,196450,코아시아씨엠
upjong,292,핸드셋,459100,위츠
upjong,292,핸드셋,376290,씨유테크
upjong,292,핸드셋,106080,케이이엠텍
upjong,323,해운사,003280,흥아해운
upjong,323,해운사,028670,팬오션
upjong,323,해운사,005880,대한해운
upjong,323,해운사,465770,STX그린로지스
upjong,323,해운사,011200,HMM
upjong,323,해운사,054300,팬스타엔터프라이즈
upjong,323,해운사,044450,KSS해운
upjong,323,해운사,109070,주성코퍼레이션
upjong,323,해운사,129260,인터지스
upjong,323,해운사,067900,와이엔텍
upjong,323,해운사,124560,태웅로직스
upjong,303,가구,011090,에넥스
upjong,303,가구,071950,코아스
upjong,303,가구,309930,조이웍스앤코
upjong,303,가구,009240,한샘
upjong,303,가구,415380,스튜디오삼익
upjong,303,가구,013890,지누스
upjong,303,가구,079430,현대리바트
upjong,303,가구,003800,에이스침대
upjong,303,가구,134790,시디즈
upjong,303,가구,016800,퍼시스
upjong,303,가구,073190,듀오백
upjong,309,음료,000890,보해양조
upjong,309,음료,000080,하이트진로
upjong,309,음료,276730,한울앤제주
upjong,309,음료,004650,창해에탄올
upjong,309,음료,043650,국순당
upjong,309,음료,023150,MH에탄올
upjong,309,음료,005300,롯데칠성
upjong,309,음료,405920,나라셀라
upjong,309,음료,189980,흥국에프엔비
upjong,309,음료,033920,무학
upjong,309,음료,000140,하이트진로홀딩스
upjong,309,음료,018120,진로발효
upjong,309,음료,267080,세븐브로이맥주
upjong,324,상업서비스와공급품,203650,드림시큐리티
upjong,324,상업서비스와공급품,383310,에코프로에이치엔
upjong,324,상업서비스와공급품,036800,나이스정보통신
upjong,324,상업서비스와공급품,058860,KTis
upjong,324,상업서비스와공급품,058850,KTcs
upjong,324,상업서비스와공급품,012750,에스원
upjong,324,상업서비스와공급품,030190,NICE평가정보
upjong,324,상업서비스와공급품,036120,서울평가정보
upjong,324,상업서비스와공급품,030960,양지사
upjong,324,상업서비스와공급품,090370,메타랩스
upjong,324,상업서비스와공급품,043910,자연과환경
upjong,324,상업서비스와공급품,122900,아이마켓코리아
upjong,324,상업서비스와공급품,049720,고려신용정보
upjong,324,상업서비스와공급품,090850,현대이지웰
upjong,324,상업서비스와공급품,448280,에코아이
upjong,324,상업서비스와공급품,130580,나이스디앤비
upjong,324,상업서비스와공급품,060150,인선이엔티
upjong,324,상업서비스와공급품,094280,효성ITX
upjong,324,상업서비스와공급품,377450,리파인
upjong,324,상업서비스와공급품,276240,엘리비젼
upjong,324,상업서비스와공급품,376980,원티드랩
upjong,324,상업서비스와공급품,105760,포스뱅크
upjong,324,상업서비스와공급품,063570,NICE인프라
upjong,324,상업서비스와공급품,092130,이크레더블
upjong,324,상업서비스와공급품,143240,사람인
upjong,324,상업서비스와공급품,034950,한국기업평가
upjong,324,상업서비스와공급품,185190,수프로
upjong,324,상업서비스와공급품,009440,KC그린홀딩스
upjong,324,상업서비스와공급품,119650,KC코트렐
upjong,324,상업서비스와공급품,068940,셀피글로벌
upjong,324,상업서비스와공급품,377460,큐에이드
upjong,290,교육서비스,289010,아이스크림에듀
upjong,290,교육서비스,215100,로보로보
upjong,290,교육서비스,457600,벡트
upjong,290,교육서비스,133750,메가엠디
upjong,290,교육서비스,475580,에이럭스
upjong,290,교육서비스,053290,NE능률
upjong,290,교육서비스,215200,메가스터디교육
upjong,290,교육서비스,100220,비상교육
upjong,290,교육서비스,068930,디지털대성
upjong,290,교육서비스,019680,대교
upjong,290,교육서비스,095720,웅진씽크빅
upjong,290,교육서비스,084440,유비온
upjong,290,교육서비스,339950,아이비김영
upjong,290,교육서비스,040420,정상제이엘에스
upjong,290,교육서비스,461300,아이스크림미디어
upjong,290,교육서비스,057030,YBM넷
upjong,290,교육서비스,373160,데이원컴퍼니
upjong,290,교육서비스,072870,메가스터디
upjong,290,교육서비스,134060,이퓨쳐
upjong,290,교육서비스,067280,멀티캠퍼스
upjong,290,교육서비스,096240,크레버스
upjong,290,교육서비스,208890,미래엔에듀파트너
upjong,290,교육서비스,035290,골드앤에스
upjong,331,복합유틸리티,071320,지역난방공사
upjong,289,건축자재,038500,삼표시멘트
upjong,289,건축자재,255220,SG
upjong,289,건축자재,198440,강동씨앤엘
upjong,289,건축자재,079650,서산
upjong,289,건축자재,365330,에스와이스틸텍
upjong,289,건축자재,228340,동양파일
upjong,289,건축자재,001520,동양
upjong,289,건축자재,058730,다스코
upjong,289,건축자재,000390,SP삼화
upjong,289,건축자재,023410,유진기업
upjong,289,건축자재,109610,에스와이
upjong,289,건축자재,090350,노루페인트
upjong,289,건축자재,039020,이건홀딩스
upjong,289,건축자재,007210,벽산
upjong,289,건축자재,008250,이건산업
upjong,289,건축자재,007110,일신석재
upjong,289,건축자재,008260,NI스틸
upjong,289,건축자재,025750,한솔홈데코
upjong,289,건축자재,025900,동화기업
upjong,289,건축자재,446070,유니드비티플러스
upjong,289,건축자재,000910,유니온
upjong,289,건축자재,183190,아세아시멘트
upjong,289,건축자재,004980,성신양회
upjong,289,건축자재,300720,한일시멘트
upjong,289,건축자재,225530,HC보광산업
upjong,289,건축자재,004440,삼일씨엔에스
upjong,289,건축자재,006920,모헨즈
upjong,289,건축자재,004910,조광페인트
upjong,289,건축자재,004870,티웨이홀딩스
upjong,289,건축자재,002380,KCC
upjong,289,건축자재,108670,LX하우시스
upjong,289,건축자재,003300,한일홀딩스
upjong,289,건축자재,171120,라이온켐텍
upjong,289,건축자재,344820,KCC글라스
upjong,289,건축자재,000860,강남제비스코
upjong,289,건축자재,192390,윈하이텍
upjong,289,건축자재,186230,그린플러스
upjong,289,건축자재,000320,노루홀딩스
upjong,289,건축자재,060560,HC홈센타
upjong,289,건축자재,090410,덕신이피씨
upjong,289,건축자재,112190,KC산업
upjong,289,건축자재,011390,부산산업
upjong,289,건축자재,002030,아세아
upjong,289,건축자재,234070,에이원큐브텍
upjong,289,건축자재,254160,제이엠멀티
upjong,320,건축제품,014280,금강공업
upjong,320,건축제품,060260,뉴보텍
upjong,320,건축제품,052300,오션인더블유
upjong,320,건축제품,006050,국영지앤엠
upjong,320,건축제품,005750,대림바스
upjong,320,건축제품,022220,티케이지애강
upjong,320,건축제품,035200,프럼파스트
upjong,320,건축제품,006570,대림통상
upjong,320,건축제품,018310,삼목에스폼
upjong,320,건축제품,079000,와토스코리아
upjong,302,식품과기본식료품소매,223310,사토시홀딩스
upjong,302,식품과기본식료품소매,006880,신송홀딩스
upjong,302,식품과기본식료품소매,004590,한국가구
upjong,302,식품과기본식료품소매,250000,보라티알
upjong,302,식품과기본식료품소매,227840,현대코퍼레이션홀딩스
upjong,302,식품과기본식료품소매,051500,CJ프레시웨이
upjong,302,식품과기본식료품소매,289170,바이오텐
upjong,337,카드,029780,삼성카드
upjong,296,운송인프라,088980,맥쿼리인프라
upjong,296,운송인프라,121890,에스디시스템
upjong,296,운송인프라,415640,KB발해인프라
upjong,296,운송인프라,003100,선광
upjong,296,운송인프라,038620,위즈코프
upjong,296,운송인프라,045340,토탈소프트
upjong,296,운송인프라,065710,서호전기
upjong,296,운송인프라,005430,한국공항
upjong,314,출판,127710,아시아경제
upjong,314,출판,016880,웅진
upjong,314,출판,432430,와이랩
upjong,314,출판,263720,디앤씨미디어
upjong,314,출판,036000,예림당
upjong,314,출판,418470,KT밀리의서재
upjong,314,출판,068290,삼성출판사
upjong,268,식품,003380,하림지주
upjong,268,식품,002680,한탑
upjong,268,식품,005860,한일사료
upjong,268,식품,003310,대주산업
upjong,268,식품,027710,팜스토리
upjong,268,식품,136480,하림
upjong,268,식품,035810,이지홀딩스
upjong,268,식품,065150,대산F&B
upjong,268,식품,088910,동우팜투테이블
upjong,268,식품,900340,윙입푸드
upjong,268,식품,140410,메지온
upjong,268,식품,290720,푸드나무
upjong,268,식품,353810,이지바이오
upjong,268,식품,004410,서울식품
upjong,268,식품,218150,미래생명자원
upjong,268,식품,003680,한성기업
upjong,268,식품,011150,CJ씨푸드
upjong,268,식품,002760,보락
upjong,268,식품,005180,빙그레
upjong,268,식품,260970,에스앤디
upjong,268,식품,271560,오리온
upjong,268,식품,103840,우양
upjong,268,식품,097950,CJ제일제당
upjong,268,식품,002140,고려산업
upjong,268,식품,0013V0,삼진식품
upjong,268,식품,030720,동원수산
upjong,268,식품,027740,마니커
upjong,268,식품,001800,오리온홀딩스
upjong,268,식품,066360,체리부로
upjong,268,식품,136490,선진
upjong,268,식품,001790,대한제당
upjong,268,식품,008040,사조동아원
upjong,268,식품,051780,큐로홀딩스
upjong,268,식품,036580,팜스코
upjong,268,식품,026960,동서
upjong,268,식품,453340,현대그린푸드
upjong,268,식품,084690,대상홀딩스
upjong,268,식품,003230,삼양식품
upjong,268,식품,001680,대상
upjong,268,식품,339770,교촌에프앤비
upjong,268,식품,311390,네오크레마
upjong,268,식품,368970,오에스피
upjong,268,식품,009780,엠에스씨
upjong,268,식품,073560,우리손에프앤지
upjong,268,식품,004370,농심
upjong,268,식품,006040,동원산업
upjong,268,식품,017810,풀무원
upjong,268,식품,014710,사조씨푸드
upjong,268,식품,007540,샘표
upjong,268,식품,248170,샘표식품
upjong,268,식품,195500,마니커에프앤지
upjong,268,식품,280360,롯데웰푸드
upjong,268,식품,403490,우듬지팜
upjong,268,식품,222980,한국맥널티
upjong,268,식품,004970,신라교역
upjong,268,식품,001130,대한제분
upjong,268,식품,208140,정다운
upjong,268,식품,188040,바이오포트
upjong,268,식품,025880,케이씨피드
upjong,268,식품,005610,삼립
upjong,268,식품,006090,사조오양
upjong,268,식품,267980,매일유업
upjong,268,식품,145990,삼양사
upjong,268,식품,277410,인산가
upjong,268,식품,007310,오뚜기
upjong,268,식품,229500,노브메타파마
upjong,268,식품,007160,사조산업
upjong,268,식품,003960,사조대림
upjong,268,식품,005740,크라운해태홀딩스
upjong,268,식품,003920,남양유업
upjong,268,식품,264900,크라운제과
upjong,268,식품,072710,농심홀딩스
upjong,268,식품,005670,푸드웰
upjong,268,식품,006980,우성
upjong,268,식품,435570,에르코스
upjong,268,식품,005990,매일홀딩스
upjong,268,식품,002600,조흥
upjong,268,식품,236030,씨알푸드
upjong,268,식품,178600,대동고려삼
upjong,268,식품,025870,신라에스지
upjong,268,식품,101530,해태제과식품
upjong,268,식품,016790,현대사료
upjong,328,전문소매,064240,홈캐스트
upjong,328,전문소매,064800,포니링크
upjong,328,전문소매,178780,일월지엠엘
upjong,328,전문소매,071840,롯데하이마트
upjong,328,전문소매,080420,모다이노칩
upjong,281,건강관리장비와용품,142280,녹십자엠에스
upjong,281,건강관리장비와용품,256840,한국비엔씨
upjong,281,건강관리장비와용품,253840,수젠텍
upjong,281,건강관리장비와용품,028300,HLB
upjong,281,건강관리장비와용품,303810,동국생명과학
upjong,281,건강관리장비와용품,058110,멕아이씨에스
upjong,281,건강관리장비와용품,387690,레메디
upjong,281,건강관리장비와용품,137310,에스디바이오센서
upjong,281,건강관리장비와용품,067630,HLB생명과학
upjong,281,건강관리장비와용품,006140,피제이전자
upjong,281,건강관리장비와용품,336570,원텍
upjong,281,건강관리장비와용품,290660,다이나믹솔루션
upjong,281,건강관리장비와용품,156100,엘앤케이바이오
upjong,281,건강관리장비와용품,104540,코렌텍
upjong,281,건강관리장비와용품,290650,엘앤씨바이오
upjong,281,건강관리장비와용품,108860,셀바스AI
upjong,281,건강관리장비와용품,208370,셀바스헬스케어
upjong,281,건강관리장비와용품,060280,큐렉소
upjong,281,건강관리장비와용품,0088M0,메쥬
upjong,281,건강관리장비와용품,056090,시지메드텍
upjong,281,건강관리장비와용품,491000,리브스메드
upjong,281,건강관리장비와용품,376900,로킷헬스케어
upjong,281,건강관리장비와용품,099430,바이오플러스
upjong,281,건강관리장비와용품,214150,클래시스
upjong,281,건강관리장비와용품,240550,동방메디컬
upjong,281,건강관리장비와용품,394420,리센스메디컬
upjong,281,건강관리장비와용품,372910,한컴라이프케어
upjong,281,건강관리장비와용품,318060,그래피
upjong,281,건강관리장비와용품,048870,시너지이노베이션
upjong,281,건강관리장비와용품,377740,바이오노트
upjong,281,건강관리장비와용품,042520,한스바이오메드
upjong,281,건강관리장비와용품,214450,파마리서치
upjong,281,건강관리장비와용품,450950,아스테라시스
upjong,281,건강관리장비와용품,041920,메디아나
upjong,281,건강관리장비와용품,228760,지노믹트리
upjong,281,건강관리장비와용품,119610,인터로조
upjong,281,건강관리장비와용품,462510,라메디텍
upjong,281,건강관리장비와용품,065510,휴비츠
upjong,281,건강관리장비와용품,041830,인바디
upjong,281,건강관리장비와용품,340570,티앤엘
upjong,281,건강관리장비와용품,226400,오스테오닉
upjong,281,건강관리장비와용품,039840,디오
upjong,281,건강관리장비와용품,216080,제테마
upjong,281,건강관리장비와용품,0120G0,삼양바이오팜
upjong,281,건강관리장비와용품,455900,엔젤로보틱스
upjong,281,건강관리장비와용품,115480,씨유메디칼
upjong,281,건강관리장비와용품,302550,리메드
upjong,281,건강관리장비와용품,460940,피앤에스로보틱스
upjong,281,건강관리장비와용품,376930,노을
upjong,281,건강관리장비와용품,225220,제놀루션
upjong,281,건강관리장비와용품,419540,비스토스
upjong,281,건강관리장비와용품,214680,디알텍
upjong,281,건강관리장비와용품,059210,메타바이오메드
upjong,281,건강관리장비와용품,100700,세운메디칼
upjong,281,건강관리장비와용품,261200,덴티스
upjong,281,건강관리장비와용품,303360,프로티아
upjong,281,건강관리장비와용품,228850,레이언스
upjong,281,건강관리장비와용품,138610,나이벡
upjong,281,건강관리장비와용품,219750,한국비티비
upjong,281,건강관리장비와용품,043150,바텍
upjong,281,건강관리장비와용품,228670,레이
upjong,281,건강관리장비와용품,149980,하이로닉
upjong,281,건강관리장비와용품,145720,덴티움
upjong,281,건강관리장비와용품,398120,에스지헬스케어
upjong,281,건강관리장비와용품,099190,아이센스
upjong,281,건강관리장비와용품,054950,제이브이엠
upjong,281,건강관리장비와용품,122310,제노레이
upjong,281,건강관리장비와용품,179290,엠아이텍
upjong,281,건강관리장비와용품,405000,플라즈맵
upjong,281,건강관리장비와용품,100120,뷰웍스
upjong,281,건강관리장비와용품,263690,디알젬
upjong,281,건강관리장비와용품,450330,하스
upjong,281,건강관리장비와용품,307280,원바이오젠
upjong,281,건강관리장비와용품,314930,바이오다인
upjong,281,건강관리장비와용품,387570,파인메딕스
upjong,281,건강관리장비와용품,0010V0,제이피아이헬스케어
upjong,281,건강관리장비와용품,389650,넥스트바이오메디컬
upjong,281,건강관리장비와용품,199550,레이저옵텍
upjong,281,건강관리장비와용품,244880,나눔테크
upjong,281,건강관리장비와용품,363250,진시스템
upjong,281,건강관리장비와용품,200580,메디쎄이
upjong,281,건강관리장비와용품,004080,신흥
upjong,281,건강관리장비와용품,337840,유엑스엔
upjong,281,건강관리장비와용품,456570,아이엠지티
upjong,281,건강관리장비와용품,188260,세니젠
upjong,281,건강관리장비와용품,336040,타스컴
upjong,281,건강관리장비와용품,390110,애니메디솔루션
upjong,281,건강관리장비와용품,253610,루트락
upjong,281,건강관리장비와용품,448780,마이크로엔엑스
upjong,281,건강관리장비와용품,199290,바이오프로테크
upjong,281,건강관리장비와용품,447690,아이오바이오
upjong,281,건강관리장비와용품,402420,켈스
upjong,281,건강관리장비와용품,233250,메디안디노스틱
upjong,281,건강관리장비와용품,332190,오션스바이오
upjong,281,건강관리장비와용품,214610,롤링스톤
upjong,281,건강관리장비와용품,305090,마이크로디지탈
upjong,281,건강관리장비와용품,258830,세종메디칼
upjong,281,건강관리장비와용품,246720,아스타
upjong,281,건강관리장비와용품,043100,알파AI
upjong,281,건강관리장비와용품,212310,오건에코텍
upjong,281,건강관리장비와용품,294090,이오플로우
upjong,281,건강관리장비와용품,234920,자이글
upjong,281,건강관리장비와용품,229000,젠큐릭스
upjong,281,건강관리장비와용품,304840,피플바이오
upjong,334,무역회사와판매업체,001250,GS글로벌
upjong,334,무역회사와판매업체,047050,포스코인터내셔널
upjong,334,무역회사와판매업체,001120,LX인터내셔널
upjong,334,무역회사와판매업체,383800,LX홀딩스
upjong,334,무역회사와판매업체,011760,현대코퍼레이션
upjong,334,무역회사와판매업체,298020,효성티앤씨
upjong,334,무역회사와판매업체,011810,STX
upjong,330,생명보험,088350,한화생명
upjong,330,생명보험,085620,미래에셋생명
upjong,330,생명보험,032830,삼성생명
upjong,301,은행,316140,우리금융지주
upjong,301,은행,138930,BNK금융지주
upjong,301,은행,055550,신한지주
upjong,301,은행,086790,하나금융지주
upjong,301,은행,105560,KB금융
upjong,301,은행,323410,카카오뱅크
upjong,301,은행,024110,기업은행
upjong,301,은행,139130,iM금융지주
upjong,301,은행,175330,JB금융지주
upjong,301,은행,279570,케이뱅크
upjong,301,은행,006220,제주은행
upjong,297,가정용품,0010S0,와이즈플래닛컴퍼니
upjong,297,가정용품,317240,TS트릴리온
upjong,297,가정용품,012690,모나리자
upjong,297,가정용품,110020,전진바이오팜
upjong,297,가정용품,053620,태양
upjong,297,가정용품,033050,제이엠아이
upjong,297,가정용품,318410,비비씨
upjong,297,가정용품,009770,삼정펄프
upjong,297,가정용품,331660,한국미라클피플사
upjong,297,가정용품,233990,질경이
upjong,297,가정용품,299480,지앤이헬스케어
upjong,297,가정용품,225430,케이엠제약
upjong,271,레저용장비와제품,002450,삼익악기
upjong,271,레저용장비와제품,900270,헝셩그룹
upjong,271,레저용장비와제품,066910,손오공
upjong,271,레저용장비와제품,039830,오로라
upjong,271,레저용장비와제품,011420,갤럭시아에스엠
upjong,271,레저용장비와제품,024950,삼천리자전거
upjong,271,레저용장비와제품,123750,알톤
upjong,271,레저용장비와제품,365900,브이씨
upjong,271,레저용장비와제품,121440,골프존홀딩스
upjong,271,레저용장비와제품,088390,이녹스
upjong,271,레저용장비와제품,050120,ES큐브
upjong,271,레저용장비와제품,206950,볼빅
upjong,271,레저용장비와제품,296520,가이아코퍼레이션
upjong,336,다각화된통신서비스,030200,KT
upjong,336,다각화된통신서비스,122830,원포유
upjong,336,다각화된통신서비스,036630,세종텔레콤
upjong,305,항공사,003490,대한항공
upjong,305,항공사,089590,제주항공
upjong,305,항공사,091810,트리니티항공
upjong,305,항공사,020560,아시아나항공
upjong,305,항공사,272450,진에어
upjong,305,항공사,180640,한진칼
upjong,305,항공사,298690,에어부산
upjong,318,종이와목재,009580,무림P&P
upjong,318,종이와목재,078130,국일제지
upjong,318,종이와목재,001810,무림SP
upjong,318,종이와목재,006740,블루산업개발
upjong,318,종이와목재,001020,페이퍼코리아
upjong,318,종이와목재,002820,SUN&L
upjong,318,종이와목재,004540,깨끗한나라
upjong,318,종이와목재,027970,한국제지
upjong,318,종이와목재,000180,성창기업지주
upjong,318,종이와목재,213500,한솔제지
upjong,318,종이와목재,009200,무림페이퍼
upjong,318,종이와목재,034810,해성산업
upjong,279,건설,047040,대우건설
upjong,279,건설,028050,삼성E&A
upjong,279,건설,002990,금호건설
upjong,279,건설,065950,웰크론
upjong,279,건설,006360,GS건설
upjong,279,건설,066980,한성크린텍
upjong,279,건설,000720,현대건설
upjong,279,건설,317400,자이에스앤디
upjong,279,건설,009410,태영건설
upjong,279,건설,069920,엑시온그룹
upjong,279,건설,035890,서희건설
upjong,279,건설,375500,DL이앤씨
upjong,279,건설,097230,HJ중공업
upjong,279,건설,060370,LS마린솔루션
upjong,279,건설,013700,까뮤이앤씨
upjong,279,건설,206400,베노티앤알
upjong,279,건설,094820,일진파워
upjong,279,건설,053690,한미글로벌
upjong,279,건설,013360,일성건설
upjong,279,건설,091590,남화토건
upjong,279,건설,418550,제이오
upjong,279,건설,037350,성도이엔지
upjong,279,건설,037440,희림
upjong,279,건설,294870,IPARK현대산업개발
upjong,279,건설,076080,웰크론한텍
upjong,279,건설,013120,동원개발
upjong,279,건설,002780,진흥기업
upjong,279,건설,011560,세보엠이씨
upjong,279,건설,010400,우진아이엔에스
upjong,279,건설,012630,HDC
upjong,279,건설,046940,우원개발
upjong,279,건설,014790,HL D&I
upjong,279,건설,475230,엔알비
upjong,279,건설,007680,대원
upjong,279,건설,001260,남광토건
upjong,279,건설,023960,에쓰씨엔지니어링
upjong,279,건설,066620,국보디자인
upjong,279,건설,056730,CNT85
upjong,279,건설,004960,한신공영
upjong,279,건설,042940,상지건설
upjong,279,건설,005960,동부건설
upjong,279,건설,023350,한국종합기술
upjong,279,건설,017000,신원종합개발
upjong,279,건설,011370,서한
upjong,279,건설,010960,삼호개발
upjong,279,건설,026150,특수건설
upjong,279,건설,013580,계룡건설
upjong,279,건설,010780,아이에스동서
upjong,279,건설,069140,누리플랜
upjong,279,건설,021320,KCC건설
upjong,279,건설,025950,동신건설
upjong,279,건설,002150,도화엔지니어링
upjong,279,건설,003070,코오롱글로벌
upjong,279,건설,039570,HDC랩스
upjong,279,건설,028100,동아지질
upjong,279,건설,085810,알티캐스트
upjong,279,건설,054930,유신
upjong,279,건설,036190,금화피에스시
upjong,279,건설,002290,삼일기업공사
upjong,279,건설,016250,SGC E&C
upjong,279,건설,002460,HS화성
upjong,279,건설,224810,엄지하우스
upjong,279,건설,076340,지에이이노더스
upjong,279,건설,044180,KD
upjong,279,건설,002410,범양건영
upjong,279,건설,001470,삼부토건
upjong,279,건설,049180,셀루메드
upjong,279,건설,001840,이화공영
upjong,279,건설,041590,플래스크
upjong,300,양방향미디어와서비스,089230,THE E&M
upjong,300,양방향미디어와서비스,035720,카카오
upjong,300,양방향미디어와서비스,020120,키다리스튜디오
upjong,300,양방향미디어와서비스,134580,탑코미디어
upjong,300,양방향미디어와서비스,035420,NAVER
upjong,300,양방향미디어와서비스,300080,플리토
upjong,300,양방향미디어와서비스,376300,디어유
upjong,300,양방향미디어와서비스,289220,자이언트스텝
upjong,300,양방향미디어와서비스,067160,SOOP
upjong,300,양방향미디어와서비스,207760,미스터블루
upjong,300,양방향미디어와서비스,214270,FSN
upjong,300,양방향미디어와서비스,443250,레뷰코퍼레이션
upjong,300,양방향미디어와서비스,317530,에피소드컴퍼니
upjong,300,양방향미디어와서비스,417180,핑거스토리
upjong,300,양방향미디어와서비스,408920,메쎄이상
upjong,300,양방향미디어와서비스,202960,판도라티비
upjong,261,제약,307750,국전
upjong,261,제약,067290,JW신약
upjong,261,제약,002720,국제약품
upjong,261,제약,114450,그린생명과학
upjong,261,제약,047920,HLB제약
upjong,261,제약,000020,동화약품
upjong,261,제약,019170,신풍제약
upjong,261,제약,115450,HLB테라퓨틱스
upjong,261,제약,032300,한국파마
upjong,261,제약,001360,삼성제약
upjong,261,제약,004310,현대약품
upjong,261,제약,014950,삼익제약
upjong,261,제약,223250,드림씨아이에스
upjong,261,제약,003000,부광약품
upjong,261,제약,041960,코미팜
upjong,261,제약,086450,동국제약
upjong,261,제약,063160,종근당바이오
upjong,261,제약,299170,더블유에스아이
upjong,261,제약,314130,지놈앤컴퍼니
upjong,261,제약,215600,신라젠
upjong,261,제약,000250,삼천당제약
upjong,261,제약,261780,아리바이오랩
upjong,261,제약,389470,인벤티지랩
upjong,261,제약,424870,이뮨온시아
upjong,261,제약,003220,대원제약
upjong,261,제약,044960,이글벳
upjong,261,제약,234690,녹십자웰빙
upjong,261,제약,187660,페니트리움바이오
upjong,261,제약,003520,영진약품
upjong,261,제약,950220,네오이뮨텍
upjong,261,제약,053950,경남제약
upjong,261,제약,009290,광동제약
upjong,261,제약,005250,녹십자홀딩스
upjong,261,제약,007460,에이프로젠
upjong,261,제약,141080,리가켐바이오
upjong,261,제약,456160,지투지바이오
upjong,261,제약,176750,듀켐바이오
upjong,261,제약,017180,명문제약
upjong,261,제약,249420,일동제약
upjong,261,제약,493280,아이엠바이오로직스
upjong,261,제약,000220,유유제약
upjong,261,제약,475830,오름테라퓨틱
upjong,261,제약,397030,에이프릴바이오
upjong,261,제약,082800,비보존 제약
upjong,261,제약,476060,온코닉테라퓨틱스
upjong,261,제약,068270,셀트리온
upjong,261,제약,009420,한올바이오파마
upjong,261,제약,235980,메드팩토
upjong,261,제약,003850,보령
upjong,261,제약,003060,에이프로젠바이오로직스
upjong,261,제약,131030,옵투스제약
upjong,261,제약,034940,조아제약
upjong,261,제약,000100,유한양행
upjong,261,제약,039200,오스코텍
upjong,261,제약,128940,한미약품
upjong,261,제약,271980,제일약품
upjong,261,제약,321550,티움바이오
upjong,261,제약,323990,박셀바이오
upjong,261,제약,179530,애드바이오텍
upjong,261,제약,115180,큐리언트
upjong,261,제약,237690,에스티팜
upjong,261,제약,006620,동구바이오제약
upjong,261,제약,002800,신신제약
upjong,261,제약,302440,SK바이오사이언스
upjong,261,제약,086890,이수앱지스
upjong,261,제약,008930,한미사이언스
upjong,261,제약,065660,안트로젠
upjong,261,제약,330350,위더스제약
upjong,261,제약,195940,HK이노엔
upjong,261,제약,0007J0,인벤테라
upjong,261,제약,102940,코오롱생명과학
upjong,261,제약,456070,이엔셀
upjong,261,제약,308080,바이젠셀
upjong,261,제약,142760,모아라이프플러스
upjong,261,제약,067080,대화제약
upjong,261,제약,310210,보로노이
upjong,261,제약,041910,폴라리스AI파마
upjong,261,제약,326030,SK바이오팜
upjong,261,제약,220100,퓨쳐켐
upjong,261,제약,066700,테라젠이텍스
upjong,261,제약,207940,삼성바이오로직스
upjong,261,제약,0156T0,에이치엘지노믹스
upjong,261,제약,096760,JW홀딩스
upjong,261,제약,001060,JW중외제약
upjong,261,제약,0082N0,카나프테라퓨틱스
upjong,261,제약,068760,셀트리온제약
upjong,261,제약,011040,경동제약
upjong,261,제약,003090,대웅
upjong,261,제약,012790,신일제약
upjong,261,제약,378800,샤페론
upjong,261,제약,000520,삼일제약
upjong,261,제약,074430,아미노로직스
upjong,261,제약,106190,하이텍팜
upjong,261,제약,005500,삼진제약
upjong,261,제약,001540,안국약품
upjong,261,제약,214390,경보제약
upjong,261,제약,365270,큐라클
upjong,261,제약,260660,알리코제약
upjong,261,제약,341170,퓨쳐메디신
upjong,261,제약,002210,동성제약
upjong,261,제약,053030,바이넥스
upjong,261,제약,950210,프레스티지바이오파마
upjong,261,제약,084110,휴온스글로벌
upjong,261,제약,118000,메타케어
upjong,261,제약,0126Z0,삼성에피스홀딩스
upjong,261,제약,287840,인투셀
upjong,261,제약,004720,팜젠사이언스
upjong,261,제약,033270,유나이티드제약
upjong,261,제약,006280,녹십자
upjong,261,제약,308430,셀비온
upjong,261,제약,060590,씨티씨바이오
upjong,261,제약,007570,일양약품
upjong,261,제약,234080,JW생명과학
upjong,261,제약,054670,대한뉴팜
upjong,261,제약,204840,지엘팜텍
upjong,261,제약,334970,프레스티지바이오로직스
upjong,261,제약,200230,텔콘RF제약
upjong,261,제약,007370,진양제약
upjong,261,제약,002390,한독
upjong,261,제약,200670,휴메딕스
upjong,261,제약,359090,씨엔알리서치
upjong,261,제약,464280,티디에스팜
upjong,261,제약,002620,제일파마홀딩스
upjong,261,제약,078140,대봉엘에스
upjong,261,제약,018620,우진비앤지
upjong,261,제약,185750,종근당
upjong,261,제약,072020,중앙백신
upjong,261,제약,102460,이연제약
upjong,261,제약,243070,휴온스
upjong,261,제약,018680,서울제약
upjong,261,제약,061250,화일약품
upjong,261,제약,003120,일성아이에스
upjong,261,제약,001630,종근당홀딩스
upjong,261,제약,069620,대웅제약
upjong,261,제약,170900,동아에스티
upjong,261,제약,293480,하나제약
upjong,261,제약,200780,비씨월드제약
upjong,261,제약,086060,진바이오텍
upjong,261,제약,317450,명인제약
upjong,261,제약,036480,대성미생물
upjong,261,제약,000230,일동홀딩스
upjong,261,제약,008490,서흥
upjong,261,제약,432980,엠에프씨
upjong,261,제약,140610,엔솔바이오사이언스
upjong,261,제약,900120,씨엑스아이
upjong,261,제약,023910,대한약품
upjong,261,제약,000640,동아쏘시오홀딩스
upjong,261,제약,296160,프로젠
upjong,261,제약,016580,환인제약
upjong,261,제약,471820,셀로맥스사이언스
upjong,261,제약,153710,옵티팜
upjong,261,제약,314140,알피바이오
upjong,261,제약,014570,고려제약
upjong,261,제약,109960,앱토크롬
upjong,261,제약,009300,삼아제약
upjong,261,제약,217950,파마리서치바이오
upjong,261,제약,354390,바스칸바이오제약
upjong,261,제약,058820,CMG제약
upjong,261,제약,309710,아이티켐
upjong,261,제약,246250,에스엘에스바이오
upjong,261,제약,203400,에이비온
upjong,261,제약,183490,엔지켐생명과학
upjong,261,제약,244460,올리패스
upjong,261,제약,284620,카이노스메드
upjong,261,제약,288330,파라택시스코리아
upjong,261,제약,222670,플럼라인생명과학
upjong,261,제약,080720,한국유니온제약
upjong,264,백화점과일반상점,452260,한화갤러리아
upjong,264,백화점과일반상점,023530,롯데쇼핑
upjong,264,백화점과일반상점,069960,현대백화점
upjong,264,백화점과일반상점,008770,호텔신라
upjong,264,백화점과일반상점,139480,이마트
upjong,264,백화점과일반상점,004170,신세계
upjong,264,백화점과일반상점,006370,대구백화점
upjong,264,백화점과일반상점,007070,GS리테일
upjong,264,백화점과일반상점,282330,BGF리테일
upjong,264,백화점과일반상점,067830,세이브존I&C
upjong,264,백화점과일반상점,037710,광주신세계
upjong,264,백화점과일반상점,950170,JTC
upjong,25,기타,252670,KODEX 200선물인버스2X
upjong,25,기타,114800,KODEX 인버스
upjong,25,기타,462330,KODEX 2차전지산업레버리지
upjong,25,기타,252710,TIGER 200선물인버스2X
upjong,25,기타,233740,KODEX 코스닥150레버리지
upjong,25,기타,251340,KODEX 코스닥150선물인버스
upjong,25,기타,360750,TIGER 미국S&P500
upjong,25,기타,379800,KODEX 미국S&P500
upjong,25,기타,229200,KODEX 코스닥150
upjong,25,기타,0193T0,KODEX SK하이닉스단일종목레버리지
upjong,25,기타,0197X0,SOL SK하이닉스선물단일종목인버스2X
upjong,25,기타,379810,KODEX 미국나스닥100
upjong,25,기타,069500,KODEX 200
upjong,25,기타,228790,TIGER 화장품
upjong,25,기타,122630,KODEX 레버리지
upjong,25,기타,232080,TIGER 코스닥150
upjong,25,기타,102110,TIGER 200
upjong,25,기타,412570,TIGER 2차전지TOP10레버리지
upjong,25,기타,0193W0,KODEX 삼성전자단일종목레버리지
upjong,25,기타,0167A0,SOL AI반도체TOP2플러스
upjong,25,기타,0195S0,TIGER SK하이닉스단일종목레버리지
upjong,25,기타,0195R0,TIGER 삼성전자단일종목레버리지
upjong,25,기타,487240,KODEX AI전력핵심설비
upjong,25,기타,498400,KODEX 200타겟위클리커버드콜
upjong,25,기타,396500,TIGER 반도체TOP10
upjong,25,기타,305720,KODEX 2차전지산업
upjong,25,기타,462010,TIGER 2차전지소재Fn
upjong,25,기타,455850,SOL AI반도체소부장
upjong,25,기타,0162Z0,RISE 삼성전자SK하이닉스채권혼합50
upjong,25,기타,0219E0,KODEX 200커버드콜액티브
upjong,25,기타,488080,TIGER 반도체TOP10레버리지
upjong,25,기타,364980,TIGER 2차전지TOP10
upjong,25,기타,0148J0,TIGER 코리아휴머노이드로봇산업
upjong,25,기타,395160,KODEX AI반도체TOP2플러스
upjong,25,기타,133690,TIGER 미국나스닥100
upjong,25,기타,0117V0,TIGER 코리아AI전력기기TOP3플러스
upjong,25,기타,494310,KODEX 반도체레버리지
upjong,25,기타,472150,TIGER 배당커버드콜액티브
upjong,25,기타,0008T0,SOL 화장품TOP3플러스
upjong,25,기타,0080G0,KODEX 방산TOP10
upjong,25,기타,475300,SOL 반도체전공정
upjong,25,기타,0177N0,KODEX 삼성전자SK하이닉스채권혼합50
upjong,25,기타,461950,KODEX 2차전지핵심소재10
upjong,25,기타,471990,KODEX AI반도체핵심장비
upjong,25,기타,0209D0,KODEX 전고체배터리ESS TOP2플러스
upjong,25,기타,148020,RISE 200
upjong,25,기타,0163Y0,KoAct 코스닥액티브
upjong,25,기타,271050,KODEX WTI원유선물인버스(H)
upjong,25,기타,0091P0,TIGER 코리아원자력
upjong,25,기타,0173Y0,KODEX 미국AI광통신네트워크
upjong,25,기타,475050,ACE KPOP포커스
upjong,25,기타,0094M0,RISE 코리아밸류업위클리고정커버드콜
upjong,25,기타,0246X0,SOL 글로벌DRAM반도체플러스
upjong,25,기타,360200,ACE 미국S&P500
upjong,25,기타,0005D0,SOL 전고체배터리&실리콘음극재
upjong,25,기타,117700,KODEX 건설
upjong,25,기타,329200,TIGER 리츠부동산인프라
upjong,25,기타,0182R0,1Q K반도체TOP2+
upjong,25,기타,233160,TIGER 코스닥150 레버리지
upjong,25,기타,0115D0,KODEX 조선TOP10
upjong,25,기타,0098F0,KODEX 원자력SMR
upjong,25,기타,361580,RISE 200TR
upjong,25,기타,0210A0,ACE K반도체TOP2+
upjong,25,기타,0177R0,TIGER 반도체TOP10커버드콜액티브
upjong,25,기타,0183J0,TIGER 미국우주테크
upjong,25,기타,0193L0,PLUS 삼성전자선물단일종목인버스2X
upjong,25,기타,395270,HANARO Fn K-반도체
upjong,25,기타,471760,TIGER AI반도체핵심공정
upjong,25,기타,381180,TIGER 미국필라델피아반도체나스닥
upjong,25,기타,091160,KODEX 반도체
upjong,25,기타,123310,TIGER 인버스
upjong,25,기타,458730,TIGER 미국배당다우존스
upjong,25,기타,253160,PLUS 200선물인버스2X
upjong,25,기타,486290,TIGER 미국나스닥100타겟데일리커버드콜
upjong,25,기타,455860,SOL 2차전지소부장Fn
upjong,25,기타,462900,KoAct 바이오헬스케어액티브
upjong,25,기타,105190,ACE 200
upjong,25,기타,0168K0,TIGER 기술이전바이오액티브
upjong,25,기타,0100K0,KODEX 방산TOP10레버리지
upjong,25,기타,475310,SOL 반도체후공정
upjong,25,기타,0072R0,TIGER KRX금현물
upjong,25,기타,305540,TIGER 2차전지테마
upjong,25,기타,367380,ACE 미국나스닥100
upjong,25,기타,487230,KODEX 미국AI전력핵심인프라
upjong,25,기타,0207G0,SOL 우주항공밸류체인
upjong,25,기타,453850,ACE 미국30년국채액티브(H)
upjong,25,기타,0220B0,DS 코스닥액티브
upjong,25,기타,498410,KODEX 금융고배당TOP10타겟위클리커버드콜
upjong,25,기타,476760,ACE 미국30년국채액티브
upjong,25,기타,364970,TIGER 바이오TOP10
upjong,25,기타,475720,RISE 200위클리커버드콜
upjong,25,기타,448330,KODEX 삼성전자채권혼합
upjong,25,기타,278530,KODEX 200TR
upjong,25,기타,0198A0,KIWOOM 코스닥150커버드콜액티브
upjong,25,기타,0167Z0,KODEX 미국우주항공
upjong,25,기타,442580,PLUS 글로벌HBM반도체
upjong,25,기타,152100,PLUS 200
upjong,25,기타,0186S0,1Q 코스닥150채권혼합50액티브
upjong,25,기타,244580,KODEX 바이오
upjong,25,기타,466920,SOL 조선TOP3플러스
upjong,25,기타,449190,KODEX 미국나스닥100(H)
upjong,25,기타,457990,PLUS 태양광&ESS
upjong,25,기타,316670,KIWOOM 코스닥150
upjong,25,기타,228810,TIGER 미디어컨텐츠
upjong,25,기타,252420,RISE 200선물인버스2X
upjong,25,기타,0167B0,SOL 200타겟위클리커버드콜
upjong,25,기타,390390,KODEX 미국반도체
upjong,25,기타,0048J0,KODEX 미국머니마켓액티브
upjong,25,기타,494300,KODEX 미국나스닥100데일리커버드콜OTM
upjong,25,기타,091170,KODEX 은행
upjong,25,기타,0101N0,RISE AI전력인프라
upjong,25,기타,459580,KODEX CD금리액티브(합성)
upjong,25,기타,463050,TIME K바이오액티브
upjong,25,기타,0190C0,RISE 현대차고정피지컬AI
upjong,25,기타,237370,KODEX 코리아배당성장채권혼합
upjong,25,기타,0204D0,KODEX 현대차로보틱스밸류체인TOP3플러스
upjong,25,기타,0183V0,KIWOOM 삼성전자&SK하이닉스채권혼합50
upjong,25,기타,0193G0,KoAct 코스피액티브
upjong,25,기타,469170,ACE 포스코그룹포커스
upjong,25,기타,0233J0,TIGER 삼성전자SK하이닉스미국채혼합50
upjong,25,기타,0080Y0,SOL 조선TOP3플러스레버리지
upjong,25,기타,491620,RISE 미국테크100데일리고정커버드콜
upjong,25,기타,476550,TIGER 미국30년국채커버드콜액티브(H)
upjong,25,기타,449180,KODEX 미국S&P500(H)
upjong,25,기타,441640,KODEX 미국배당커버드콜액티브
upjong,25,기타,411060,ACE KRX금현물
upjong,25,기타,465330,RISE 2차전지TOP10
upjong,25,기타,494670,TIGER 조선TOP10
upjong,25,기타,0233N0,RISE 글로벌AI낸드메모리반도체
upjong,25,기타,0241R0,TIGER 현대차LG전자고정피지컬AI밸류체인
upjong,25,기타,0046A0,TIGER 미국초단기(3개월이하)국채
upjong,25,기타,494890,KODEX 200액티브
upjong,25,기타,466940,TIGER 은행고배당플러스TOP10
upjong,25,기타,484880,SOL 금융지주플러스고배당
upjong,25,기타,448300,TIGER 미국나스닥100(H)
upjong,25,기타,488770,KODEX 머니마켓액티브
upjong,25,기타,0234N0,KIWOOM 삼성SK그룹TOP4+
upjong,25,기타,102970,KODEX 증권
upjong,25,기타,0015B0,KoAct 미국나스닥성장기업액티브
upjong,25,기타,426030,TIME 미국나스닥100액티브
upjong,25,기타,0225V0,KODEX 미국CPU반도체TOP10
upjong,25,기타,476260,HANARO 반도체핵심공정주도주
upjong,25,기타,438080,ACE 미국S&P500미국채혼합50액티브
upjong,25,기타,0239Z0,PLUS AI반도체소부장액티브
upjong,25,기타,465580,ACE 미국빅테크TOP7 Plus
upjong,25,기타,0240J0,RISE 삼성SK그룹
upjong,25,기타,381170,TIGER 미국테크TOP10 INDXX
upjong,25,기타,480020,ACE 미국빅테크7+데일리타겟커버드콜(합성)
upjong,25,기타,284430,KODEX 200미국채혼합50
upjong,25,기타,0162Y0,TIME 코스닥액티브
upjong,25,기타,069660,KIWOOM 200
upjong,25,기타,484790,KODEX 미국30년국채액티브(H)
upjong,25,기타,0238F0,KODEX 미국AI메모리TOP2플러스
upjong,25,기타,452250,ACE 미국30년국채선물레버리지(합성 H)
upjong,25,기타,434730,HANARO 원자력iSelect
upjong,25,기타,0206G0,1Q 현대차기아채권혼합50
upjong,25,기타,0123G0,TIGER 미국AI전력SMR
upjong,25,기타,139220,TIGER 200 건설
upjong,25,기타,0085P0,ACE 미국10년국채액티브
upjong,25,기타,292150,TIGER 코리아TOP10
upjong,25,기타,161510,PLUS 고배당주
upjong,25,기타,449450,PLUS K방산
upjong,25,기타,0181B0,HANARO 미국AI메모리반도체TOP4+
upjong,25,기타,463250,TIGER K방산&우주
upjong,25,기타,476800,KODEX 한국부동산리츠인프라
upjong,25,기타,0192T0,SOL 코스닥TOP10
upjong,25,기타,379780,RISE 미국S&P500
upjong,25,기타,102780,KODEX 삼성그룹
upjong,25,기타,490590,RISE 미국AI밸류체인데일리고정커버드콜
upjong,25,기타,497570,TIGER 미국필라델피아AI반도체나스닥
upjong,25,기타,489030,PLUS 고배당주위클리커버드콜
upjong,25,기타,144600,KODEX 은선물(H)
upjong,25,기타,446720,SOL 미국배당다우존스
upjong,25,기타,0069M0,1Q 미국나스닥100
upjong,25,기타,0199C0,ACE 고배당주Plus커버드콜액티브
upjong,25,기타,261070,TIGER 코스닥150바이오테크
upjong,25,기타,0190G0,KODEX 반도체타겟위클리커버드콜
upjong,25,기타,157500,TIGER 증권
upjong,25,기타,469070,RISE AI&로봇
upjong,25,기타,481060,KODEX 미국30년국채타겟커버드콜(합성 H)
upjong,25,기타,0019K0,TIME 미국나스닥100채권혼합50액티브
upjong,25,기타,0180V0,ACE 미국우주테크액티브
upjong,25,기타,250780,TIGER 코스닥150선물인버스
upjong,25,기타,469150,ACE AI반도체TOP3+
upjong,25,기타,364990,TIGER 게임TOP10
upjong,25,기타,217770,TIGER 원유선물인버스(H)
upjong,25,기타,482730,TIGER 미국S&P500타겟데일리커버드콜
upjong,25,기타,0040Y0,SOL 팔란티어커버드콜OTM채권혼합
upjong,25,기타,438100,ACE 미국나스닥100미국채혼합50액티브
upjong,25,기타,139260,TIGER 200 IT
upjong,25,기타,0223A0,RISE 코스닥커버드콜액티브
upjong,25,기타,0192S0,SOL 코스피200채권혼합50
upjong,25,기타,0142D0,TIGER 미국AI데이터센터TOP4Plus
upjong,25,기타,0105E0,SOL 코리아고배당
upjong,25,기타,0219B0,KoAct 광통신&위성네트워크액티브
upjong,25,기타,435420,TIGER 미국나스닥100채권혼합50
upjong,25,기타,418670,TIGER 글로벌AI사이버보안
upjong,25,기타,0104G0,PLUS K방산레버리지
upjong,25,기타,472160,TIGER 미국테크TOP10 INDXX(H)
upjong,25,기타,491820,HANARO 전력설비투자
upjong,25,기타,445290,KODEX 로봇액티브
upjong,25,기타,0048K0,KODEX 차이나휴머노이드로봇
upjong,25,기타,489250,KODEX 미국배당다우존스
upjong,25,기타,473330,SOL 미국30년국채커버드콜(합성)
upjong,25,기타,0182S0,1Q K반도체TOP2채권혼합50
upjong,25,기타,0177X0,ACE K휴머노이드로봇산업TOP2+
upjong,25,기타,0103T0,1Q K소버린AI
upjong,25,기타,447770,TIGER 테슬라채권혼합Fn
upjong,25,기타,458760,TIGER 미국배당다우존스타겟커버드콜2호
upjong,25,기타,329750,TIGER 미국달러단기채권액티브
upjong,25,기타,0083S0,1Q 미국메디컬AI
upjong,25,기타,480040,ACE 미국반도체데일리타겟커버드콜(합성)
upjong,25,기타,371160,TIGER 차이나항셍테크
upjong,25,기타,091230,TIGER 반도체
upjong,25,기타,0008S0,TIGER 미국배당다우존스타겟데일리커버드콜
upjong,25,기타,0239Y0,PLUS 코리아HBM반도체
upjong,25,기타,483280,KODEX 미국AI테크TOP10타겟커버드콜
upjong,25,기타,476750,ACE 미국30년국채엔화노출액티브(H)
upjong,25,기타,422420,RISE 2차전지액티브
upjong,25,기타,433500,ACE 원자력TOP10
upjong,25,기타,278240,RISE 코스닥150선물레버리지
upjong,25,기타,485540,KODEX 미국AI테크TOP10
upjong,25,기타,367760,RISE 네트워크인프라
upjong,25,기타,490490,SOL 미국배당미국채혼합50
upjong,25,기타,448630,RISE 삼성그룹Top3채권혼합
upjong,25,기타,418660,TIGER 미국나스닥100레버리지(합성)
upjong,25,기타,0197W0,SOL SK하이닉스단일종목레버리지
upjong,25,기타,402970,ACE 미국배당다우존스
upjong,25,기타,520100,미래에셋 레버리지 삼성전자 단일종목 ETN
upjong,25,기타,0226A0,PLUS SK하이닉스샌디스크채권혼합50
upjong,25,기타,291630,KIWOOM 코스닥150선물레버리지
upjong,25,기타,469830,SOL 초단기채권액티브
upjong,25,기타,0144L0,KODEX 미국성장커버드콜액티브
upjong,25,기타,377990,TIGER Fn신재생에너지
upjong,25,기타,0026S0,1Q 미국S&P500
upjong,25,기타,0025N0,TIGER TDF2045 적격
upjong,25,기타,294400,KIWOOM 200TR
upjong,25,기타,0132K0,PLUS 테슬라위클리커버드콜채권혼합
upjong,25,기타,123320,TIGER 레버리지
upjong,25,기타,368590,RISE 미국나스닥100
upjong,25,기타,457480,ACE 테슬라밸류체인액티브
upjong,25,기타,446770,ACE 글로벌반도체TOP4 Plus
upjong,25,기타,307520,TIGER 지주회사
upjong,25,기타,0204S0,TIGER 코스닥액티브
upjong,25,기타,0132H0,KODEX 미국원자력SMR
upjong,25,기타,226490,KODEX 코스피
upjong,25,기타,270810,RISE 코스닥150
upjong,25,기타,0184E0,1Q 200채권혼합50액티브
upjong,25,기타,0137V0,KIWOOM 미국S&P500모멘텀
upjong,25,기타,0210E0,PLUS 200커버드콜액티브
upjong,25,기타,0092B0,SOL 한국원자력SMR
upjong,25,기타,493810,TIGER 미국AI빅테크10타겟데일리커버드콜
upjong,25,기타,0218J0,RISE 미국우주&로봇TOP2미국채혼합50
upjong,25,기타,448290,TIGER 미국S&P500(H)
upjong,25,기타,465350,RISE 2차전지TOP10인버스(합성)
upjong,25,기타,385510,KODEX 신재생에너지액티브
upjong,25,기타,237350,KODEX 코스피100
upjong,25,기타,0093A0,RISE AI반도체TOP10
upjong,25,기타,251600,PLUS 고배당주채권혼합
upjong,25,기타,395290,HANARO Fn K-POP&미디어
upjong,25,기타,292560,TIGER 일본엔선물
upjong,25,기타,279530,KODEX 고배당주
upjong,25,기타,0043B0,TIGER 머니마켓액티브
upjong,25,기타,0151P0,RISE 코리아전략산업액티브
upjong,25,기타,472870,RISE 미국30년국채엔화노출(합성 H)
upjong,25,기타,479850,HANARO K-뷰티
upjong,25,기타,0141S0,SOL 조선기자재
upjong,25,기타,423920,TIGER 미국필라델피아반도체레버리지(합성)
upjong,25,기타,468380,KODEX iShares미국하이일드액티브
upjong,25,기타,0041E0,KODEX 미국S&P500액티브
upjong,25,기타,458250,TIGER 미국30년국채스트립액티브(합성 H)
upjong,25,기타,354500,ACE 코스닥150
upjong,25,기타,0023A0,SOL 미국양자컴퓨팅TOP10
upjong,25,기타,455890,RISE 머니마켓액티브
upjong,25,기타,140700,KODEX 보험
upjong,25,기타,452360,SOL 미국배당다우존스(H)
upjong,25,기타,225030,TIGER 미국S&P500선물인버스(H)
upjong,25,기타,491010,TIGER 글로벌AI전력인프라액티브
upjong,25,기타,357870,TIGER CD금리투자KIS(합성)
upjong,25,기타,371460,TIGER 차이나전기차SOLACTIVE
upjong,25,기타,0051G0,SOL 미국원자력SMR
upjong,25,기타,0085N0,ACE 미국10년국채액티브(H)
upjong,25,기타,0089D0,KODEX 금융고배당TOP10
upjong,25,기타,0222D0,KoAct 고배당액티브
upjong,25,기타,421320,PLUS 우주항공
upjong,25,기타,480030,ACE 미국500데일리타겟커버드콜(합성)
upjong,25,기타,448100,WON 200
upjong,25,기타,490600,RISE 미국배당100데일리고정커버드콜
upjong,25,기타,456600,TIME 글로벌AI인공지능액티브
upjong,25,기타,365000,TIGER 인터넷TOP10
upjong,25,기타,448540,ACE 엔비디아채권혼합
upjong,25,기타,138540,TIGER 현대차그룹플러스
upjong,25,기타,472170,TIGER 미국테크TOP10채권혼합
upjong,25,기타,0053L0,TIGER 차이나휴머노이드로봇
upjong,25,기타,261250,KODEX 미국달러선물레버리지
upjong,25,기타,423160,KODEX KOFR금리액티브(합성)
upjong,25,기타,451060,1Q 200액티브
upjong,25,기타,0172V0,1Q 은액티브
upjong,25,기타,409820,KODEX 미국나스닥100레버리지(합성 H)
upjong,25,기타,367770,RISE 수소경제테마
upjong,25,기타,0231Z0,KODEX 코리아TDF2065액티브 적격
upjong,25,기타,0104N0,TIGER 200타겟위클리커버드콜
upjong,25,기타,0224D0,KIWOOM 미국CPU반도체TOP4+
upjong,25,기타,0192M0,RISE 삼성전자단일종목레버리지
upjong,25,기타,453080,KIWOOM 미국나스닥100(H)
upjong,25,기타,475080,KODEX 테슬라커버드콜채권혼합액티브
upjong,25,기타,0052S0,1Q 미국S&P500미국채혼합50액티브
upjong,25,기타,091180,KODEX 자동차
upjong,25,기타,396520,TIGER 차이나반도체FACTSET
upjong,25,기타,0174B0,KoAct 글로벌AI메모리반도체액티브
upjong,25,기타,138530,TIGER LG그룹플러스
upjong,25,기타,0216Z0,ACE K방산TOP5+
upjong,25,기타,0090B0,PLUS K방산소부장
upjong,25,기타,261260,KODEX 미국달러선물인버스2X
upjong,25,기타,332500,ACE 200TR
upjong,25,기타,441800,TIME Korea플러스배당액티브
upjong,25,기타,442570,RISE TDF2050액티브 적격
upjong,25,기타,471780,TIGER 코리아테크액티브
upjong,25,기타,483290,KODEX 미국배당다우존스타겟커버드콜
upjong,25,기타,300950,KODEX 게임산업
upjong,25,기타,0194M0,ACE 삼성전자단일종목레버리지
upjong,25,기타,267770,TIGER 200선물레버리지
upjong,25,기타,243880,TIGER 200IT레버리지
upjong,25,기타,0111P0,1Q 미국나스닥100미국채혼합50액티브
upjong,25,기타,490090,TIGER 미국AI빅테크10
upjong,25,기타,466930,SOL 자동차TOP3플러스
upjong,25,기타,450910,SOL 코스닥150
upjong,25,기타,447620,SOL 미국TOP5채권혼합50
upjong,25,기타,0242S0,파워 SK그룹
upjong,25,기타,0066W0,SOL 국제금
upjong,25,기타,434060,KODEX TDF2050액티브 적격
upjong,25,기타,496080,TIGER 코리아밸류업
upjong,25,기타,0104H0,KoAct 미국나스닥채권혼합50액티브
upjong,25,기타,0153K0,KODEX 주주환원고배당주
upjong,25,기타,494220,UNICORN SK하이닉스밸류체인액티브
upjong,25,기타,0215T0,HANARO 미국AI광통신TOP10
upjong,25,기타,306530,HANARO 코스닥150선물레버리지
upjong,25,기타,0190Y0,TIGER 구글밸류체인
upjong,25,기타,0238P0,TIGER 미국S&P500미국채혼합50
upjong,25,기타,314250,KODEX 미국빅테크10(H)
upjong,25,기타,252410,RISE 200선물인버스
upjong,25,기타,0018C0,PLUS 고배당주위클리고정커버드콜
upjong,25,기타,0221Z0,ACE K바이오코스닥액티브
upjong,25,기타,0040X0,SOL 팔란티어미국채커버드콜혼합
upjong,25,기타,157490,TIGER 소프트웨어
upjong,25,기타,0162L0,KODEX 차이나AI반도체TOP10
upjong,25,기타,360150,KODEX 코스닥150롱코스피200숏선물
upjong,25,기타,388420,RISE 비메모리반도체액티브
upjong,25,기타,489000,PLUS 일본엔화초단기국채(합성)
upjong,25,기타,228800,TIGER 여행레저
upjong,25,기타,461490,RISE 글로벌자산배분액티브
upjong,25,기타,293180,HANARO 200
upjong,25,기타,145670,ACE 인버스
upjong,25,기타,495060,TIME 코리아밸류업액티브
upjong,25,기타,0216K0,KIWOOM 미국우주테크TOP2채권혼합50
upjong,25,기타,433330,SOL 미국S&P500
upjong,25,기타,0102A0,TIGER 미국AI소프트웨어TOP4Plus
upjong,25,기타,474800,KIWOOM 미국원유에너지기업
upjong,25,기타,497880,SOL CD금리&머니마켓액티브
upjong,25,기타,453810,KODEX 인도Nifty50
upjong,25,기타,0151S0,KODEX 미국AI반도체TOP3플러스
upjong,25,기타,0052D0,TIGER 코리아배당다우존스
upjong,25,기타,481340,RISE 미국30년국채액티브
upjong,25,기타,139230,TIGER 200 중공업
upjong,25,기타,0118S0,SOL 미국넥스트테크TOP10액티브
upjong,25,기타,0138Y0,PLUS 금채권혼합
upjong,25,기타,290130,RISE ESG사회책임투자
upjong,25,기타,429000,TIGER 미국S&P500배당귀족
upjong,25,기타,315960,RISE 대형고배당10TR
upjong,25,기타,0193K0,PLUS 삼성전자단일종목레버리지
upjong,25,기타,0166N0,PLUS 코스닥150액티브
upjong,25,기타,495850,KODEX 코리아밸류업
upjong,25,기타,0086B0,TIGER 리츠부동산인프라TOP10액티브
upjong,25,기타,481190,SOL 미국테크TOP10
upjong,25,기타,474220,TIGER 미국테크TOP10타겟커버드콜
upjong,25,기타,495050,RISE 코리아밸류업
upjong,25,기타,469050,RISE 미국반도체NYSE(H)
upjong,25,기타,372330,KODEX 차이나항셍테크
upjong,25,기타,305080,TIGER 미국채10년선물
upjong,25,기타,0131V0,1Q 미국우주항공테크
upjong,25,기타,482030,KoAct 반도체&2차전지핵심소재액티브
upjong,25,기타,0155M0,ACE 미국SMR원자력TOP10
upjong,25,기타,0038A0,KODEX 미국휴머노이드로봇
upjong,25,기타,0223R0,TIGER 미국테크NYSE100액티브
upjong,25,기타,0040S0,HANARO 글로벌피지컬AI액티브
upjong,25,기타,0190M0,KIWOOM 미국AI테크하이베타
upjong,25,기타,277630,TIGER 코스피
upjong,25,기타,0177A0,WON 두산그룹포커스
upjong,25,기타,481050,KODEX CD1년금리플러스액티브(합성)
upjong,25,기타,295040,SOL 200TR
upjong,25,기타,455030,KODEX 미국달러SOFR금리액티브(합성)
upjong,25,기타,474590,WON 반도체밸류체인액티브
upjong,25,기타,498270,KIWOOM 미국양자컴퓨팅
upjong,25,기타,483340,ACE 구글밸류체인액티브
upjong,25,기타,0227K0,RISE 미국우주위성통신
upjong,25,기타,453870,TIGER 인도니프티50
upjong,25,기타,0064K0,KODEX 금액티브
upjong,25,기타,360140,KODEX 200롱코스닥150숏선물
upjong,25,기타,261240,KODEX 미국달러선물
upjong,25,기타,0181L0,SOL 미국우주항공TOP10
upjong,25,기타,0224X0,1Q 엔비디아알파벳미국채혼합50
upjong,25,기타,0194T0,ACE SK하이닉스단일종목레버리지
upjong,25,기타,0000D0,TIGER 엔비디아미국채커버드콜밸런스(합성)
upjong,25,기타,456880,ACE 미국달러SOFR금리(합성)
upjong,25,기타,0041D0,KODEX 미국AI소프트웨어TOP10
upjong,25,기타,475630,TIGER CD1년금리액티브(합성)
upjong,25,기타,157450,TIGER 단기통안채
upjong,25,기타,483320,ACE 엔비디아밸류체인액티브
upjong,25,기타,476850,KoAct 배당성장액티브
upjong,25,기타,0228G0,ACE 반도체Plus전략산업
upjong,25,기타,261060,TIGER 코스닥150IT
upjong,25,기타,414270,ACE 글로벌자율주행액티브
upjong,25,기타,329650,KODEX TRF3070
upjong,25,기타,0233A0,ACE 삼성전자SK하이닉스플러스채권혼합50
upjong,25,기타,0000J0,PLUS 한화그룹주
upjong,25,기타,105010,TIGER 라틴35
upjong,25,기타,363580,KODEX 200IT TR
upjong,25,기타,0080X0,SOL 미국S&P500미국채혼합50
upjong,25,기타,310960,TIGER 200TR
upjong,25,기타,130730,KIWOOM 단기자금
upjong,25,기타,481180,SOL 미국AI소프트웨어
upjong,25,기타,300610,TIGER K게임
upjong,25,기타,190620,ACE 단기통안채
upjong,25,기타,0194N0,KIWOOM 삼성전자선물단일종목레버리지
upjong,25,기타,700030,하나 S&P 인버스 2X WTI원유 선물 ETN B
upjong,25,기타,0178H0,IBK 미국AI TOP10국채혼합50
upjong,25,기타,0192L0,RISE SK하이닉스단일종목레버리지
upjong,25,기타,464920,PLUS 일본반도체소부장
upjong,25,기타,308620,KODEX 미국10년국채선물
upjong,25,기타,466950,TIGER 글로벌AI액티브
upjong,25,기타,441680,TIGER 미국나스닥100커버드콜(합성)
upjong,25,기타,438320,TIGER 차이나항셍테크레버리지(합성 H)
upjong,25,기타,0154H0,KoAct 차이나바이오헬스케어액티브
upjong,25,기타,243890,TIGER 200에너지화학레버리지
upjong,25,기타,132030,KODEX 골드선물(H)
upjong,25,기타,472830,RISE 미국30년국채커버드콜(합성)
upjong,25,기타,486450,SOL 미국AI전력인프라
upjong,25,기타,266420,KODEX 헬스케어
upjong,25,기타,0105D0,SOL 한국AI소프트웨어
upjong,25,기타,261270,KODEX 미국달러선물인버스
upjong,25,기타,0111J0,HANARO 증권고배당TOP3플러스
upjong,25,기타,211900,KODEX 코리아배당성장
upjong,25,기타,490480,SOL K방산
upjong,25,기타,476030,SOL 미국나스닥100
upjong,25,기타,0082V0,KODEX TDF2060액티브 적격
upjong,25,기타,0074K0,KoAct K수출핵심기업TOP30액티브
upjong,25,기타,485690,RISE 미국AI밸류체인TOP3Plus
upjong,25,기타,227540,TIGER 200 헬스케어
upjong,25,기타,117680,KODEX 철강
upjong,25,기타,261220,KODEX WTI원유선물(H)
upjong,25,기타,219390,RISE 미국S&P원유생산기업(합성 H)
upjong,25,기타,449170,TIGER KOFR금리액티브(합성)
upjong,25,기타,409810,KODEX 미국나스닥100선물인버스(H)
upjong,25,기타,117460,KODEX 에너지화학
upjong,25,기타,278540,KODEX MSCI Korea TR
upjong,25,기타,0207Z0,KIWOOM 미국우주데이터센터인프라
upjong,25,기타,283580,KODEX 차이나CSI300
upjong,25,기타,466810,BNK 2차전지양극재
upjong,25,기타,0155N0,HANARO K휴머노이드테마TOP10
upjong,25,기타,463680,KODEX 미국S&P500테크놀로지
upjong,25,기타,429980,SOL 한국형글로벌전기차&2차전지액티브
upjong,25,기타,0119H0,KODEX 28-12 회사채(AA-이상)액티브
upjong,25,기타,0176E0,RISE 미국AI전력인프라액티브
upjong,25,기타,477050,PLUS 머니마켓액티브
upjong,25,기타,114820,TIGER 국채3년
upjong,25,기타,0220A0,KIWOOM 현대차그룹TOP3채권혼합50
upjong,25,기타,304660,KODEX 미국30년국채울트라선물(H)
upjong,25,기타,449780,KIWOOM 미국S&P500(H)
upjong,25,기타,302450,RISE 코스피
upjong,25,기타,0185L0,TIME 글로벌휴머노이드로봇산업액티브
upjong,25,기타,0166S0,PLUS K제조업핵심기업액티브
upjong,25,기타,0043Y0,TIME 차이나AI테크액티브
upjong,25,기타,460960,ACE 글로벌인컴TOP10
upjong,25,기타,227550,TIGER 200 산업재
upjong,25,기타,468630,KODEX iShares미국투자등급회사채액티브
upjong,25,기타,0184V0,UNICORN K바이오액티브
upjong,25,기타,160580,TIGER 구리실물
upjong,25,기타,0219Z0,HANARO 미국S&P500액티브
upjong,25,기타,495230,KoAct 코리아밸류업액티브
upjong,25,기타,520090,미래에셋 천연가스 선물 ETN B
upjong,25,기타,139240,TIGER 200 철강소재
upjong,25,기타,433980,KODEX TDF2040액티브 적격
upjong,25,기타,488500,TIGER 미국S&P500동일가중
upjong,25,기타,415920,PLUS 글로벌희토류&전략자원생산기업
upjong,25,기타,0057H0,PLUS 미국S&P500미국채혼합50액티브
upjong,25,기타,0227L0,HANARO 미국에이전틱AI TOP2+
upjong,25,기타,304940,KODEX 미국나스닥100선물(H)
upjong,25,기타,426020,TIME 미국S&P500액티브
upjong,25,기타,451530,TIGER 국고채30년스트립액티브
upjong,25,기타,0113P0,HK 머니마켓액티브
upjong,25,기타,0007G0,PLUS 글로벌원자력밸류체인
upjong,25,기타,266360,KODEX K콘텐츠
upjong,25,기타,475380,RISE 글로벌리얼티인컴
upjong,25,기타,329660,KODEX TRF5050
upjong,25,기타,385550,RISE 단기채권알파액티브
upjong,25,기타,461900,PLUS 미국테크TOP10
upjong,25,기타,453330,RISE 미국S&P500(H)
upjong,25,기타,289480,TIGER 200커버드콜
upjong,25,기타,479620,SOL 미국AI반도체칩메이커
upjong,25,기타,241180,TIGER 일본니케이225
upjong,25,기타,228820,TIGER KTOP30
upjong,25,기타,152500,ACE 레버리지
upjong,25,기타,139250,TIGER 200 에너지화학
upjong,25,기타,0198D0,1Q SK하이닉스선물단일종목레버리지
upjong,25,기타,139270,TIGER 200 금융
upjong,25,기타,464610,SOL 의료기기소부장Fn
upjong,25,기타,291620,KIWOOM 코스닥150선물인버스
upjong,25,기타,442320,RISE 글로벌원자력
upjong,25,기타,091220,TIGER 은행
upjong,25,기타,0022T0,SOL 국제금커버드콜액티브
upjong,25,기타,0150K0,KoAct 수소전력ESS인프라액티브
upjong,25,기타,122090,PLUS 코스피50
upjong,25,기타,192090,TIGER 차이나CSI300
upjong,25,기타,0060H0,TIGER 토탈월드스탁액티브
upjong,25,기타,251350,KODEX MSCI선진국
upjong,25,기타,253240,KIWOOM 200선물인버스
upjong,25,기타,245340,TIGER 미국다우존스30
upjong,25,기타,385720,TIME 코스피액티브
upjong,25,기타,371470,TIGER 차이나바이오테크SOLACTIVE
upjong,25,기타,484890,SOL 머니마켓액티브
upjong,25,기타,493420,SOL 미국배당다우존스2호
upjong,25,기타,423170,SOL 글로벌AI반도체탑픽액티브
upjong,25,기타,478150,TIME 글로벌우주테크&방산액티브
upjong,25,기타,292160,TIGER KRX300
upjong,25,기타,245710,ACE 베트남VN30(합성)
upjong,25,기타,433970,KODEX TDF2030액티브 적격
upjong,25,기타,0144M0,KODEX 미국드론UAM TOP10
upjong,25,기타,471040,KoAct 글로벌AI&로봇액티브
upjong,25,기타,395280,HANARO Fn K-게임
upjong,25,기타,0036R0,RISE 미국휴머노이드로봇
upjong,25,기타,0127P0,ACE 미국대형성장주액티브
upjong,25,기타,381570,HANARO Fn친환경에너지
upjong,25,기타,0047A0,TIGER 차이나테크TOP10
upjong,25,기타,130680,TIGER 원유선물Enhanced(H)
upjong,25,기타,0023B0,PLUS 미국양자컴퓨팅TOP10
upjong,25,기타,0127R0,RISE 미국AI클라우드인프라
upjong,25,기타,0203S0,WON 삼성전자현대차채권혼합50
upjong,25,기타,203780,TIGER 미국나스닥바이오
upjong,25,기타,0176P0,FOCUS AI반도체위클리고정커버드콜
upjong,25,기타,0005G0,IBK K-AI반도체코어테크
upjong,25,기타,266410,KODEX 필수소비재
upjong,25,기타,0203D0,PLUS 200위클리커버드콜채권혼합
upjong,25,기타,473490,KIWOOM 글로벌AI반도체
upjong,25,기타,442560,RISE TDF2040액티브 적격
upjong,25,기타,447660,PLUS 애플채권혼합
upjong,25,기타,479520,RISE KOFR금리액티브(합성)
upjong,25,기타,0067Y0,TIGER 차이나AI소프트웨어
upjong,25,기타,410870,TIME K컬처액티브
upjong,25,기타,0049K0,ACE 미국배당퀄리티채권혼합50
upjong,25,기타,0098N0,PLUS 자사주매입고배당주
upjong,25,기타,456610,TIGER 미국달러SOFR금리액티브(합성)
upjong,25,기타,446700,RISE 배터리 리사이클링
upjong,25,기타,440640,ACE 단기채권알파액티브
upjong,25,기타,475350,RISE 버크셔포트폴리오TOP10
upjong,25,기타,122260,KIWOOM 통안채1년
upjong,25,기타,494340,ACE 글로벌AI맞춤형반도체
upjong,25,기타,138910,KODEX 구리선물(H)
upjong,25,기타,271060,KODEX 3대농산물선물(H)
upjong,25,기타,0013P0,RISE 미국은행TOP10
upjong,25,기타,150460,TIGER 중국소비테마
upjong,25,기타,266370,KODEX IT
upjong,25,기타,0198B0,1Q 삼성전자선물단일종목레버리지
upjong,25,기타,0049M0,ACE 미국배당퀄리티+커버드콜액티브
upjong,25,기타,465660,TIGER 일본반도체FACTSET
upjong,25,기타,0208N0,IBK 코스피액티브
upjong,25,기타,213610,KODEX 삼성그룹밸류
upjong,25,기타,483330,ACE 마이크로소프트밸류체인액티브
upjong,25,기타,140710,KODEX 운송
upjong,25,기타,473590,ACE 미국주식베스트셀러
upjong,25,기타,494420,PLUS 미국배당증가성장주데일리커버드콜
upjong,25,기타,364960,TIGER BBIG
upjong,25,기타,256440,ACE MSCI인도네시아(합성)
upjong,25,기타,444490,WON 미국S&P500
upjong,25,기타,411540,SOL 200 Top10
upjong,25,기타,440340,TIGER 글로벌멀티에셋TIF액티브
upjong,25,기타,0118Z0,ACE 미국AI테크핵심산업액티브
upjong,25,기타,464470,PLUS 미국채30년액티브
upjong,25,기타,395150,KODEX 웹툰&드라마
upjong,25,기타,414780,TIGER 차이나과창판STAR50(합성)
upjong,25,기타,453640,KODEX 미국S&P500헬스케어
upjong,25,기타,204450,KODEX 차이나H레버리지(H)
upjong,25,기타,0079X0,ACE BYD밸류체인액티브
upjong,25,기타,0138D0,RISE 동학개미
upjong,25,기타,458750,TIGER 미국배당다우존스타겟커버드콜1호
upjong,25,기타,394670,TIGER 글로벌리튬&2차전지SOLACTIVE(합성)
upjong,25,기타,412560,TIGER BBIG레버리지
upjong,25,기타,441540,HANARO Fn조선해운
upjong,25,기타,433880,PLUS TDF2060액티브 적격
upjong,25,기타,306520,HANARO 200선물인버스
upjong,25,기타,530130,삼성 S&P500 VIX S/T 선물 ETN B
upjong,25,기타,570120,한투 레버리지천연가스선물 ETN C
upjong,25,기타,0174J0,DAISHIN 오피스리츠플러스
upjong,25,기타,469060,RISE 미국반도체NYSE
upjong,25,기타,0094L0,RISE 차이나테크TOP10위클리타겟커버드콜
upjong,25,기타,0191B0,MIDAS 코스닥액티브
upjong,25,기타,272580,TIGER 단기채권액티브
upjong,25,기타,266160,RISE 고배당
upjong,25,기타,494330,ACE 라이프자산주주가치액티브
upjong,25,기타,385560,RISE KIS국고채30년Enhanced
upjong,25,기타,487340,ACE 머니마켓액티브
upjong,25,기타,444200,SOL 코리아메가테크액티브
upjong,25,기타,440650,ACE 미국달러단기채권액티브
upjong,25,기타,0194R0,KIWOOM SK하이닉스선물단일종목레버리지
upjong,25,기타,473640,HANARO 글로벌금채굴기업
upjong,25,기타,476690,TIGER 글로벌비만치료제TOP2Plus
upjong,25,기타,104530,KIWOOM 코리아고배당
upjong,25,기타,275750,RISE 코스닥150선물인버스
upjong,25,기타,429760,PLUS 미국S&P500
upjong,25,기타,143860,TIGER 헬스케어
upjong,25,기타,0115E0,KODEX 코리아소버린AI
upjong,25,기타,0186L0,KoAct 미국로봇피지컬AI액티브
upjong,25,기타,473460,KODEX 미국서학개미
upjong,25,기타,0229F0,마이티 신약포커스바이오액티브
upjong,25,기타,0093D0,KoAct 팔란티어밸류체인액티브
upjong,25,기타,0113D0,TIME 글로벌탑픽액티브
upjong,25,기타,465670,TIGER 미국캐시카우100
upjong,25,기타,411420,KODEX 미국나스닥AI테크액티브
upjong,25,기타,273130,KODEX 종합채권(AA-이상)액티브
upjong,25,기타,388280,RISE K엔터&여행레저
upjong,25,기타,438330,TIGER 우량회사채액티브
upjong,25,기타,438900,HANARO Fn K-푸드
upjong,25,기타,0113G0,KoAct 미국바이오헬스케어액티브
upjong,25,기타,195980,PLUS 신흥국MSCI(합성 H)
upjong,25,기타,437350,RISE 미국단기투자등급회사채액티브
upjong,25,기타,479080,1Q 머니마켓액티브
upjong,25,기타,332940,HANARO MSCI Korea TR
upjong,25,기타,497780,KoAct 미국천연가스인프라액티브
upjong,25,기타,461580,TIGER 코스닥글로벌
upjong,25,기타,0035T0,PLUS 글로벌휴머노이드로봇액티브
upjong,25,기타,419420,KODEX 미국클린에너지나스닥
upjong,25,기타,453950,TIGER TSMC파운드리밸류체인
upjong,25,기타,300640,RISE 게임테마
upjong,25,기타,480310,TIGER 글로벌온디바이스AI
upjong,25,기타,337120,KODEX 멀티팩터
upjong,25,기타,464310,TIGER 글로벌AI&로보틱스 INDXX
upjong,25,기타,0152E0,SOL 배당성향탑픽액티브
upjong,25,기타,494840,TIGER 미국방산TOP10
upjong,25,기타,101280,KODEX 일본TOPIX100
upjong,25,기타,270800,RISE KQ고배당
upjong,25,기타,457690,KODEX 33-06 국고채액티브
upjong,25,기타,381560,HANARO Fn전기&수소차
upjong,25,기타,329670,KODEX TRF7030
upjong,25,기타,322400,HANARO e커머스
upjong,25,기타,0000H0,KODEX 인도Nifty미드캡100
upjong,25,기타,419650,PLUS 글로벌수소&차세대연료전지
upjong,25,기타,238670,PLUS 스마트베타Quality채권혼합
upjong,25,기타,379790,RISE 유로스탁스50(H)
upjong,25,기타,218420,KODEX 미국S&P500에너지(합성)
upjong,25,기타,399580,RISE 글로벌클린에너지
upjong,25,기타,114260,KODEX 국고채3년
upjong,25,기타,491700,HK 200
upjong,25,기타,0020H0,KoAct 글로벌양자컴퓨팅액티브
upjong,25,기타,491090,KODEX 미국테크TOP3플러스
upjong,25,기타,463290,1Q 단기금융채액티브
upjong,25,기타,326240,RISE IT플러스
upjong,25,기타,245360,TIGER 차이나HSCEI
upjong,25,기타,290080,RISE 200고배당커버드콜ATM
upjong,25,기타,447430,ACE 주주환원가치주액티브
upjong,25,기타,139290,TIGER 200 경기소비재
upjong,25,기타,483020,KIWOOM 의료AI
upjong,25,기타,153130,KODEX 단기채권
upjong,25,기타,137610,TIGER 농산물선물Enhanced(H)
upjong,25,기타,0128D0,PLUS 차이나항셍테크위클리타겟커버드콜
upjong,25,기타,354240,RISE 미국고정배당우선증권
upjong,25,기타,399110,SOL 미국S&P500ESG
upjong,25,기타,0138T0,RISE 미국S&P500데일리고정커버드콜
upjong,25,기타,214980,KODEX 단기채권PLUS
upjong,25,기타,437370,RISE 글로벌농업경제
upjong,25,기타,455960,RISE 미국달러SOFR금리액티브(합성)
upjong,25,기타,0065G0,KODEX 차이나테크TOP10
upjong,25,기타,275980,TIGER 글로벌4차산업혁신기술(합성 H)
upjong,25,기타,477080,RISE CD금리액티브(합성)
upjong,25,기타,454320,HANARO CAPEX설비투자iSelect
upjong,25,기타,453650,KODEX 미국S&P500금융
upjong,25,기타,0120J0,BNK 카카오그룹포커스
upjong,25,기타,499660,TIGER CD금리플러스액티브(합성)
upjong,25,기타,315930,KODEX Top5PlusTR
upjong,25,기타,437080,KODEX 미국종합채권ESG액티브(H)
upjong,25,기타,0191S0,IBK 코스닥150
upjong,25,기타,446690,KODEX 아시아AI반도체exChina액티브
upjong,25,기타,0139P0,ACE 고배당주
upjong,25,기타,395170,KODEX Top10동일가중
upjong,25,기타,245350,TIGER 유로스탁스배당30
upjong,25,기타,0154F0,WON 초대형IB&금융지주
upjong,25,기타,473290,KODEX 26-12 회사채(AA-이상)액티브
upjong,25,기타,365040,TIGER AI코리아그로스액티브
upjong,25,기타,0046Y0,ACE 미국배당퀄리티
upjong,25,기타,0117L0,KODEX 26-12 금융채(AA-이상)액티브
upjong,25,기타,156080,KODEX MSCI Korea
upjong,25,기타,0053M0,더제이 중소형포커스액티브
upjong,25,기타,0153X0,PLUS 미국고배당주액티브
upjong,25,기타,269540,PLUS 미국S&P500(H)
upjong,25,기타,322410,HANARO K고배당
upjong,25,기타,469160,ACE 일본반도체
upjong,25,기타,139320,TIGER 금은선물(H)
upjong,25,기타,371450,TIGER 글로벌클라우드컴퓨팅INDXX
upjong,25,기타,0218K0,BNK 스마트카
upjong,25,기타,445150,KODEX 친환경조선해운액티브
upjong,25,기타,138520,TIGER 삼성그룹
upjong,25,기타,475280,ACE 8월만기자동연장회사채AA-이상액티브
upjong,25,기타,0093B0,RISE 엔비디아고정테크100
upjong,25,기타,0189B0,TIGER 은액티브
upjong,25,기타,385590,ACE ESG액티브
upjong,25,기타,495550,SOL 코리아밸류업TR
upjong,25,기타,453630,KODEX 미국S&P500필수소비재
upjong,25,기타,487950,KODEX 대만테크고배당다우존스
upjong,25,기타,456250,KODEX 유럽명품TOP10 STOXX
upjong,25,기타,494210,SOL 미국500타겟데일리커버드콜액티브
upjong,25,기타,479730,TIGER 인도빌리언컨슈머
upjong,25,기타,0226G0,WON 피지컬AI TOP2플러스액티브
upjong,25,기타,495330,1Q 코리아밸류업
upjong,25,기타,416090,ACE 중국과창판STAR50
upjong,25,기타,491830,TIGER 미국AI반도체팹리스
upjong,25,기타,0004G0,1Q 미국배당TOP30
upjong,25,기타,219480,KODEX 미국S&P500선물(H)
upjong,25,기타,099140,KODEX 차이나H
upjong,25,기타,352540,KODEX 일본부동산리츠(H)
upjong,25,기타,205720,ACE 일본TOPIX인버스(합성 H)
upjong,25,기타,292050,RISE KRX300
upjong,25,기타,368190,HANARO Fn K-뉴딜디지털플러스
upjong,25,기타,401470,KODEX 메타버스액티브
upjong,25,기타,276970,KODEX 미국S&P500배당귀족커버드콜(합성 H)
upjong,25,기타,449580,RISE 테슬라애플아마존채권혼합
upjong,25,기타,272560,RISE 단기국공채액티브
upjong,25,기타,230480,KIWOOM 미국달러선물인버스2X
upjong,25,기타,319640,TIGER 골드선물(H)
upjong,25,기타,182480,TIGER 미국MSCI리츠(합성 H)
upjong,25,기타,253290,RISE 헬스케어채권혼합
upjong,25,기타,496020,WON 전단채플러스액티브
upjong,25,기타,496770,PLUS 글로벌방산
upjong,25,기타,304770,HANARO 코스닥150
upjong,25,기타,471230,KODEX 국고채10년액티브
upjong,25,기타,459560,KODEX 테슬라밸류체인FactSet
upjong,25,기타,464600,SOL 자동차소부장Fn
upjong,25,기타,428510,KODEX 차이나AI테크액티브
upjong,25,기타,498860,RISE 코리아금융고배당
upjong,25,기타,210780,TIGER 코스피고배당
upjong,25,기타,277640,TIGER 코스피대형주
upjong,25,기타,380340,ACE 코리아AI테크핵심산업
upjong,25,기타,200250,KIWOOM 인도Nifty50(합성)
upjong,25,기타,211560,TIGER 배당성장
upjong,25,기타,0226D0,FOCUS 금융반도체지주채권혼합50액티브
upjong,25,기타,0088N0,WON K-글로벌수급상위
upjong,25,기타,485810,TIME 글로벌바이오액티브
upjong,25,기타,365780,ACE 국고채10년
upjong,25,기타,337160,KODEX 200ESG
upjong,25,기타,489860,KIWOOM 글로벌전력GRID인프라
upjong,25,기타,0102X0,ACE 유럽방산TOP10
upjong,25,기타,261120,TIGER 미국달러선물인버스2X
upjong,25,기타,610100,메리츠 레버리지 은 선물 ETN(H)
upjong,25,기타,461450,KODEX 코스닥글로벌
upjong,25,기타,0238C0,IBK 한미대표기업TOP2+채권혼합50액티브
upjong,25,기타,305050,ACE 코스피
upjong,25,기타,0133E0,TIGER 차이나증권
upjong,25,기타,0089B0,PLUS 미국나스닥100미국채혼합50
upjong,25,기타,475070,KoAct 글로벌친환경전력인프라액티브
upjong,25,기타,419890,KIWOOM 단기채권ESG액티브
upjong,25,기타,413930,WON AI ESG액티브
upjong,25,기타,460660,RISE 미국S&P배당킹
upjong,25,기타,440910,WON 미국우주항공방산
upjong,25,기타,176950,KODEX 국채선물10년인버스
upjong,25,기타,442550,RISE TDF2030액티브 적격
upjong,25,기타,385600,ACE 2차전지&친환경차액티브
upjong,25,기타,0047R0,RISE 팔란티어고정테크100
upjong,25,기타,491630,RISE 미국반도체인버스(합성 H)
upjong,25,기타,459750,RISE 글로벌주식분산액티브
upjong,25,기타,429740,PLUS K리츠
upjong,25,기타,275300,KODEX 우량주
upjong,25,기타,152380,KODEX 국채선물10년
upjong,25,기타,580070,KB 레버리지 2차전지 TOP 10 TR ETN
upjong,25,기타,476070,KODEX 글로벌비만치료제TOP2 Plus
upjong,25,기타,225040,TIGER 미국S&P500레버리지(합성 H)
upjong,25,기타,451540,TIGER 종합채권(AA-이상)액티브
upjong,25,기타,407310,HANARO 200 TOP10
upjong,25,기타,461340,HANARO 글로벌생성형AI액티브
upjong,25,기타,486830,HANARO 머니마켓액티브
upjong,25,기타,273140,KODEX 단기변동금리부채권액티브
upjong,25,기타,139280,TIGER 경기방어
upjong,25,기타,530140,삼성 iSelect 레버리지 조선 TOP10 TR ETN
upjong,25,기타,241390,RISE V&S셀렉트밸류채권혼합
upjong,25,기타,453820,KODEX 인도Nifty50레버리지(합성)
upjong,25,기타,489290,WON 미국빌리어네어
upjong,25,기타,427120,RISE AI플랫폼
upjong,25,기타,495040,PLUS 코리아밸류업
upjong,25,기타,277540,ACE 아시아TOP50
upjong,25,기타,463640,KODEX 미국S&P500유틸리티
upjong,25,기타,465610,ACE 미국빅테크TOP7 Plus레버리지(합성)
upjong,25,기타,439870,KODEX 국고채30년액티브
upjong,25,기타,417450,RISE 글로벌수소경제
upjong,25,기타,325020,KODEX 배당가치
upjong,25,기타,229720,KODEX KTOP30
upjong,25,기타,309230,ACE 미국WideMoat동일가중
upjong,25,기타,102960,KODEX 기계장비
upjong,25,기타,400970,TIGER Fn메타버스
upjong,25,기타,238720,ACE 일본Nikkei225(H)
upjong,25,기타,461910,PLUS 미국테크TOP10레버리지(합성)
upjong,25,기타,498050,HANARO 바이오코리아액티브
upjong,25,기타,196030,ACE 일본TOPIX레버리지(H)
upjong,25,기타,337140,KODEX 코스피대형주
upjong,25,기타,456680,TIGER 차이나전기차레버리지(합성)
upjong,25,기타,310970,TIGER MSCI Korea TR
upjong,25,기타,352560,KODEX 미국부동산리츠(H)
upjong,25,기타,195970,PLUS 선진국MSCI(합성 H)
upjong,25,기타,166400,TIGER 200커버드콜OTM
upjong,25,기타,412770,TIGER 글로벌AI플랫폼액티브
upjong,25,기타,239660,PLUS 우량회사채50
upjong,25,기타,385520,KODEX 자율주행액티브
upjong,25,기타,491610,1Q CD금리액티브(합성)
upjong,25,기타,0137W0,KIWOOM 미국S&P500&GOLD
upjong,25,기타,0015E0,KIWOOM 엔비디아미국30년국채혼합액티브(H)
upjong,25,기타,428560,KODEX 미국ETF산업Top10 Indxx
upjong,25,기타,341850,TIGER 리츠부동산인프라채권
upjong,25,기타,404120,TIME K신재생에너지액티브
upjong,25,기타,497510,ACE 글로벌빅파마
upjong,25,기타,0164G0,RISE 차이나AI반도체TOP4Plus
upjong,25,기타,0097L0,KIWOOM 한국고배당&미국AI테크
upjong,25,기타,0036Z0,RISE 미국천연가스밸류체인
upjong,25,기타,0007N0,아이엠에셋 200
upjong,25,기타,310080,RISE 중국MSCI China(H)
upjong,25,기타,0104P0,TIGER 코리아배당다우존스위클리커버드콜
upjong,25,기타,0015F0,KIWOOM 팔란티어미국30년국채혼합액티브(H)
upjong,25,기타,307510,TIGER 의료기기
upjong,25,기타,185680,KODEX 미국S&P바이오(합성)
upjong,25,기타,0051A0,KoAct 브로드컴밸류체인액티브
upjong,25,기타,445910,TIGER MKF배당귀족
upjong,25,기타,461460,PLUS 국고채10년액티브
upjong,25,기타,140950,파워 코스피100
upjong,25,기타,483570,KCGI 미국S&P500 TOP10
upjong,25,기타,148070,KIWOOM 국고채10년
upjong,25,기타,0107F0,KIWOOM 미국고배당&AI테크
upjong,25,기타,0047P0,RISE 테슬라고정테크100
upjong,25,기타,359210,KODEX 코스피TR
upjong,25,기타,301400,PLUS 코스닥150
upjong,25,기타,219900,ACE 중국본토CSI300레버리지(합성)
upjong,25,기타,195930,TIGER 유로스탁스50(합성 H)
upjong,25,기타,487130,KoAct AI인프라액티브
upjong,25,기타,226980,KODEX 200 중소형
upjong,25,기타,252400,RISE 200선물레버리지
upjong,25,기타,200030,KODEX 미국S&P500산업재(합성)
upjong,25,기타,139660,KIWOOM 미국달러선물인버스
upjong,25,기타,415760,SOL 차이나육성산업액티브(합성)
upjong,25,기타,419430,KODEX 차이나2차전지MSCI(합성)
upjong,25,기타,480260,TIGER 27-04회사채(A+이상)액티브
upjong,25,기타,402460,HANARO Fn K-메타버스MZ
upjong,25,기타,391670,HK 베스트일레븐액티브
upjong,25,기타,0184N0,PLUS 은채권혼합
upjong,25,기타,435540,KIWOOM TDF2040액티브 적격
upjong,25,기타,458210,KIWOOM CD금리액티브(합성)
upjong,25,기타,500030,신한 인버스 2X 은 선물 ETN(H)
upjong,25,기타,495750,HANARO 코리아밸류업
upjong,25,기타,306950,KODEX KRX300레버리지
upjong,25,기타,136340,RISE 중기우량회사채
upjong,25,기타,105780,RISE 5대그룹주
upjong,25,기타,261140,TIGER 우선주
upjong,25,기타,287180,PLUS 미국나스닥테크
upjong,25,기타,471460,KIWOOM 국고채30년액티브
upjong,25,기타,213630,PLUS 미국다우존스고배당주(합성 H)
upjong,25,기타,276990,KODEX 글로벌로봇(합성)
upjong,25,기타,401170,RISE 메타버스
upjong,25,기타,0174R0,KIWOOM 미국성장다우존스
upjong,25,기타,0002C0,에셋플러스 인도일등기업포커스20액티브
upjong,25,기타,0018Z0,RISE 미국양자컴퓨팅
upjong,25,기타,488480,RISE 일본섹터TOP4Plus
upjong,25,기타,364690,KODEX 혁신기술테마액티브
upjong,25,기타,250730,RISE 차이나HSCEI(H)
upjong,25,기타,284980,RISE 200금융
upjong,25,기타,491230,PLUS 국공채머니마켓액티브
upjong,25,기타,253250,KIWOOM 200선물레버리지
upjong,25,기타,261110,TIGER 미국달러선물레버리지
upjong,25,기타,248270,TIGER S&P글로벌헬스케어(합성)
upjong,25,기타,196230,RISE 단기통안채
upjong,25,기타,464930,TIGER 글로벌혁신블루칩TOP10
upjong,25,기타,269420,KODEX S&P글로벌인프라(합성)
upjong,25,기타,298770,KODEX 한국대만IT프리미어
upjong,25,기타,138920,KODEX 콩선물(H)
upjong,25,기타,0222F0,마이티 AI데이터센터밸류체인
upjong,25,기타,385710,TIME K이노베이션액티브
upjong,25,기타,476450,KIWOOM 머니마켓액티브
upjong,25,기타,0078V0,PLUS 미국로보택시
upjong,25,기타,0047N0,PLUS 차이나AI테크TOP10
upjong,25,기타,0094K0,TIGER 28-04 회사채(A+이상)액티브
upjong,25,기타,394660,TIGER 글로벌자율주행&전기차SOLACTIVE
upjong,25,기타,457700,KODEX 53-09 국고채액티브
upjong,25,기타,453060,HANARO KOFR금리액티브(합성)
upjong,25,기타,483030,KIWOOM 미국블록버스터바이오테크의약품+
upjong,25,기타,168580,ACE 중국본토CSI300
upjong,25,기타,192720,파워 고배당저변동성
upjong,25,기타,449770,KIWOOM 미국S&P500
upjong,25,기타,251590,PLUS 고배당저변동50
upjong,25,기타,488290,MIDAS 일본테크액티브
upjong,25,기타,225800,KIWOOM 미국달러선물레버리지
upjong,25,기타,570100,한투 일본종합상사TOP5 ETN
upjong,25,기타,227570,TIGER 우량가치
upjong,25,기타,458260,TIGER 미국투자등급회사채액티브(H)
upjong,25,기타,280940,KODEX 골드선물인버스(H)
upjong,25,기타,0214M0,MIDAS 바이오헬스케어액티브
upjong,25,기타,494410,PLUS 미국S&P500성장주
upjong,25,기타,0094X0,1Q 샤오미밸류체인액티브
upjong,25,기타,0061Z0,RISE 단기특수은행채액티브
upjong,25,기타,204480,TIGER 차이나CSI300레버리지(합성)
upjong,25,기타,451600,PLUS 국고채30년액티브
upjong,25,기타,147970,TIGER 모멘텀
upjong,25,기타,487920,ACE 인도시장대표BIG5그룹액티브
upjong,25,기타,321410,KODEX 멀티에셋하이인컴(H)
upjong,25,기타,487750,BNK 온디바이스AI
upjong,25,기타,487910,ACE 인도컨슈머파워액티브
upjong,25,기타,453660,KODEX 미국S&P500경기소비재
upjong,25,기타,292190,KODEX KRX300
upjong,25,기타,0082F0,HANARO 유럽방산
upjong,25,기타,0115C0,RISE 미국고배당다우존스TOP10
upjong,25,기타,415340,KODEX 차이나과창판STAR50(합성)
upjong,25,기타,0131A0,SOL 차이나소비트렌드
upjong,25,기타,131890,ACE 삼성그룹동일가중
upjong,25,기타,0028X0,KODEX 미국금융테크액티브
upjong,25,기타,0172Y0,ACE K수출핵심TOP10산업액티브
upjong,25,기타,490330,KoAct 미국치매&뇌질환치료제액티브
upjong,25,기타,174360,RISE 중국본토대형주CSI100
upjong,25,기타,117690,TIGER 차이나항셍30
upjong,25,기타,0123S0,HANARO 26-12 은행채(AA+이상)액티브
upjong,25,기타,334690,RISE 팔라듐선물(H)
upjong,25,기타,461600,SOL 미국30년국채액티브(H)
upjong,25,기타,0086C0,TIGER 리츠부동산인프라10채권혼합액티브
upjong,25,기타,195920,TIGER 일본TOPIX(합성 H)
upjong,25,기타,0087F0,ACE 차이나AI빅테크TOP2+액티브
upjong,25,기타,435040,ACE 글로벌브랜드TOP10
upjong,25,기타,438560,SOL 국고채3년
upjong,25,기타,256750,KODEX 차이나심천ChiNext(합성)
upjong,25,기타,138230,KIWOOM 미국달러선물
upjong,25,기타,183700,RISE 200채권혼합50
upjong,25,기타,302190,TIGER 중장기국채
upjong,25,기타,332930,HANARO 200TR
upjong,25,기타,140570,RISE 수출주
upjong,25,기타,0114X0,RISE 글로벌게임테크TOP3Plus
upjong,25,기타,450190,KODEX 한중반도체(합성)
upjong,25,기타,332620,PLUS 미국장기우량회사채
upjong,25,기타,182490,TIGER 단기선진하이일드(합성 H)
upjong,25,기타,237440,TIGER 경기방어채권혼합
upjong,25,기타,404260,KODEX 기후변화솔루션
upjong,25,기타,108450,ACE 삼성그룹섹터가중
upjong,25,기타,153270,KIWOOM 코스피100
upjong,25,기타,407820,에셋플러스 코리아플랫폼액티브
upjong,25,기타,0127T0,KIWOOM 미국S&P500&배당다우존스비중전환
upjong,25,기타,276000,TIGER 글로벌자원생산기업(합성 H)
upjong,25,기타,227560,TIGER 200 생활소비재
upjong,25,기타,497520,ACE 일라이릴리밸류체인
upjong,25,기타,104520,KIWOOM 블루칩
upjong,25,기타,0005C0,RISE 미국S&P500엔화노출(합성 H)
upjong,25,기타,304780,HANARO 200선물레버리지
upjong,25,기타,432840,HANARO 미국S&P500
upjong,25,기타,469790,KIWOOM 코리아테크TOP10
upjong,25,기타,472840,IBK 200
upjong,25,기타,495940,RISE 미국AI테크액티브
upjong,25,기타,463690,KODEX 미국S&P500커뮤니케이션
upjong,25,기타,436140,SOL 종합채권(AA-이상)액티브
upjong,25,기타,316300,ACE 싱가포르리츠
upjong,25,기타,143850,TIGER 미국S&P500선물(H)
upjong,25,기타,0127V0,KIWOOM 미국S&P500 TOP10&배당다우비중전환
upjong,25,기타,499150,SOL 미국S&P500엔화노출(H)
upjong,25,기타,0112X0,마이티 200TR
upjong,25,기타,400570,KODEX 유럽탄소배출권선물ICE(H)
upjong,25,기타,435550,KIWOOM TDF2050액티브 적격
upjong,25,기타,371150,RISE 차이나항셍테크
upjong,25,기타,437070,KODEX 아시아달러채권ESG플러스액티브
upjong,25,기타,463300,RISE 중국본토CSI300
upjong,25,기타,480460,WON 한국부동산TOP3플러스
upjong,25,기타,434960,DAISHIN K200
upjong,25,기타,376410,TIGER 탄소효율그린뉴딜
upjong,25,기타,387280,TIGER 퓨처모빌리티액티브
upjong,25,기타,0162M0,KODEX 금융채1~2년(AA-이상)PLUS액티브
upjong,25,기타,0008E0,ACE 미국중심중소형제조업
upjong,25,기타,314700,HANARO 농업융복합산업
upjong,25,기타,325010,KODEX 성장주
upjong,25,기타,411860,KIWOOM 독일DAX
upjong,25,기타,456200,PLUS 미국달러SOFR금리액티브(합성)
upjong,25,기타,227830,PLUS 코스피
upjong,25,기타,0067V0,TIGER 차이나글로벌리더스TOP3+
upjong,25,기타,295000,RISE 국채선물10년
upjong,25,기타,458030,WON 국공채머니마켓액티브
upjong,25,기타,496120,ACE 코리아밸류업
upjong,25,기타,0016X0,SOL 중단기회사채(A-이상)액티브
upjong,25,기타,500100,신한 금 선물 ETN
upjong,25,기타,266390,KODEX 경기소비재
upjong,25,기타,477730,KODEX 인도타타그룹
upjong,25,기타,100910,KIWOOM KRX100
upjong,25,기타,0084D0,KIWOOM 미국테크100월간목표헤지액티브
upjong,25,기타,269530,PLUS S&P글로벌인프라
upjong,25,기타,0153P0,ACE 리츠부동산인프라액티브
upjong,25,기타,385540,RISE 종합채권(A-이상)액티브
upjong,25,기타,252650,KODEX 200동일가중
upjong,25,기타,476000,UNICORN 포스트IPO액티브
upjong,25,기타,253150,PLUS 200선물레버리지
upjong,25,기타,367740,HANARO Fn5G산업
upjong,25,기타,407830,에셋플러스 글로벌플랫폼액티브
upjong,25,기타,304670,KODEX 미국30년국채울트라선물인버스(H)
upjong,25,기타,396510,TIGER 차이나클린에너지SOLACTIVE
upjong,25,기타,226380,ACE Fn성장소비주도주
upjong,25,기타,225130,ACE 골드선물 레버리지(합성 H)
upjong,25,기타,371870,ACE 차이나항셍테크
upjong,25,기타,474920,에셋플러스 차이나일등기업포커스10액티브
upjong,25,기타,0127M0,ACE 미국대형가치주액티브
upjong,25,기타,244620,KODEX 모멘텀Plus
upjong,25,기타,0001P0,마이티 바이오시밀러&CDMO액티브
upjong,25,기타,433220,에셋플러스 글로벌대장장이액티브
upjong,25,기타,375270,RISE 글로벌데이터센터리츠(합성)
upjong,25,기타,0131W0,1Q 단기특수은행채액티브
upjong,25,기타,472720,TRUSTON 주주가치액티브
upjong,25,기타,174350,TIGER 로우볼
upjong,25,기타,277650,TIGER 코스피중형주
upjong,25,기타,387270,TIGER 글로벌이노베이션액티브
upjong,25,기타,0132D0,KoAct 글로벌K컬처밸류체인액티브
upjong,25,기타,610090,메리츠 일본 국채 10년 ETN
upjong,25,기타,453010,PLUS KOFR금리
upjong,25,기타,253280,RISE 헬스케어
upjong,25,기타,550100,N2 인버스 2X 천연가스 선물 ETN
upjong,25,기타,289670,PLUS 국채선물10년
upjong,25,기타,413220,SOL 차이나태양광CSI(합성)
upjong,25,기타,470310,UNICORN 생성형AI강소기업액티브
upjong,25,기타,438740,MIDAS 중소형액티브
upjong,25,기타,373790,KIWOOM 미국방어배당성장나스닥
upjong,25,기타,373490,KODEX 코리아혁신성장액티브
upjong,25,기타,391600,ACE 미국친환경그린테마
upjong,25,기타,334700,RISE 팔라듐선물인버스(H)
upjong,25,기타,152870,파워 200
upjong,25,기타,473440,ACE 11월만기자동연장회사채AA-이상액티브
upjong,25,기타,114100,RISE 국고채3년
upjong,25,기타,417630,TIGER KEDI혁신기업ESG30
upjong,25,기타,390400,KODEX 미국스마트모빌리티S&P
upjong,25,기타,276650,RISE 글로벌테크놀로지(합성 H)
upjong,25,기타,225050,TIGER 유로스탁스레버리지(합성 H)
upjong,25,기타,356540,ACE 종합채권(AA-이상)액티브
upjong,25,기타,0050E0,PLUS 미국AI에이전트
upjong,25,기타,269370,TIGER S&P글로벌인프라(합성)
upjong,25,기타,291890,KODEX MSCI EM선물(H)
upjong,25,기타,430500,KIWOOM 물가채KIS
upjong,25,기타,275280,KODEX 모멘텀주
upjong,25,기타,217780,TIGER 차이나CSI300인버스(합성)
upjong,25,기타,315270,TIGER 200커뮤니케이션서비스
upjong,25,기타,0089C0,KODEX 미국S&P500변동성확대시커버드콜
upjong,25,기타,181480,ACE 미국부동산리츠(합성 H)
upjong,25,기타,491220,PLUS 200TR
upjong,25,기타,332610,PLUS 미국단기회사채(AAA~A)
upjong,25,기타,451670,RISE 국채30년레버리지(합성)
upjong,25,기타,496130,TRUSTON 코리아밸류업액티브
upjong,25,기타,275290,KODEX 가치주
upjong,25,기타,236350,TIGER 인도니프티50레버리지(합성)
upjong,25,기타,477490,에셋플러스 글로벌일등기업포커스10액티브
upjong,25,기타,0073X0,FOCUS 알리바바미국채커버드콜혼합
upjong,25,기타,498610,RISE 인도디지털성장
upjong,25,기타,442090,에셋플러스 코리아대장장이액티브
upjong,25,기타,442260,마이티 다이나믹퀀트액티브
upjong,25,기타,354350,HANARO 글로벌럭셔리S&P(합성)
upjong,25,기타,0099L0,ACE 우량회사채(AA-이상)액티브
upjong,25,기타,435530,KIWOOM TDF2030액티브 적격
upjong,25,기타,114460,ACE 국고채3년
upjong,25,기타,429010,TIGER 미국나스닥넥스트100
upjong,25,기타,267490,RISE 미국장기국채선물레버리지(합성 H)
upjong,25,기타,438570,SOL 국고채10년
upjong,25,기타,0139F0,TIGER 12월자동연장금융채(AA-이상)액티브
upjong,25,기타,114470,KIWOOM 국고채3년
upjong,25,기타,363570,KODEX 장기종합채권(AA-이상)액티브
upjong,25,기타,530120,삼성 나스닥 100 TR ETN
upjong,25,기타,0221V0,IBK 초단기채권액티브
upjong,25,기타,223190,KODEX 200가치저변동
upjong,25,기타,451000,PLUS 종합채권(AA-이상)액티브
upjong,25,기타,140580,RISE 우량업종대표주
upjong,25,기타,486240,DAISHIN AI반도체&인프라액티브
upjong,25,기타,291130,ACE MSCI멕시코(합성)
upjong,25,기타,472920,HK 종합채권(AA-이상)액티브
upjong,25,기타,0084E0,KIWOOM 미국대형주500월간목표헤지액티브
upjong,25,기타,278620,PLUS 단기채권액티브
upjong,25,기타,108590,TREX 200
upjong,25,기타,169950,KODEX 차이나A50
upjong,25,기타,0052T0,1Q 중단기회사채(A-이상)액티브
upjong,25,기타,500040,신한 레버리지 구리 선물 ETN
upjong,25,기타,760010,키움 2차전지산업 ETN
upjong,25,기타,279540,KODEX 최소변동성
upjong,25,기타,0122W0,RISE 26-11 회사채(AA-이상)액티브
upjong,25,기타,0015K0,TIGER 미국소비트렌드액티브
upjong,25,기타,474390,SOL 국고채30년액티브
upjong,25,기타,261920,ACE MSCI필리핀(합성)
upjong,25,기타,496090,KIWOOM 코리아밸류업
upjong,25,기타,304760,HANARO KRX300
upjong,25,기타,244670,KODEX 밸류Plus
upjong,25,기타,465620,ACE 미국빅테크TOP7 Plus인버스(합성)
upjong,25,기타,368680,KODEX K-뉴딜디지털플러스
upjong,25,기타,395760,PLUS ESG성장주액티브
upjong,25,기타,375760,HANARO 탄소효율그린뉴딜
upjong,25,기타,280920,PLUS 주도업종
upjong,25,기타,491510,파워 K-주주가치액티브
upjong,25,기타,476310,RISE 글로벌비만산업TOP2+
upjong,25,기타,281990,RISE 중소형고배당
upjong,25,기타,403790,MIDAS 코스피액티브
upjong,25,기타,488720,WON 종합채권(AA-이상)액티브
upjong,25,기타,328370,PLUS 코스피TR
upjong,25,기타,272570,RISE 중장기국공채액티브
upjong,25,기타,488980,SOL 26-12 회사채(AA-이상)액티브
upjong,25,기타,400580,SOL 유럽탄소배출권선물S&P(H)
upjong,25,기타,494180,TIME 글로벌소비트렌드액티브
upjong,25,기타,0017Y0,1Q 종합채권(AA-이상)액티브
upjong,25,기타,439860,KODEX ESG종합채권(A-이상)액티브
upjong,25,기타,291680,RISE 차이나H선물인버스(H)
upjong,25,기타,570110,한투 3X레버리지국채30년 ETN
upjong,25,기타,280320,ACE 미국IT인터넷(합성 H)
upjong,25,기타,459790,KIWOOM 미국성장기업30액티브
upjong,25,기타,454780,KIWOOM 종합채권(AA-이상)액티브
upjong,25,기타,225060,TIGER 이머징마켓MSCI레버리지(합성 H)
upjong,25,기타,395750,PLUS ESG가치주액티브
upjong,25,기타,256450,PLUS 심천차이넥스트(합성)
upjong,25,기타,183710,RISE 주식혼합
upjong,25,기타,252000,TIGER 200동일가중
upjong,25,기타,461500,HANARO 종합채권(AA-이상)액티브
upjong,25,기타,267440,RISE 미국장기국채선물(H)
upjong,25,기타,404540,TIGER KRX기후변화솔루션
upjong,25,기타,433250,UNICORN R&D 액티브
upjong,25,기타,610070,메리츠 KAP 인버스 2X 일본 엔화 ETN
upjong,25,기타,492500,1Q 현대차그룹채권(A+이상)&국고통안
upjong,25,기타,448570,FOCUS AI코리아액티브
upjong,25,기타,215620,HK S&P코리아로우볼
upjong,25,기타,0026E0,KODEX 미국S&P500버퍼3월액티브
upjong,25,기타,404650,SOL KRX기후변화솔루션
upjong,25,기타,289250,TIGER MSCI KOREA ESG유니버설
upjong,25,기타,445690,BNK 주주가치액티브
upjong,25,기타,481430,RISE 국고채10년액티브
upjong,25,기타,426150,WON 대한민국국고채액티브
upjong,25,기타,475260,ACE 2월만기자동연장회사채AA-이상액티브
upjong,25,기타,0189Z0,DAISHIN 금융&지주고배당
upjong,25,기타,0068M0,KODEX 미국S&P500버퍼6월액티브
upjong,25,기타,298340,PLUS 국채선물3년
upjong,25,기타,0184L0,PLUS 중기종합채권(A-이상)액티브
upjong,25,기타,326230,RISE 내수주플러스
upjong,25,기타,462340,에셋플러스 글로벌다이나믹시니어액티브
upjong,25,기타,0135Y0,IBK 중기종합채권(AA-이상)액티브
upjong,25,기타,337150,KODEX 200exTOP
upjong,25,기타,375770,KODEX 탄소효율그린뉴딜
upjong,25,기타,449690,TIGER 한중반도체(합성)
upjong,25,기타,159800,마이티 코스피100
upjong,25,기타,0000Y0,HK 26-12 회사채(AA-이상)액티브
upjong,25,기타,0166T0,PLUS 글로벌저작권핵심기업액티브
upjong,25,기타,448490,HANARO 32-10 국고채액티브
upjong,25,기타,401590,HANARO 글로벌탄소배출권선물ICE(합성)
upjong,25,기타,580010,KB Wise 분할매매 ETN
upjong,25,기타,580090,KB 솔랙티브 인버스 2X 금 선물 ETN
upjong,25,기타,580080,KB 인버스 은 선물 ETN
upjong,25,기타,189400,PLUS 글로벌MSCI(합성 H)
upjong,25,기타,234310,RISE V&S셀렉트밸류
upjong,25,기타,282000,RISE 국고채3년선물인버스
upjong,25,기타,295020,RISE 국채선물10년인버스
upjong,25,기타,336160,RISE 금융채액티브
upjong,25,기타,469530,RISE 미국달러선물인버스
upjong,25,기타,289260,TIGER MSCI KOREA ESG리더스
upjong,25,기타,0106J0,대신 KOSPI200인덱스 X클래스
upjong,25,기타,610080,메리츠 멕시코 페소화 ETN
upjong,25,기타,520080,미래에셋 미국 테크&반도체 TOP3 ETN
upjong,25,기타,500050,신한 레버리지 S&P500 선물 ETN
upjong,25,기타,451150,에셋플러스 글로벌영에이지액티브
upjong,25,기타,570050,한투 S&P500선물 ETN
upjong,25,기타,475270,ACE 5월만기자동연장회사채AA-이상액티브
upjong,25,기타,580050,KB 차이나 과창판 STAR 50 ETN
upjong,25,기타,167860,KIWOOM 국고채10년레버리지
upjong,25,기타,289040,KODEX MSCI KOREA ESG유니버설
upjong,25,기타,244660,KODEX 퀄리티Plus
upjong,25,기타,450180,KODEX 한중전기차(합성)
upjong,25,기타,0232A0,MIDAS 머니마켓액티브
upjong,25,기타,266550,PLUS 중형주저변동50
upjong,25,기타,432600,RISE 국채선물3년
upjong,25,기타,220130,SOL 차이나강소기업CSI500(합성 H)
upjong,25,기타,449680,TIGER 한중전기차(합성)
upjong,25,기타,272910,ACE 중장기국공채액티브
upjong,25,기타,0193M0,BNK 27-12 특수채(AAA이상)액티브
upjong,25,기타,457930,BNK 미래전략기술액티브
upjong,25,기타,0098Z0,FOCUS 200
upjong,25,기타,285690,FOCUS ESG리더스
upjong,25,기타,407300,HANARO Fn골프테마
upjong,25,기타,0191W0,HANARO 중기종합채권(A-이상)액티브
upjong,25,기타,580060,KB 레버리지 미국채 10년 ETN
upjong,25,기타,292770,KODEX 국채선물3년인버스
upjong,25,기타,550070,N2 인버스 레버리지 구리 선물 ETN(H)
upjong,25,기타,267450,RISE 미국장기국채선물인버스(H)
upjong,25,기타,0092C0,SOL 27-12 회사채(AA-이상)액티브
upjong,25,기타,363510,SOL KIS단기통안채
upjong,25,기타,292500,SOL KRX300
upjong,25,기타,400590,SOL 글로벌탄소배출권선물ICE(합성)
upjong,25,기타,0141T0,SOL 중기종합채권(AA-이상)액티브
upjong,25,기타,0192Z0,TIGER 중기종합채권(A-이상)액티브
upjong,25,기타,145850,TREX 펀더멘탈 200
upjong,25,기타,0203R0,WON 중단기종합채권(A-이상)액티브
upjong,25,기타,0191M0,마이티 5월만기자동연장특수채(AAA)액티브
upjong,25,기타,610030,메리츠 S&P 유럽탄소배출권 선물 ETN(H)
upjong,25,기타,610040,메리츠 인버스 2X 미국채30년 ETN(H)
upjong,25,기타,610060,메리츠 인버스 3X 국채10년 ETN
upjong,25,기타,610020,메리츠 인버스 국채10년 ETN
upjong,25,기타,530060,삼성 코스피 양매도 5% OTM ETN
upjong,25,기타,0120X0,유진 챔피언중단기크레딧 X클래스
upjong,25,기타,498180,파워 종합채권(AA-이상)액티브
upjong,25,기타,570090,한투 KIS CD금리투자 ETN
upjong,25,기타,570130,한투 인버스2X베트남VN30선물 ETN(H) B
upjong,25,기타,570070,한투 인버스2X플래티넘선물 ETN
upjong,25,기타,265690,ACE 러시아MSCI(합성)
upjong,280,부동산,005110,한창
upjong,280,부동산,034830,한국토지신탁
upjong,280,부동산,432320,KB스타리츠
upjong,280,부동산,210980,SK디앤디
upjong,280,부동산,417310,코람코더원리츠
upjong,280,부동산,365550,ESR켄달스퀘어리츠
upjong,280,부동산,338100,NH프라임리츠
upjong,280,부동산,330590,롯데리츠
upjong,280,부동산,395400,SK리츠
upjong,280,부동산,377190,디앤디플랫폼리츠
upjong,280,부동산,094800,맵스리얼티
upjong,280,부동산,123890,한국자산신탁
upjong,280,부동산,396690,미래에셋글로벌리츠
upjong,280,부동산,357120,코람코라이프인프라리츠
upjong,280,부동산,400760,NH올원리츠
upjong,280,부동산,404990,신한서부티엔디리츠
upjong,280,부동산,293940,신한알파리츠
upjong,280,부동산,145270,케이탑리츠
upjong,280,부동산,033560,블루콤
upjong,280,부동산,001000,신라섬유
upjong,280,부동산,357430,마스턴프리미어리츠
upjong,280,부동산,334890,이지스밸류플러스리츠
upjong,280,부동산,0030R0,대신밸류리츠
upjong,280,부동산,357250,미래에셋맵스리츠
upjong,280,부동산,350520,이지스레지던스리츠
upjong,280,부동산,088260,이리츠코크렙
upjong,280,부동산,481850,신한글로벌액티브리츠
upjong,280,부동산,448730,삼성FN리츠
upjong,280,부동산,451800,한화리츠
upjong,280,부동산,015020,이스타코
upjong,280,부동산,348950,제이알글로벌리츠
upjong,283,전기제품,043260,성호전자
upjong,283,전기제품,033790,피노
upjong,283,전기제품,452190,한빛레이저
upjong,283,전기제품,042370,비츠로테크
upjong,283,전기제품,417200,LS머트리얼즈
upjong,283,전기제품,267320,나인테크
upjong,283,전기제품,224060,더코디
upjong,283,전기제품,001820,삼화콘덴서
upjong,283,전기제품,101670,하이드로리튬
upjong,283,전기제품,037030,파워넷
upjong,283,전기제품,222080,SFA넥셀
upjong,283,전기제품,012340,뉴인텍
upjong,283,전기제품,247540,에코프로비엠
upjong,283,전기제품,066970,엘앤에프
upjong,283,전기제품,126730,코칩
upjong,283,전기제품,091580,상신이디피
upjong,283,전기제품,361610,SK아이이테크놀로지
upjong,283,전기제품,450080,에코프로머티
upjong,283,전기제품,006400,삼성SDI
upjong,283,전기제품,217820,원익피앤이
upjong,283,전기제품,393890,더블유씨피
upjong,283,전기제품,243840,신흥에스이씨
upjong,283,전기제품,373220,LG에너지솔루션
upjong,283,전기제품,259630,엠플러스
upjong,283,전기제품,058610,에스피지
upjong,283,전기제품,382900,범한퓨얼셀
upjong,283,전기제품,348370,엔켐
upjong,283,전기제품,082920,비츠로셀
upjong,283,전기제품,469750,아이비젼웍스
upjong,283,전기제품,042110,에스씨디
upjong,283,전기제품,137400,피엔티
upjong,283,전기제품,014910,성문전자
upjong,283,전기제품,302430,이노메트리
upjong,283,전기제품,0011T0,채비
upjong,283,전기제품,036010,아비코전자
upjong,283,전기제품,452200,민테크
upjong,283,전기제품,240600,유진테크놀로지
upjong,283,전기제품,416180,신성에스티
upjong,283,전기제품,079810,APS이노베이션
upjong,283,전기제품,036830,솔브레인홀딩스
upjong,283,전기제품,382840,원준
upjong,283,전기제품,378340,필에너지
upjong,283,전기제품,009470,삼화전기
upjong,283,전기제품,458650,성우
upjong,283,전기제품,083930,아바코
upjong,283,전기제품,382480,지아이텍
upjong,283,전기제품,432470,케이엔에스
upjong,283,전기제품,107600,새빗켐
upjong,283,전기제품,365340,성일하이텍
upjong,283,전기제품,002230,피에스텍
upjong,283,전기제품,005680,삼영전자
upjong,283,전기제품,079960,동양이엔피
upjong,283,전기제품,278280,천보
upjong,283,전기제품,413390,엠오티
upjong,283,전기제품,273640,와이엠텍
upjong,283,전기제품,288620,에스프리즘
upjong,283,전기제품,257370,피엔티엠에스
upjong,283,전기제품,148930,에이치와이티씨
upjong,283,전기제품,043590,웰킵스하이텍
upjong,283,전기제품,452400,이닉스
upjong,283,전기제품,377330,이지트로닉스
upjong,283,전기제품,0070X0,에스테크엠
upjong,283,전기제품,232530,이엠티
upjong,283,전기제품,393970,대진첨단소재
upjong,283,전기제품,412540,제일엠앤에스
upjong,283,전기제품,313760,캐리
upjong,321,증권,001510,SK증권
upjong,321,증권,006800,미래에셋증권
upjong,321,증권,003530,한화투자증권
upjong,321,증권,005940,NH투자증권
upjong,321,증권,016360,삼성증권
upjong,321,증권,001200,유진투자증권
upjong,321,증권,003470,유안타증권
upjong,321,증권,030210,다올투자증권
upjong,321,증권,071050,한국금융지주
upjong,321,증권,138040,메리츠금융지주
upjong,321,증권,023590,다우기술
upjong,321,증권,039490,키움증권
upjong,321,증권,032190,다우데이타
upjong,321,증권,001290,상상인증권
upjong,321,증권,016610,DB증권
upjong,321,증권,001500,현대차증권
upjong,321,증권,000680,LS네트웍스
upjong,321,증권,003540,대신증권
upjong,321,증권,078020,LS증권
upjong,321,증권,003460,유화증권
upjong,321,증권,064820,케이프
upjong,321,증권,030610,교보증권
upjong,321,증권,001750,한양증권
upjong,321,증권,239340,이스트에이드
upjong,321,증권,001720,신영증권
upjong,321,증권,190650,코리아에셋투자증권
upjong,321,증권,001270,부국증권
upjong,325,전기유틸리티,015760,한국전력
upjong,325,전기유틸리티,052690,한전기술
upjong,325,전기유틸리티,130660,한전산업
upjong,325,전기유틸리티,051600,한전KPS
upjong,325,전기유틸리티,453450,그리드위즈
upjong,270,자동차부품,005030,부산주공
upjong,270,자동차부품,018880,한온시스템
upjong,270,자동차부품,125490,한라캐스트
upjong,270,자동차부품,012860,모베이스전자
upjong,270,자동차부품,073240,금호타이어
upjong,270,자동차부품,419050,삼기에너지솔루션즈
upjong,270,자동차부품,437730,삼현
upjong,270,자동차부품,010580,에스엠벡셀
upjong,270,자동차부품,122350,삼기
upjong,270,자동차부품,126640,화신정공
upjong,270,자동차부품,204320,HL만도
upjong,270,자동차부품,012200,계양전기
upjong,270,자동차부품,065500,오리엔트정공
upjong,270,자동차부품,354320,알멕
upjong,270,자동차부품,004100,태양금속
upjong,270,자동차부품,092200,디아이씨
upjong,270,자동차부품,047400,유니온머티리얼
upjong,270,자동차부품,006660,삼성공조
upjong,270,자동차부품,012330,현대모비스
upjong,270,자동차부품,018500,동원모빌리티
upjong,270,자동차부품,085910,네오티스
upjong,270,자동차부품,101330,모베이스
upjong,270,자동차부품,011330,유니켐
upjong,270,자동차부품,900070,글로벌에스엠
upjong,270,자동차부품,310870,디와이씨
upjong,270,자동차부품,041020,폴라리스오피스
upjong,270,자동차부품,123040,엠에스오토텍
upjong,270,자동차부품,009900,명신산업
upjong,270,자동차부품,161390,한국타이어앤테크놀로지
upjong,270,자동차부품,010690,화신
upjong,270,자동차부품,015750,성우하이텍
upjong,270,자동차부품,007340,DN오토모티브
upjong,270,자동차부품,212560,네오오토
upjong,270,자동차부품,067570,엔브이에이치코리아
upjong,270,자동차부품,013520,화승코퍼레이션
upjong,270,자동차부품,024740,한일단조
upjong,270,자동차부품,000430,대원강업
upjong,270,자동차부품,002920,유성기업
upjong,270,자동차부품,002350,넥센타이어
upjong,270,자동차부품,053700,삼보모터스
upjong,270,자동차부품,090080,평화산업
upjong,270,자동차부품,0015S0,페스카로
upjong,270,자동차부품,019180,티에이치엔
upjong,270,자동차부품,038110,에코플라스틱
upjong,270,자동차부품,053060,세동
upjong,270,자동차부품,066590,스모트로닉
upjong,270,자동차부품,013310,아진산업
upjong,270,자동차부품,118990,모트렉스
upjong,270,자동차부품,003570,SNT다이내믹스
upjong,270,자동차부품,123410,코리아에프티
upjong,270,자동차부품,130500,GH신소재
upjong,270,자동차부품,033250,체시스
upjong,270,자동차부품,113810,디젠스
upjong,270,자동차부품,010100,한국무브넥스
upjong,270,자동차부품,448900,한국피아이엠
upjong,270,자동차부품,011210,현대위아
upjong,270,자동차부품,024900,디와이덕양
upjong,270,자동차부품,100250,진양홀딩스
upjong,270,자동차부품,128540,에코캡
upjong,270,자동차부품,004490,세방전지
upjong,270,자동차부품,011320,유니크
upjong,270,자동차부품,005720,넥센
upjong,270,자동차부품,146060,율촌
upjong,270,자동차부품,031510,오스템
upjong,270,자동차부품,009320,아진전자부품
upjong,270,자동차부품,271940,일진하이솔루스
upjong,270,자동차부품,463480,모티브링크
upjong,270,자동차부품,092780,DYP
upjong,270,자동차부품,089470,HDC현대EP
upjong,270,자동차부품,012280,영화금속
upjong,270,자동차부품,033310,엠투엔
upjong,270,자동차부품,005850,에스엘
upjong,270,자동차부품,336680,탑런토탈솔루션
upjong,270,자동차부품,064960,SNT모티브
upjong,270,자동차부품,078590,휴림에이텍
upjong,270,자동차부품,122690,서진오토모티브
upjong,270,자동차부품,000240,한국앤컴퍼니
upjong,270,자동차부품,038880,아이에이
upjong,270,자동차부품,024910,경창산업
upjong,270,자동차부품,016740,두올
upjong,270,자동차부품,005710,대원산업
upjong,270,자동차부품,013720,청보
upjong,270,자동차부품,013570,디와이
upjong,270,자동차부품,170030,현대공업
upjong,270,자동차부품,331740,아우토크립트
upjong,270,자동차부품,080470,성창오토텍
upjong,270,자동차부품,023800,인지컨트롤스
upjong,270,자동차부품,033530,SJG세종
upjong,270,자동차부품,075180,새론오토모티브
upjong,270,자동차부품,215360,우리산업
upjong,270,자동차부품,214330,금호에이치티
upjong,270,자동차부품,043370,피에이치에이
upjong,270,자동차부품,200880,서연이화
upjong,270,자동차부품,001420,태원물산
upjong,270,자동차부품,105550,엣지파운드리
upjong,270,자동차부품,104040,디에스엠
upjong,270,자동차부품,010770,평화홀딩스
upjong,270,자동차부품,007860,서연
upjong,270,자동차부품,424960,스마트레이더시스템
upjong,270,자동차부품,041930,SY동아
upjong,270,자동차부품,001620,케이비아이동국실업
upjong,270,자동차부품,048430,유라테크
upjong,270,자동차부품,097780,에코볼트
upjong,270,자동차부품,025540,한국단자
upjong,270,자동차부품,024830,세원물산
upjong,270,자동차부품,036530,SNT홀딩스
upjong,270,자동차부품,241690,유니테크노
upjong,270,자동차부품,198940,한주라이트메탈
upjong,270,자동차부품,123700,SJM
upjong,270,자동차부품,009680,모토닉
upjong,270,자동차부품,353590,오토앤
upjong,270,자동차부품,021820,세원정공
upjong,270,자동차부품,130740,티피씨글로벌
upjong,270,자동차부품,265560,영화테크
upjong,270,자동차부품,019540,일지테크
upjong,270,자동차부품,020400,대동금속
upjong,270,자동차부품,234100,폴라리스세원
upjong,270,자동차부품,023000,삼원강재
upjong,270,자동차부품,040610,SG&G
upjong,270,자동차부품,088290,이원컴포텍
upjong,270,자동차부품,007530,와이엠
upjong,270,자동차부품,024120,KB오토시스
upjong,270,자동차부품,378850,화승알앤에이
upjong,270,자동차부품,060980,HL홀딩스
upjong,270,자동차부품,025530,SJM홀딩스
upjong,270,자동차부품,002880,디와이에이
upjong,270,자동차부품,308170,씨티알모빌리티
upjong,270,자동차부품,072470,우리산업홀딩스
upjong,270,자동차부품,053270,구영테크
upjong,270,자동차부품,017370,우신시스템
upjong,270,자동차부품,021650,한국큐빅
upjong,270,자동차부품,116100,태양기계
upjong,270,자동차부품,013870,지엠비코리아
upjong,270,자동차부품,093380,풍강
upjong,270,자동차부품,019770,서연탑메탈
upjong,270,자동차부품,290120,DH오토리드
upjong,270,자동차부품,023810,인팩
upjong,270,자동차부품,041650,상신브레이크
upjong,270,자동차부품,071850,캐스텍코리아
upjong,270,자동차부품,090150,아이윈
upjong,270,자동차부품,025440,DH오토웨어
upjong,270,자동차부품,208860,다산디엠씨
upjong,270,자동차부품,093510,엔지브이아이
upjong,270,자동차부품,140660,위월드
upjong,270,자동차부품,000300,DH오토넥스
upjong,270,자동차부품,001380,SG글로벌
upjong,270,자동차부품,145210,다이나믹디자인
upjong,270,자동차부품,087260,모바일어플라이언스
upjong,270,자동차부품,312610,에이에프더블류
upjong,270,자동차부품,143210,핸즈코퍼레이션
upjong,286,생물공학,299660,셀리드
upjong,286,생물공학,109820,진매트릭스
upjong,286,생물공학,095700,제넥신
upjong,286,생물공학,347850,디앤디파마텍
upjong,286,생물공학,950160,코오롱티슈진
upjong,286,생물공학,084990,헬릭스미스
upjong,286,생물공학,187420,HLB제넥스
upjong,286,생물공학,476830,알지노믹스
upjong,286,생물공학,950260,인제니아테라퓨틱스(Reg.S)
upjong,286,생물공학,468530,프로티나
upjong,286,생물공학,298380,에이비엘바이오
upjong,286,생물공학,217730,강스템바이오텍
upjong,286,생물공학,064550,바이오니아
upjong,286,생물공학,358570,지아이이노베이션
upjong,286,생물공학,196170,알테오젠
upjong,286,생물공학,348080,큐라티스
upjong,286,생물공학,389030,지니너스
upjong,286,생물공학,174900,앱클론
upjong,286,생물공학,372320,큐로셀
upjong,286,생물공학,092040,아미코젠
upjong,286,생물공학,087010,펩트론
upjong,286,생물공학,388870,파로스아이바이오
upjong,286,생물공학,331920,셀레믹스
upjong,286,생물공학,0009K0,에임드바이오
upjong,286,생물공학,007390,네이처셀
upjong,286,생물공학,166480,코아스템켐온
upjong,286,생물공학,206650,유바이오로직스
upjong,286,생물공학,078160,메디포스트
upjong,286,생물공학,196300,HLB펩
upjong,286,생물공학,373110,엑셀세라퓨틱스
upjong,286,생물공학,185490,아이진
upjong,286,생물공학,199800,툴젠
upjong,286,생물공학,145020,휴젤
upjong,286,생물공학,246710,티앤알바이오팹
upjong,286,생물공학,464490,쿼드메디슨
upjong,286,생물공학,086820,바이오솔루션
upjong,286,생물공학,304360,에스바이오메딕스
upjong,286,생물공학,476040,오가노이드사이언스
upjong,286,생물공학,338840,와이바이오로직스
upjong,286,생물공학,038070,서린바이오
upjong,286,생물공학,002630,오리엔트바이오
upjong,286,생물공학,251120,바이오에프디엔씨
upjong,286,생물공학,086900,메디톡스
upjong,286,생물공학,388610,지에프씨생명과학
upjong,286,생물공학,054050,NH농우바이오
upjong,286,생물공학,049960,쎌바이오텍
upjong,286,생물공학,298060,풍전약품
upjong,286,생물공학,154030,아시아종묘
upjong,286,생물공학,067370,선바이오
upjong,286,생물공학,222110,팬젠
upjong,286,생물공학,215570,크로넥스
upjong,286,생물공학,322970,무진메디
upjong,286,생물공학,191420,테고사이언스
upjong,286,생물공학,216400,인바이츠바이오코아
upjong,286,생물공학,446440,에피바이오텍
upjong,286,생물공학,066830,제노텍
upjong,286,생물공학,352770,셀레스트라
upjong,286,생물공학,263050,유틸렉스
upjong,286,생물공학,011000,진원생명과학
upjong,293,컴퓨터와주변기기,046970,우리로
upjong,293,컴퓨터와주변기기,049480,오픈베이스
upjong,293,컴퓨터와주변기기,129890,앱코
upjong,293,컴퓨터와주변기기,033320,제이씨현시스템
upjong,293,컴퓨터와주변기기,065650,하이퍼코퍼레이션
upjong,293,컴퓨터와주변기기,094940,푸른로보틱스
upjong,293,컴퓨터와주변기기,049550,잉크테크
upjong,293,컴퓨터와주변기기,093190,빅솔론
upjong,293,컴퓨터와주변기기,089150,케이씨티
upjong,293,컴퓨터와주변기기,004920,씨아이테크
upjong,293,컴퓨터와주변기기,054800,아이디스홀딩스
upjong,293,컴퓨터와주변기기,043360,디지아이
upjong,293,컴퓨터와주변기기,131180,딜리
upjong,293,컴퓨터와주변기기,045660,에이텍
upjong,293,컴퓨터와주변기기,096690,에이루트
upjong,293,컴퓨터와주변기기,051380,피씨디렉트
upjong,293,컴퓨터와주변기기,065690,파커스
upjong,293,컴퓨터와주변기기,224110,에이텍모빌리티
upjong,293,컴퓨터와주변기기,332370,아이디피
upjong,293,컴퓨터와주변기기,031860,디에이치엑스컴퍼니
upjong,293,컴퓨터와주변기기,044380,주연테크
upjong,333,무선통신서비스,065530,와이어블
upjong,333,무선통신서비스,032640,LG유플러스
upjong,333,무선통신서비스,017670,SK텔레콤
upjong,333,무선통신서비스,006490,프리티
upjong,339,다각화된소비자서비스,080010,이상네트웍스
upjong,278,반도체와반도체장비,005930,삼성전자
upjong,278,반도체와반도체장비,036540,SFA반도체
upjong,278,반도체와반도체장비,232140,와이씨
upjong,278,반도체와반도체장비,382800,지앤비에스 에코
upjong,278,반도체와반도체장비,403870,HPSP
upjong,278,반도체와반도체장비,080220,제주반도체
upjong,278,반도체와반도체장비,000660,SK하이닉스
upjong,278,반도체와반도체장비,036930,주성엔지니어링
upjong,278,반도체와반도체장비,490470,세미파이브
upjong,278,반도체와반도체장비,0017J0,세미티에스
upjong,278,반도체와반도체장비,486510,글로벌테크놀로지
upjong,278,반도체와반도체장비,067310,하나마이크론
upjong,278,반도체와반도체장비,144960,뉴파워프라즈마
upjong,278,반도체와반도체장비,033160,엠케이전자
upjong,278,반도체와반도체장비,007660,이수페타시스
upjong,278,반도체와반도체장비,240810,원익IPS
upjong,278,반도체와반도체장비,097800,윈팩
upjong,278,반도체와반도체장비,281820,케이씨텍
upjong,278,반도체와반도체장비,030530,원익홀딩스
upjong,278,반도체와반도체장비,425040,티이엠씨
upjong,278,반도체와반도체장비,253590,네오셈
upjong,278,반도체와반도체장비,077360,덕산하이메탈
upjong,278,반도체와반도체장비,058470,리노공업
upjong,278,반도체와반도체장비,025560,미래산업
upjong,278,반도체와반도체장비,950250,테라뷰
upjong,278,반도체와반도체장비,200470,에이팩트
upjong,278,반도체와반도체장비,252990,샘씨엔에스
upjong,278,반도체와반도체장비,417840,저스템
upjong,278,반도체와반도체장비,089970,브이엠
upjong,278,반도체와반도체장비,356860,티엘비
upjong,278,반도체와반도체장비,417500,제이아이테크
upjong,278,반도체와반도체장비,089030,테크윙
upjong,278,반도체와반도체장비,142210,유니트론텍
upjong,278,반도체와반도체장비,032580,피델릭스
upjong,278,반도체와반도체장비,003160,디아이
upjong,278,반도체와반도체장비,402340,SK스퀘어
upjong,278,반도체와반도체장비,412350,레이저쎌
upjong,278,반도체와반도체장비,052900,KX하이텍
upjong,278,반도체와반도체장비,319660,피에스케이
upjong,278,반도체와반도체장비,005290,동진쎄미켐
upjong,278,반도체와반도체장비,059120,아진엑스텍
upjong,278,반도체와반도체장비,078350,한양디지텍
upjong,278,반도체와반도체장비,080580,오킨스전자
upjong,278,반도체와반도체장비,195870,해성디에스
upjong,278,반도체와반도체장비,440110,파두
upjong,278,반도체와반도체장비,330860,네패스아크
upjong,278,반도체와반도체장비,042700,한미반도체
upjong,278,반도체와반도체장비,095610,테스
upjong,278,반도체와반도체장비,092220,KEC
upjong,278,반도체와반도체장비,122640,예스티
upjong,278,반도체와반도체장비,101490,에스앤에스텍
upjong,278,반도체와반도체장비,000990,DB하이텍
upjong,278,반도체와반도체장비,077500,유니퀘스트
upjong,278,반도체와반도체장비,079370,제우스
upjong,278,반도체와반도체장비,061970,LB세미콘
upjong,278,반도체와반도체장비,086390,유니테스트
upjong,278,반도체와반도체장비,183300,코미코
upjong,278,반도체와반도체장비,033640,네패스
upjong,278,반도체와반도체장비,092870,엑시콘
upjong,278,반도체와반도체장비,024850,HLB이노베이션
upjong,278,반도체와반도체장비,064290,인텍플러스
upjong,278,반도체와반도체장비,011930,신성이엔지
upjong,278,반도체와반도체장비,131970,두산테스나
upjong,278,반도체와반도체장비,089890,코세스
upjong,278,반도체와반도체장비,114810,한솔아이원스
upjong,278,반도체와반도체장비,217190,제너셈
upjong,278,반도체와반도체장비,355150,코스텍시스
upjong,278,반도체와반도체장비,033170,시그네틱스
upjong,278,반도체와반도체장비,234030,싸이닉솔루션
upjong,278,반도체와반도체장비,306620,지아이에스
upjong,278,반도체와반도체장비,112290,와이씨켐
upjong,278,반도체와반도체장비,272110,케이엔제이
upjong,278,반도체와반도체장비,429270,시지트로닉스
upjong,278,반도체와반도체장비,084370,유진테크
upjong,278,반도체와반도체장비,039440,에스티아이
upjong,278,반도체와반도체장비,036710,심텍홀딩스
upjong,278,반도체와반도체장비,432720,퀄리타스반도체
upjong,278,반도체와반도체장비,059090,미코
upjong,278,반도체와반도체장비,031980,피에스케이홀딩스
upjong,278,반도체와반도체장비,036200,유니셈
upjong,278,반도체와반도체장비,425420,티에프이
upjong,278,반도체와반도체장비,170920,엘티씨
upjong,278,반도체와반도체장비,102120,어보브반도체
upjong,278,반도체와반도체장비,365590,하이딥
upjong,278,반도체와반도체장비,317330,덕산테코피아
upjong,278,반도체와반도체장비,396270,넥스트칩
upjong,278,반도체와반도체장비,482630,삼양엔씨켐
upjong,278,반도체와반도체장비,160980,싸이맥스
upjong,278,반도체와반도체장비,402490,그린리소스
upjong,278,반도체와반도체장비,0155E0,해치텍
upjong,278,반도체와반도체장비,089790,제이티
upjong,278,반도체와반도체장비,232680,라온로보틱스
upjong,278,반도체와반도체장비,098120,마이크로컨텍솔
upjong,278,반도체와반도체장비,036810,에프에스티
upjong,278,반도체와반도체장비,212710,아이에스티이
upjong,278,반도체와반도체장비,074600,원익QnC
upjong,278,반도체와반도체장비,083450,GST
upjong,278,반도체와반도체장비,083310,엘오티베큠
upjong,278,반도체와반도체장비,095340,ISC
upjong,278,반도체와반도체장비,418420,라온텍
upjong,278,반도체와반도체장비,094360,칩스앤미디어
upjong,278,반도체와반도체장비,071280,로체시스템즈
upjong,278,반도체와반도체장비,217500,러셀
upjong,278,반도체와반도체장비,039030,이오테크닉스
upjong,278,반도체와반도체장비,066310,큐에스아이
upjong,278,반도체와반도체장비,082270,젬백스
upjong,278,반도체와반도체장비,322310,오로스테크놀로지
upjong,278,반도체와반도체장비,420770,기가비스
upjong,278,반도체와반도체장비,166090,하나머티리얼즈
upjong,278,반도체와반도체장비,119830,아이텍
upjong,278,반도체와반도체장비,388210,씨엠티엑스
upjong,278,반도체와반도체장비,102710,이엔에프테크놀로지
upjong,278,반도체와반도체장비,200710,에이디테크놀로지
upjong,278,반도체와반도체장비,399720,가온칩스
upjong,278,반도체와반도체장비,131290,티에스이
upjong,278,반도체와반도체장비,254490,미래반도체
upjong,278,반도체와반도체장비,094170,동운아나텍
upjong,278,반도체와반도체장비,348210,넥스틴
upjong,278,반도체와반도체장비,396470,워트
upjong,278,반도체와반도체장비,054450,텔레칩스
upjong,278,반도체와반도체장비,110990,디아이티
upjong,278,반도체와반도체장비,147760,피엠티
upjong,278,반도체와반도체장비,241790,티이엠씨씨엔에스
upjong,278,반도체와반도체장비,451220,아이엠티
upjong,278,반도체와반도체장비,045100,한양이엔지
upjong,278,반도체와반도체장비,394280,오픈엣지테크놀로지
upjong,278,반도체와반도체장비,323350,다원넥스뷰
upjong,278,반도체와반도체장비,405100,큐알티
upjong,278,반도체와반도체장비,219130,타이거일렉
upjong,278,반도체와반도체장비,140070,서플러스글로벌
upjong,278,반도체와반도체장비,053610,프로텍
upjong,278,반도체와반도체장비,227950,엔투텍
upjong,278,반도체와반도체장비,064760,티씨케이
upjong,278,반도체와반도체장비,172670,에이엘티
upjong,278,반도체와반도체장비,226590,엠디바이스
upjong,278,반도체와반도체장비,311320,지오엘리먼트
upjong,278,반도체와반도체장비,092070,디엔에프
upjong,278,반도체와반도체장비,101160,월덱스
upjong,278,반도체와반도체장비,029460,케이씨
upjong,278,반도체와반도체장비,452430,사피엔반도체
upjong,278,반도체와반도체장비,445090,에이직랜드
upjong,278,반도체와반도체장비,445180,퓨릿
upjong,278,반도체와반도체장비,303030,지니틱스
upjong,278,반도체와반도체장비,464500,아이언디바이스
upjong,278,반도체와반도체장비,171010,램테크놀러지
upjong,278,반도체와반도체장비,006200,한국전자홀딩스
upjong,278,반도체와반도체장비,052860,아이앤씨
upjong,278,반도체와반도체장비,424980,마이크로투나노
upjong,278,반도체와반도체장비,146320,비씨엔씨
upjong,278,반도체와반도체장비,357780,솔브레인
upjong,278,반도체와반도체장비,105330,케이엔더블유
upjong,278,반도체와반도체장비,054620,APS
upjong,278,반도체와반도체장비,264660,씨앤지하이테크
upjong,278,반도체와반도체장비,080520,오디텍
upjong,278,반도체와반도체장비,045300,성우테크론
upjong,278,반도체와반도체장비,054940,엑사이엔씨
upjong,278,반도체와반도체장비,348350,위드텍
upjong,278,반도체와반도체장비,489500,엘케이켐
upjong,278,반도체와반도체장비,101400,엔시트론
upjong,278,반도체와반도체장비,093640,케이알엠
upjong,278,반도체와반도체장비,241770,메카로
upjong,278,반도체와반도체장비,064520,테크엘
upjong,278,반도체와반도체장비,093520,매커스
upjong,278,반도체와반도체장비,452160,제이엔비
upjong,278,반도체와반도체장비,041520,이엘씨
upjong,278,반도체와반도체장비,087600,픽셀플러스
upjong,278,반도체와반도체장비,413300,티엘엔지니어링
upjong,278,반도체와반도체장비,149010,아이케이세미콘
upjong,278,반도체와반도체장비,169670,코스텍시스템
upjong,278,반도체와반도체장비,136660,큐엠씨
upjong,278,반도체와반도체장비,117670,알파칩스
upjong,265,판매업체,003580,HLB글로벌
upjong,265,판매업체,051160,지어소프트
upjong,265,판매업체,052020,에스티큐브
upjong,265,판매업체,102370,케이옥션
upjong,265,판매업체,032860,더라미
upjong,265,판매업체,007720,소노스퀘어
upjong,265,판매업체,039740,한국정보공학
upjong,265,판매업체,019660,글로본
upjong,265,판매업체,063170,서울옥션
upjong,265,판매업체,051390,YW
upjong,265,판매업체,009810,MDS스피어
upjong,265,판매업체,278990,EMB
upjong,265,판매업체,064090,인크레더블버즈
upjong,276,복합기업,0220W0,한화머시너리앤서비스홀딩스
upjong,276,복합기업,001740,SK네트웍스
upjong,276,복합기업,028260,삼성물산
upjong,276,복합기업,005440,현대지에프홀딩스
upjong,276,복합기업,000880,한화
upjong,276,복합기업,003550,LG
upjong,276,복합기업,000150,두산
upjong,276,복합기업,001040,CJ
upjong,276,복합기업,004150,한솔홀딩스
upjong,276,복합기업,004990,롯데지주
upjong,276,복합기업,002020,코오롱
upjong,276,복합기업,004800,효성
upjong,276,복합기업,122450,KX
upjong,276,복합기업,487570,HS효성
upjong,299,기계,012210,삼미금속
upjong,299,기계,034020,두산에너빌리티
upjong,299,기계,439960,코스모로보틱스
upjong,299,기계,138360,앤로보틱스
upjong,299,기계,468670,브릴스
upjong,299,기계,090710,휴림로봇
upjong,299,기계,011700,한신기계
upjong,299,기계,105740,디케이락
upjong,299,기계,413630,씨피시스템
upjong,299,기계,019990,에너토크
upjong,299,기계,452280,한선엔지니어링
upjong,299,기계,319400,현대무벡스
upjong,299,기계,067170,오텍
upjong,299,기계,480370,씨케이솔루션
upjong,299,기계,003010,혜인
upjong,299,기계,056080,유진로봇
upjong,299,기계,019210,와이지-원
upjong,299,기계,348340,뉴로메카
upjong,299,기계,267270,HD건설기계
upjong,299,기계,105840,우진
upjong,299,기계,048770,TPC로보틱스
upjong,299,기계,454910,두산로보틱스
upjong,299,기계,160190,하이젠알앤엠
upjong,299,기계,008830,대동기어
upjong,299,기계,108490,로보티즈
upjong,299,기계,129920,대성하이텍
upjong,299,기계,039610,화성밸브
upjong,299,기계,466100,클로봇
upjong,299,기계,056190,SFA
upjong,299,기계,153890,져스텍
upjong,299,기계,023160,태광
upjong,299,기계,0004V0,엔비알모션
upjong,299,기계,108230,톱텍
upjong,299,기계,017550,수산세보틱스
upjong,299,기계,159010,아스플로
upjong,299,기계,014620,성광벤드
upjong,299,기계,060310,3S
upjong,299,기계,089140,넥스턴앤롤코리아
upjong,299,기계,099440,스맥
upjong,299,기계,101170,우림피티에스
upjong,299,기계,002900,TYM
upjong,299,기계,015590,DKME
upjong,299,기계,000490,대동
upjong,299,기계,241560,두산밥캣
upjong,299,기계,117730,티로보틱스
upjong,299,기계,199430,케이엔알시스템
upjong,299,기계,251630,브이원텍
upjong,299,기계,041440,현대에버다임
upjong,299,기계,317850,대모
upjong,299,기계,090360,로보스타
upjong,299,기계,484810,티엑스알로보틱스
upjong,299,기계,389500,에스비비테크
upjong,299,기계,053080,케이엔솔
upjong,299,기계,017800,현대엘리베이터
upjong,299,기계,277810,레인보우로보틱스
upjong,299,기계,036890,진성티이씨
upjong,299,기계,381620,제닉스로보틱스
upjong,299,기계,475400,씨메스로보틱스
upjong,299,기계,459510,나우로보틱스
upjong,299,기계,007820,엠엑스로보틱스
upjong,299,기계,119500,포메탈
upjong,299,기계,015230,대창단조
upjong,299,기계,043340,에쎈테크
upjong,299,기계,140670,알에스오토메이션
upjong,299,기계,049430,코메론
upjong,299,기계,297090,씨에스베어링
upjong,299,기계,317830,에스피시스템스
upjong,299,기계,024880,케이피에프
upjong,299,기계,079900,전진건설로봇
upjong,299,기계,100660,서암기계공업
upjong,299,기계,095190,신화프리텍
upjong,299,기계,059270,해성에어로보틱스
upjong,299,기계,388720,유일로보틱스
upjong,299,기계,474650,링크솔루션
upjong,299,기계,049800,우진플라임
upjong,299,기계,071670,에이테크솔루션
upjong,299,기계,086670,비엠티
upjong,299,기계,282880,코윈로보틱스
upjong,299,기계,010660,화천기계
upjong,299,기계,104460,디와이피엔에프
upjong,299,기계,210540,디와이파워
upjong,299,기계,013810,스페코
upjong,299,기계,013030,하이록코리아
upjong,299,기계,092440,기신정기
upjong,299,기계,010240,흥국
upjong,299,기계,109860,동일금속
upjong,299,기계,053160,프리엠스
upjong,299,기계,051490,나라엠앤디
upjong,299,기계,004380,삼익THK
upjong,299,기계,033540,파라텍
upjong,299,기계,101680,한국정밀기계
upjong,299,기계,195990,루트K
upjong,299,기계,417970,모델솔루션
upjong,299,기계,036560,KZ정밀
upjong,299,기계,138070,신진에스엠
upjong,299,기계,044780,에이치케이
upjong,299,기계,050860,아세아텍
upjong,299,기계,000850,화천기공
upjong,299,기계,008470,부스타
upjong,299,기계,114920,대주이엔티
upjong,299,기계,496320,본시스템즈
upjong,299,기계,068240,다원시스
upjong,299,기계,074610,이엔플러스
upjong,299,기계,073640,테라사이언스
upjong,299,기계,043220,티에스넥스젠
upjong,269,디스플레이장비및부품,078150,HB테크놀러지
upjong,269,디스플레이장비및부품,001210,금호전기
upjong,269,디스플레이장비및부품,290690,아리바이오홀딩스
upjong,269,디스플레이장비및부품,307180,아이엘
upjong,269,디스플레이장비및부품,457370,한켐
upjong,269,디스플레이장비및부품,250930,예선테크
upjong,269,디스플레이장비및부품,092190,서울바이오시스
upjong,269,디스플레이장비및부품,351320,넥사다이내믹스
upjong,269,디스플레이장비및부품,143540,영우디에스피
upjong,269,디스플레이장비및부품,036170,에이치엠넥스
upjong,269,디스플레이장비및부품,046890,서울반도체
upjong,269,디스플레이장비및부품,297890,HB솔루션
upjong,269,디스플레이장비및부품,036090,위지트
upjong,269,디스플레이장비및부품,187870,디바이스
upjong,269,디스플레이장비및부품,149950,아바텍
upjong,269,디스플레이장비및부품,141000,비아트론
upjong,269,디스플레이장비및부품,347770,핌스
upjong,269,디스플레이장비및부품,095500,미래나노텍
upjong,269,디스플레이장비및부품,272290,이녹스첨단소재
upjong,269,디스플레이장비및부품,131760,파인텍
upjong,269,디스플레이장비및부품,321260,프로이천
upjong,269,디스플레이장비및부품,213420,덕산네오룩스
upjong,269,디스플레이장비및부품,063760,이엘피
upjong,269,디스플레이장비및부품,096870,엘디티
upjong,269,디스플레이장비및부품,469610,이노테크
upjong,269,디스플레이장비및부품,255440,야스
upjong,269,디스플레이장비및부품,083500,에프엔에스테크
upjong,269,디스플레이장비및부품,088130,동아엘텍
upjong,269,디스플레이장비및부품,037330,인지디스플레
upjong,269,디스플레이장비및부품,068790,DMS
upjong,269,디스플레이장비및부품,371950,풍원정밀
upjong,269,디스플레이장비및부품,155650,와이엠씨
upjong,269,디스플레이장비및부품,171090,선익시스템
upjong,269,디스플레이장비및부품,108320,LX세미콘
upjong,269,디스플레이장비및부품,056700,신화인터텍
upjong,269,디스플레이장비및부품,484120,도우인시스
upjong,269,디스플레이장비및부품,094970,제이엠티
upjong,269,디스플레이장비및부품,106240,파인테크닉스
upjong,269,디스플레이장비및부품,079950,인베니아
upjong,269,디스플레이장비및부품,265520,AP시스템
upjong,269,디스플레이장비및부품,083470,이엠앤아이
upjong,269,디스플레이장비및부품,419080,엔젯
upjong,269,디스플레이장비및부품,049950,미래컴퍼니
upjong,269,디스플레이장비및부품,069330,유아이디
upjong,269,디스플레이장비및부품,153490,우리이앤엘하루틴
upjong,269,디스플레이장비및부품,082850,우리바이오
upjong,269,디스플레이장비및부품,239890,피엔에이치테크
upjong,269,디스플레이장비및부품,052420,오성첨단소재
upjong,269,디스플레이장비및부품,049120,파인디앤씨
upjong,269,디스플레이장비및부품,177830,파버나인
upjong,269,디스플레이장비및부품,037400,우리엔터프라이즈
upjong,269,디스플레이장비및부품,059100,아이컴포넌트
upjong,269,디스플레이장비및부품,123860,아나패스
upjong,269,디스플레이장비및부품,290520,신도기연
upjong,269,디스플레이장비및부품,0218L0,네오뷰
upjong,269,디스플레이장비및부품,238490,힘스
upjong,269,디스플레이장비및부품,040910,아이씨디
upjong,269,디스플레이장비및부품,475660,에스켐
upjong,269,디스플레이장비및부품,051360,토비스
upjong,269,디스플레이장비및부품,162120,루켄테크놀러지스
upjong,269,디스플레이장비및부품,137080,나래나노텍
upjong,269,디스플레이장비및부품,256630,포인트엔지니어링
upjong,269,디스플레이장비및부품,054040,한국컴퓨터
upjong,269,디스플레이장비및부품,311060,엘에이티
upjong,269,디스플레이장비및부품,073110,엘엠에스
upjong,269,디스플레이장비및부품,102950,아하
upjong,269,디스플레이장비및부품,092590,럭스피아
upjong,269,디스플레이장비및부품,207490,에이펙스인텍
upjong,269,디스플레이장비및부품,038060,루멘스바이오스
upjong,269,디스플레이장비및부품,067770,세진티에스
upjong,269,디스플레이장비및부품,009310,참엔지니어링
upjong,295,에너지장비및서비스,009830,한화솔루션
upjong,295,에너지장비및서비스,270520,앱튼
upjong,295,에너지장비및서비스,046120,오르비텍
upjong,295,에너지장비및서비스,018000,유니슨
upjong,295,에너지장비및서비스,100090,SK오션플랜트
upjong,295,에너지장비및서비스,336260,두산퓨얼셀
upjong,295,에너지장비및서비스,475150,SK이터닉스
upjong,295,에너지장비및서비스,060900,에이전트AI
upjong,295,에너지장비및서비스,083650,비에이치아이
upjong,295,에너지장비및서비스,100130,동국S&C
upjong,295,에너지장비및서비스,322000,HD현대에너지솔루션
upjong,295,에너지장비및서비스,112610,씨에스윈드
upjong,295,에너지장비및서비스,100840,SNT에너지
upjong,295,에너지장비및서비스,136150,원일티엔아이
upjong,295,에너지장비및서비스,044490,태웅
upjong,295,에너지장비및서비스,043200,파루
upjong,295,에너지장비및서비스,098070,한텍
upjong,295,에너지장비및서비스,389260,대명에너지
upjong,295,에너지장비및서비스,005090,SGC에너지
upjong,295,에너지장비및서비스,126720,수산인더스트리
upjong,295,에너지장비및서비스,137950,제이씨케미칼
upjong,295,에너지장비및서비스,282720,금양그린파워
upjong,295,에너지장비및서비스,099220,SDN
upjong,295,에너지장비및서비스,115530,씨엔플러스
upjong,295,에너지장비및서비스,038870,에코심플렉스
upjong,295,에너지장비및서비스,101970,우양에이치씨
upjong,295,에너지장비및서비스,180060,탑선
upjong,295,에너지장비및서비스,224760,엔에스컴퍼니
upjong,295,에너지장비및서비스,379390,이성씨엔아이
upjong,295,에너지장비및서비스,095910,에스에너지
upjong,295,에너지장비및서비스,457550,우진엔텍
upjong,282,전자장비와기기,015260,에이엔피
upjong,282,전자장비와기기,072950,빛샘전자
upjong,282,전자장비와기기,017900,광전자
upjong,282,전자장비와기기,098460,고영
upjong,282,전자장비와기기,396300,HT로보틱스
upjong,282,전자장비와기기,248070,솔루엠
upjong,282,전자장비와기기,353200,대덕전자
upjong,282,전자장비와기기,004710,한솔테크닉스
upjong,282,전자장비와기기,222800,심텍
upjong,282,전자장비와기기,209640,와이제이링크
upjong,282,전자장비와기기,004770,써니전자
upjong,282,전자장비와기기,007810,코리아써키트
upjong,282,전자장비와기기,090460,비에이치
upjong,282,전자장비와기기,446540,메가터치
upjong,282,전자장비와기기,009150,삼성전기
upjong,282,전자장비와기기,027040,서울전자통신
upjong,282,전자장비와기기,161580,필옵틱스
upjong,282,전자장비와기기,264850,이랜시스
upjong,282,전자장비와기기,323280,태성
upjong,282,전자장비와기기,031330,에스에이엠티
upjong,282,전자장비와기기,131400,이브이첨단소재
upjong,282,전자장비와기기,020150,롯데에너지머티리얼즈
upjong,282,전자장비와기기,225190,LK삼양
upjong,282,전자장비와기기,011690,와이투솔루션
upjong,282,전자장비와기기,355690,에이텀
upjong,282,전자장비와기기,051370,인터플렉스
upjong,282,전자장비와기기,011070,LG이노텍
upjong,282,전자장비와기기,085670,뉴프렉스
upjong,282,전자장비와기기,368770,파이버프로
upjong,282,전자장비와기기,092300,현우산업
upjong,282,전자장비와기기,168360,펨트론
upjong,282,전자장비와기기,078600,대주전자재료
upjong,282,전자장비와기기,203450,유니온바이오메트릭스
upjong,282,전자장비와기기,0011A0,액스비스
upjong,282,전자장비와기기,277880,티에스아이
upjong,282,전자장비와기기,317770,엑스페릭스
upjong,282,전자장비와기기,417010,나노팀
upjong,282,전자장비와기기,114190,강원에너지
upjong,282,전자장비와기기,320000,한울반도체
upjong,282,전자장비와기기,372170,윤성에프앤씨
upjong,282,전자장비와기기,089010,켐트로닉스
upjong,282,전자장비와기기,336370,솔루스첨단소재
upjong,282,전자장비와기기,464080,에스오에스랩
upjong,282,전자장비와기기,081180,쎄크
upjong,282,전자장비와기기,331380,포커스에이아이
upjong,282,전자장비와기기,011230,삼화전자
upjong,282,전자장비와기기,054090,삼진엘앤디
upjong,282,전자장비와기기,008060,대덕
upjong,282,전자장비와기기,016920,카스
upjong,282,전자장비와기기,060230,제이케이시냅스
upjong,282,전자장비와기기,347000,센코
upjong,282,전자장비와기기,360350,코셈
upjong,282,전자장비와기기,236200,슈프리마
upjong,282,전자장비와기기,053450,세코닉스
upjong,282,전자장비와기기,263810,상신전자
upjong,282,전자장비와기기,032960,동일기연
upjong,282,전자장비와기기,299030,하나기술
upjong,282,전자장비와기기,140860,파크시스템스
upjong,282,전자장비와기기,089980,상아프론테크
upjong,282,전자장비와기기,493330,지에프아이
upjong,282,전자장비와기기,091340,S&K폴리텍
upjong,282,전자장비와기기,084850,아이티엠반도체
upjong,282,전자장비와기기,262260,에이프로
upjong,282,전자장비와기기,109740,디에스케이
upjong,282,전자장비와기기,187220,디티앤씨
upjong,282,전자장비와기기,333620,엔시스
upjong,282,전자장비와기기,455180,케이지에이
upjong,282,전자장비와기기,044990,에이치엔에스하이텍
upjong,282,전자장비와기기,017250,인터엠
upjong,282,전자장비와기기,127980,화인써키트
upjong,282,전자장비와기기,364950,에이아이코리아
upjong,282,전자장비와기기,037950,엘컴텍
upjong,282,전자장비와기기,370090,퓨런티어
upjong,282,전자장비와기기,360070,탑머티리얼
upjong,282,전자장비와기기,082210,옵트론텍
upjong,282,전자장비와기기,094840,슈프리마에이치큐
upjong,282,전자장비와기기,004270,남성
upjong,282,전자장비와기기,417790,트루엔
upjong,282,전자장비와기기,290670,대보마그네틱
upjong,282,전자장비와기기,090470,제이스로보틱스
upjong,282,전자장비와기기,055490,테이팩스
upjong,282,전자장비와기기,347890,엠엑스온
upjong,282,전자장비와기기,318020,포인트모바일
upjong,282,전자장비와기기,066900,디에이피
upjong,282,전자장비와기기,361670,삼영에스앤씨
upjong,282,전자장비와기기,072990,에이치시티
upjong,282,전자장비와기기,083640,인콘
upjong,282,전자장비와기기,101140,인바이오젠
upjong,282,전자장비와기기,069510,에스텍
upjong,282,전자장비와기기,143160,아이디스
upjong,282,전자장비와기기,033200,모아텍
upjong,282,전자장비와기기,191600,블루탑
upjong,282,전자장비와기기,052960,태양3C
upjong,282,전자장비와기기,340930,성원에너텍
upjong,282,전자장비와기기,238500,솔루믹스
upjong,282,전자장비와기기,368600,아이씨에이치
upjong,282,전자장비와기기,057540,옴니시스템
upjong,282,전자장비와기기,254120,자비스
upjong,277,창업투자,027360,아주IB투자
upjong,277,창업투자,041190,우리기술투자
upjong,277,창업투자,100790,미래에셋벤처투자
upjong,277,창업투자,289080,SV인베스트먼트
upjong,277,창업투자,469900,하나31호스팩
upjong,277,창업투자,293580,나우IB
upjong,277,창업투자,469480,IBKS제24호스팩
upjong,277,창업투자,474660,신한제12호스팩
upjong,277,창업투자,498390,한화플러스제5호스팩
upjong,277,창업투자,0200G0,한국제17호스팩
upjong,277,창업투자,0209J0,KB제34호스팩
upjong,277,창업투자,027830,대성창투
upjong,277,창업투자,026890,스틱인베스트먼트
upjong,277,창업투자,0099X0,IBKS제25호스팩
upjong,277,창업투자,019550,SBI인베스트먼트
upjong,277,창업투자,021080,에이티넘인베스트
upjong,277,창업투자,475240,하나32호스팩
upjong,277,창업투자,241520,DSC인베스트먼트
upjong,277,창업투자,486630,KB제30호스팩
upjong,277,창업투자,0197V0,엔에이치스팩34호
upjong,277,창업투자,309960,LB인베스트먼트
upjong,277,창업투자,246690,TS인베스트먼트
upjong,277,창업투자,016600,큐캐피탈
upjong,277,창업투자,487720,키움제10호스팩
upjong,277,창업투자,330730,스톤브릿지벤처스
upjong,277,창업투자,307930,컴퍼니케이
upjong,277,창업투자,474930,신한제13호스팩
upjong,277,창업투자,0098T0,교보19호스팩
upjong,277,창업투자,452300,캡스톤파트너스
upjong,277,창업투자,477380,미래에셋비전스팩4호
upjong,277,창업투자,019570,GMI벤처
upjong,277,창업투자,0093G0,미래에셋비전스팩8호
upjong,277,창업투자,478390,KB제29호스팩
upjong,277,창업투자,440290,HB인베스트먼트
upjong,277,창업투자,492220,KB제31호스팩
upjong,277,창업투자,0041L0,하나35호스팩
upjong,277,창업투자,0164H0,한국제16호스팩
upjong,277,창업투자,0037T0,KB제32호스팩
upjong,277,창업투자,0072Z0,KB제33호스팩
upjong,277,창업투자,0096B0,삼성스팩12호
upjong,277,창업투자,0165X0,메리츠제2호스팩
upjong,277,창업투자,0097F0,미래에셋비전스팩10호
upjong,277,창업투자,0115H0,삼성스팩13호
upjong,277,창업투자,477470,미래에셋비전스팩5호
upjong,277,창업투자,0131D0,키움히어로제2호스팩
upjong,277,창업투자,0130D0,신한제17호스팩
upjong,277,창업투자,487830,신한제15호스팩
upjong,277,창업투자,493790,유안타제17호스팩
upjong,277,창업투자,489730,디비금융제13호스팩
upjong,277,창업투자,473050,유안타제15호스팩
upjong,277,창업투자,477340,에이치엠씨제7호스팩
upjong,277,창업투자,0134X0,대신밸런스제20호스팩
upjong,277,창업투자,0068Y0,비엔케이제3호스팩
upjong,277,창업투자,481890,엔에이치스팩31호
upjong,277,창업투자,277070,린드먼아시아
upjong,277,창업투자,496070,신한제16호스팩
upjong,277,창업투자,475250,하나33호스팩
upjong,277,창업투자,477760,DB금융스팩12호
upjong,277,창업투자,0044K0,삼성스팩10호
upjong,277,창업투자,0004Y0,디비금융제14호스팩
upjong,277,창업투자,0041B0,교보18호스팩
upjong,277,창업투자,0130H0,엔에이치스팩33호
upjong,277,창업투자,0096D0,미래에셋비전스팩9호
upjong,277,창업투자,0099W0,미래에셋비전스팩11호
upjong,277,창업투자,0041J0,엘에스스팩1호
upjong,277,창업투자,466690,키움히어로제1호스팩
upjong,277,창업투자,479880,한국제15호스팩
upjong,277,창업투자,487360,신한제14호스팩
upjong,277,창업투자,484130,하나34호스팩
upjong,277,창업투자,474490,유안타제16호스팩
upjong,277,창업투자,0054V0,엔에이치스팩32호
upjong,277,창업투자,473000,에스케이증권제12호스팩
upjong,277,창업투자,0129K0,신한제18호스팩
upjong,277,창업투자,0101C0,하나36호스팩
upjong,277,창업투자,0105P0,유진스팩12호
upjong,277,창업투자,0088D0,메리츠제1호스팩
upjong,277,창업투자,0132G0,교보20호스팩
upjong,277,창업투자,0091W0,신영스팩11호
upjong,277,창업투자,478110,이베스트스팩6호
upjong,277,창업투자,473950,에스케이증권제13호스팩
upjong,277,창업투자,482690,대신밸런스제19호스팩
upjong,277,창업투자,482520,교보16호스팩
upjong,277,창업투자,482680,미래에셋비전스팩7호
upjong,277,창업투자,468760,유진스팩10호
upjong,277,창업투자,489480,키움제11호스팩
upjong,327,디스플레이패널,034220,LG디스플레이
upjong,327,디스플레이패널,191410,육일씨엔에쓰
upjong,327,디스플레이패널,440320,오픈놀
upjong,327,디스플레이패널,052330,코텍
upjong,327,디스플레이패널,121800,비덴트
upjong,327,디스플레이패널,020760,일진디스플
upjong,338,사무용전자제품,029530,신도리코
upjong,267,IT서비스,452450,피아이이
upjong,267,IT서비스,443670,에스피소프트
upjong,267,IT서비스,0035S0,빅웨이브로보틱스
upjong,267,IT서비스,488280,에스투더블유
upjong,267,IT서비스,357880,SKAI
upjong,267,IT서비스,115500,케이씨에스
upjong,267,IT서비스,355390,크라우드웍스
upjong,267,IT서비스,064260,다날
upjong,267,IT서비스,232830,아이티센피엔에스
upjong,267,IT서비스,393210,토마토시스템
upjong,267,IT서비스,462860,더즌
upjong,267,IT서비스,064400,LG씨엔에스
upjong,267,IT서비스,065440,이루온
upjong,267,IT서비스,053300,한국정보인증
upjong,267,IT서비스,042000,카페24
upjong,267,IT서비스,012030,DB
upjong,267,IT서비스,242040,나무AX
upjong,267,IT서비스,067920,이글루
upjong,267,IT서비스,307870,비투엔
upjong,267,IT서비스,163730,핑거
upjong,267,IT서비스,022100,포스코DX
upjong,267,IT서비스,234340,헥토파이낸셜
upjong,267,IT서비스,094480,갤럭시아머니트리
upjong,267,IT서비스,124500,아이티센글로벌
upjong,267,IT서비스,010280,아이티센엔텍
upjong,267,IT서비스,060250,NHN KCP
upjong,267,IT서비스,486990,노타
upjong,267,IT서비스,052460,아이크래프트
upjong,267,IT서비스,377300,카카오페이
upjong,267,IT서비스,483350,딜리셔스
upjong,267,IT서비스,263800,데이타솔루션
upjong,267,IT서비스,018260,삼성에스디에스
upjong,267,IT서비스,261520,이지스
upjong,267,IT서비스,356890,싸이버원
upjong,267,IT서비스,033230,인성정보
upjong,267,IT서비스,377030,비트맥스
upjong,267,IT서비스,032790,엠젠솔루션
upjong,267,IT서비스,173130,오파스넷
upjong,267,IT서비스,391710,코닉오토메이션
upjong,267,IT서비스,031820,아이티센씨티에스
upjong,267,IT서비스,0007C0,아크릴
upjong,267,IT서비스,189330,씨이랩
upjong,267,IT서비스,315640,딥노이드
upjong,267,IT서비스,304100,솔트룩스
upjong,267,IT서비스,029480,광무
upjong,267,IT서비스,038680,에스넷
upjong,267,IT서비스,181710,NHN
upjong,267,IT서비스,035510,신세계 I&C
upjong,267,IT서비스,064850,에프앤가이드
upjong,267,IT서비스,042500,링네트
upjong,267,IT서비스,463020,뉴엔AI
upjong,267,IT서비스,040350,크레오에스지
upjong,267,IT서비스,039980,폴라리스AI
upjong,267,IT서비스,007120,미래아이앤지
upjong,267,IT서비스,389680,유디엠텍
upjong,267,IT서비스,214180,헥토이노베이션
upjong,267,IT서비스,462980,아이지넷
upjong,267,IT서비스,045510,정원엔시스
upjong,267,IT서비스,199480,뱅크웨어글로벌
upjong,267,IT서비스,057680,티사이언티픽
upjong,267,IT서비스,307950,현대오토에버
upjong,267,IT서비스,234300,에스트래픽
upjong,267,IT서비스,294570,쿠콘
upjong,267,IT서비스,041460,한국전자인증
upjong,267,IT서비스,032680,소프트센
upjong,267,IT서비스,322180,LS티라유텍
upjong,267,IT서비스,424760,벨로크
upjong,267,IT서비스,054220,비츠로시스
upjong,267,IT서비스,052400,코나아이
upjong,267,IT서비스,431190,케이쓰리아이
upjong,267,IT서비스,377480,마음AI
upjong,267,IT서비스,067010,이씨에스
upjong,267,IT서비스,072130,유엔젤
upjong,267,IT서비스,373170,엠아이큐브솔루션
upjong,267,IT서비스,169330,엠브레인
upjong,267,IT서비스,408470,한패스
upjong,267,IT서비스,262840,아이퀘스트
upjong,267,IT서비스,465480,인스피언
upjong,267,IT서비스,040160,누리플렉스
upjong,267,IT서비스,286940,롯데이노베이트
upjong,267,IT서비스,403360,라피치
upjong,267,IT서비스,328380,솔트웨어
upjong,267,IT서비스,079940,가비아
upjong,267,IT서비스,070590,인티큐브
upjong,267,IT서비스,351330,이삭엔지니어링
upjong,267,IT서비스,046440,KG파이낸셜
upjong,267,IT서비스,403810,아이엘로보틱스
upjong,267,IT서비스,034310,NICE
upjong,267,IT서비스,064480,브리지텍
upjong,267,IT서비스,033130,디지틀조선
upjong,267,IT서비스,025770,한국정보통신
upjong,267,IT서비스,069410,엔텔스
upjong,267,IT서비스,267850,아시아나IDT
upjong,267,IT서비스,038530,케이바이오랩스
upjong,267,IT서비스,336060,웨이버스
upjong,267,IT서비스,067730,로지시스
upjong,267,IT서비스,020180,대신정보통신
upjong,267,IT서비스,052600,한네트
upjong,267,IT서비스,444530,심플랫폼
upjong,267,IT서비스,035600,KG이니시스
upjong,267,IT서비스,093320,케이아이엔엑스
upjong,267,IT서비스,413640,비아이매트릭스
upjong,267,IT서비스,333050,이노테나
upjong,267,IT서비스,372800,아이티아이즈
upjong,267,IT서비스,303530,이노뎁
upjong,267,IT서비스,367000,플래티어
upjong,267,IT서비스,039420,케이엘넷
upjong,267,IT서비스,279600,미디어젠
upjong,267,IT서비스,039290,인포뱅크
upjong,267,IT서비스,115310,인포바인
upjong,267,IT서비스,217880,틸론
upjong,267,IT서비스,068100,케이웨더
upjong,267,IT서비스,243870,아이티센코어
upjong,267,IT서비스,311960,인터로이드
upjong,267,IT서비스,199150,데이터스트림즈
upjong,267,IT서비스,121060,유니포인트
upjong,267,IT서비스,072770,멤레이비티
upjong,267,IT서비스,066410,버킷스튜디오
upjong,288,건강관리기술,386380,스카이랩스
upjong,288,건강관리기술,328130,루닛
upjong,288,건강관리기술,394800,쓰리빌리언
upjong,288,건강관리기술,338220,뷰노
upjong,288,건강관리기술,458870,씨어스
upjong,288,건강관리기술,071200,인피니트헬스케어
upjong,288,건강관리기술,322510,제이엘케이
upjong,288,건강관리기술,380550,뉴로핏
upjong,288,건강관리기술,032850,비트컴퓨터
upjong,288,건강관리기술,099750,이지케어텍
upjong,288,건강관리기술,384470,코어라인소프트
upjong,288,건강관리기술,032620,GC메디아이
upjong,288,건강관리기술,035610,솔본
upjong,272,화학,093370,후성
upjong,272,화학,003670,포스코퓨처엠
upjong,272,화학,005690,파미셀
upjong,272,화학,086520,에코프로
upjong,272,화학,281740,레이크머티리얼즈
upjong,272,화학,251370,와이엠티
upjong,272,화학,011790,SKC
upjong,272,화학,161000,애경케미칼
upjong,272,화학,0010F0,보원케미칼
upjong,272,화학,457190,이수스페셜티케미컬
upjong,272,화학,104480,티케이케미칼
upjong,272,화학,005950,이수화학
upjong,272,화학,126600,BGF에코머티리얼즈
upjong,272,화학,066430,아이로보틱스
upjong,272,화학,003720,삼영
upjong,272,화학,010060,OCI홀딩스
upjong,272,화학,125210,아모그린텍
upjong,272,화학,051910,LG화학
upjong,272,화학,027410,BGF
upjong,272,화학,900290,GRT
upjong,272,화학,025860,남해화학
upjong,272,화학,005420,코스모화학
upjong,272,화학,120110,코오롱인더
upjong,272,화학,050760,에스폴리텍
upjong,272,화학,220260,켐트로스
upjong,272,화학,005070,코스모신소재
upjong,272,화학,011170,롯데케미칼
upjong,272,화학,247660,나노씨엠에스
upjong,272,화학,004430,송원산업
upjong,272,화학,014190,원익큐브
upjong,272,화학,012610,경인양행
upjong,272,화학,017860,DS단석
upjong,272,화학,045060,오공
upjong,272,화학,104830,원익머트리얼즈
upjong,272,화학,177350,베셀
upjong,272,화학,001340,PKC
upjong,272,화학,222420,쎄노텍
upjong,272,화학,187790,나노
upjong,272,화학,048830,엔피케이
upjong,272,화학,011500,한농화성
upjong,272,화학,051630,진양화학
upjong,272,화학,004090,한국석유
upjong,272,화학,178920,PI첨단소재
upjong,272,화학,033500,동성화인텍
upjong,272,화학,036640,HRS
upjong,272,화학,011780,금호석유화학
upjong,272,화학,101360,에코앤드림
upjong,272,화학,102260,동성케미컬
upjong,272,화학,121600,나노신소재
upjong,272,화학,006650,대한유화
upjong,272,화학,017890,한국알콜
upjong,272,화학,163280,에어레인
upjong,272,화학,069260,TKG휴켐스
upjong,272,화학,036670,삼양케이씨아이
upjong,272,화학,000210,DL
upjong,272,화학,004000,롯데정밀화학
upjong,272,화학,013000,세우글로벌
upjong,272,화학,101240,씨큐브
upjong,272,화학,285800,진영
upjong,272,화학,083420,그린케미칼
upjong,272,화학,002360,SH에너지화학
upjong,272,화학,002810,삼영무역
upjong,272,화학,003780,진양산업
upjong,272,화학,010640,진양폴리
upjong,272,화학,014680,한솔케미칼
upjong,272,화학,025000,KPX케미칼
upjong,272,화학,285130,SK케미칼
upjong,272,화학,456040,OCI
upjong,272,화학,006890,태경케미컬
upjong,272,화학,318000,KBG
upjong,272,화학,001550,조비
upjong,272,화학,000070,삼양홀딩스
upjong,272,화학,027580,상보
upjong,272,화학,163560,동일고무벨트
upjong,272,화학,045520,크린앤사이언스
upjong,272,화학,091970,LSK아이로봇
upjong,272,화학,014440,영보화학
upjong,272,화학,023900,풍국주정
upjong,272,화학,294140,레몬
upjong,272,화학,136410,아셈스
upjong,272,화학,004840,DRB동일
upjong,272,화학,286750,나노실리칸첨단소재
upjong,272,화학,008370,원풍
upjong,272,화학,352940,인바이오
upjong,272,화학,014830,유니드
upjong,272,화학,298000,효성화학
upjong,272,화학,002100,경농
upjong,272,화학,042040,케이피엠테크
upjong,272,화학,332290,누보
upjong,272,화학,298050,HS효성첨단소재
upjong,272,화학,196700,웹스
upjong,272,화학,097870,효성오앤비
upjong,272,화학,007690,국도화학
upjong,272,화학,006840,AK홀딩스
upjong,272,화학,002840,미원상사
upjong,272,화학,120240,대정화금
upjong,272,화학,003650,미창석유
upjong,272,화학,115570,스타플렉스
upjong,272,화학,007590,동방아그로
upjong,272,화학,024070,WISCOM
upjong,272,화학,003240,태광산업
upjong,272,화학,357550,석경에이티
upjong,272,화학,221980,케이디켐
upjong,272,화학,092230,KPX홀딩스
upjong,272,화학,002960,한국쉘석유
upjong,272,화학,134380,미원화학
upjong,272,화학,268280,미원에스씨
upjong,272,화학,000760,이화산업
upjong,272,화학,003080,SB성보
upjong,272,화학,217910,에스제이켐
upjong,272,화학,023450,동남합성
upjong,272,화학,107590,미원홀딩스
upjong,272,화학,007770,한일화학
upjong,272,화학,003830,대한화섬
upjong,272,화학,103660,씨앗
upjong,272,화학,238540,나노솔루션
upjong,272,화학,001570,금양
upjong,287,소프트웨어,042510,라온시큐어
upjong,287,소프트웨어,411080,샌즈랩
upjong,287,소프트웨어,158430,아톤
upjong,287,소프트웨어,356680,엑스게이트
upjong,287,소프트웨어,0161M0,네오사피엔스
upjong,287,소프트웨어,418620,E8
upjong,287,소프트웨어,263860,지니언스
upjong,287,소프트웨어,430690,한싹
upjong,287,소프트웨어,434480,모니터랩
upjong,287,소프트웨어,086960,MDS테크
upjong,287,소프트웨어,184230,SGA솔루션즈
upjong,287,소프트웨어,288980,모아데이타
upjong,287,소프트웨어,347860,알체라
upjong,287,소프트웨어,192250,케이사인
upjong,287,소프트웨어,477850,마키나락스
upjong,287,소프트웨어,150900,파수AI
upjong,287,소프트웨어,053800,안랩
upjong,287,소프트웨어,205100,엑셈
upjong,287,소프트웨어,475040,스트라드비젼
upjong,287,소프트웨어,298830,슈어소프트테크
upjong,287,소프트웨어,250060,모비스
upjong,287,소프트웨어,290560,파라택시스이더리움
upjong,287,소프트웨어,030520,한컴
upjong,287,소프트웨어,053980,오상자이엘
upjong,287,소프트웨어,258790,소프트캠프
upjong,287,소프트웨어,274400,이노시뮬레이션
upjong,287,소프트웨어,189690,포시에스
upjong,287,소프트웨어,340810,시선AI
upjong,287,소프트웨어,131370,알서포트
upjong,287,소프트웨어,301300,바이브컴퍼니
upjong,287,소프트웨어,053350,이니텍
upjong,287,소프트웨어,039310,세중
upjong,287,소프트웨어,047560,이스트소프트
upjong,287,소프트웨어,219420,링크제니시스
upjong,287,소프트웨어,096250,와이즈넛
upjong,287,소프트웨어,136540,윈스테크넷
upjong,287,소프트웨어,290270,휴네시온
upjong,287,소프트웨어,049470,비트플래닛
upjong,287,소프트웨어,148780,비큐AI
upjong,287,소프트웨어,296640,이노에이엑스
upjong,287,소프트웨어,419120,산돌
upjong,287,소프트웨어,208350,지란지교시큐리티
upjong,287,소프트웨어,438700,버넥트
upjong,287,소프트웨어,131090,시큐브
upjong,287,소프트웨어,300120,라온피플
upjong,287,소프트웨어,450520,인스웨이브
upjong,287,소프트웨어,065370,위세아이텍
upjong,287,소프트웨어,058970,엠로
upjong,287,소프트웨어,402030,코난테크놀로지
upjong,287,소프트웨어,100030,인지소프트
upjong,287,소프트웨어,075130,플랜티넷
upjong,287,소프트웨어,197140,디지캡
upjong,287,소프트웨어,053580,웹케시
upjong,287,소프트웨어,220180,폴라리스AI핸디
upjong,287,소프트웨어,446840,지슨
upjong,287,소프트웨어,290090,트윔
upjong,287,소프트웨어,417860,오브젠
upjong,287,소프트웨어,466410,사이냅소프트
upjong,287,소프트웨어,088340,유라클
upjong,287,소프트웨어,139670,키네마스터
upjong,287,소프트웨어,275630,에스에스알
upjong,287,소프트웨어,153460,네이블
upjong,287,소프트웨어,352910,오비고
upjong,287,소프트웨어,016670,디모아
upjong,287,소프트웨어,060850,영림원소프트랩
upjong,287,소프트웨어,099390,브레인즈컴퍼니
upjong,287,소프트웨어,050960,수산아이앤티
upjong,287,소프트웨어,078000,텔코웨어
upjong,287,소프트웨어,0203K0,송우인포텍
upjong,287,소프트웨어,495810,유비씨
upjong,287,소프트웨어,276040,스코넥
upjong,287,소프트웨어,418250,시큐레터
upjong,287,소프트웨어,079970,투비소프트
upjong,287,소프트웨어,291810,핀텔
upjong,326,항공화물운송과물류,009070,KCTC
upjong,326,항공화물운송과물류,086280,현대글로비스
upjong,326,항공화물운송과물류,004140,동방
upjong,326,항공화물운송과물류,002320,한진
upjong,326,항공화물운송과물류,000120,CJ대한통운
upjong,326,항공화물운송과물류,014130,한익스프레스
upjong,326,항공화물운송과물류,033290,로젠
upjong,326,항공화물운송과물류,000700,유수홀딩스
upjong,326,항공화물운송과물류,004360,세방
upjong,326,항공화물운송과물류,009180,한솔로지스틱스
upjong,326,항공화물운송과물류,032280,삼일
upjong,326,항공화물운송과물류,223220,로지스몬
upjong,294,통신장비,069540,빛과전자
upjong,294,통신장비,010170,대한광통신
upjong,294,통신장비,062970,한국첨단소재
upjong,294,통신장비,321370,센서뷰
upjong,294,통신장비,215790,이노인스트루먼트
upjong,294,통신장비,100590,머큐리
upjong,294,통신장비,050890,쏠리드
upjong,294,통신장비,456010,아이씨티케이
upjong,294,통신장비,388790,라이콤
upjong,294,통신장비,115440,우리넷
upjong,294,통신장비,218410,RFHIC
upjong,294,통신장비,039560,다산네트웍스
upjong,294,통신장비,049080,기가레인
upjong,294,통신장비,138080,오이솔루션
upjong,294,통신장비,088800,에이스테크
upjong,294,통신장비,032500,케이엠더블유
upjong,294,통신장비,056360,코위버
upjong,294,통신장비,065770,CS
upjong,294,통신장비,211270,AP위성
upjong,294,통신장비,140430,카티스
upjong,294,통신장비,230240,에치에프알
upjong,294,통신장비,340360,다보링크
upjong,294,통신장비,489790,한화비전
upjong,294,통신장비,487400,케이앤에스아이앤씨
upjong,294,통신장비,091440,한울소재과학
upjong,294,통신장비,189300,인텔리안테크
upjong,294,통신장비,035460,기산텔레콤
upjong,294,통신장비,031310,아이즈비전
upjong,294,통신장비,317120,라닉스
upjong,294,통신장비,033240,자화전자
upjong,294,통신장비,039010,현대에이치티
upjong,294,통신장비,061090,세나테크놀로지
upjong,294,통신장비,051980,중앙첨단소재
upjong,294,통신장비,389020,자람테크놀로지
upjong,294,통신장비,073490,LIG아큐버
upjong,294,통신장비,148250,알엔투테크놀로지
upjong,294,통신장비,264450,유비쿼스
upjong,294,통신장비,170790,파이오링크
upjong,294,통신장비,037460,삼지전자
upjong,294,통신장비,177900,쓰리에이로직스
upjong,294,통신장비,109080,옵티시스
upjong,294,통신장비,073540,에프알텍
upjong,294,통신장비,192410,오늘이엔엠
upjong,294,통신장비,078070,유비쿼스홀딩스
upjong,294,통신장비,015710,코콤
upjong,294,통신장비,046310,백금T&A
upjong,294,통신장비,900260,로스웰
upjong,294,통신장비,059180,엔더블유시
upjong,294,통신장비,245450,씨앤에스링크
upjong,294,통신장비,189350,코셋
upjong,294,통신장비,099520,DGI
upjong,294,통신장비,019490,엑시큐어하이트론
upjong,294,통신장비,380540,옵티코어
upjong,294,통신장비,036690,코맥스
upjong,294,통신장비,346010,타이드
upjong,273,자동차,000270,기아
upjong,273,자동차,005380,현대차
upjong,273,자동차,003620,KG모빌리티
upjong,273,자동차,900140,엘브이엠씨홀딩스
upjong,273,자동차,001390,KG케미칼
upjong,273,자동차,381970,KG모빌리티플랫폼
upjong,273,자동차,067990,도이치모터스
upjong,273,자동차,000040,KR모터스
upjong,273,자동차,151860,KG에코솔루션
upjong,304,철강,009190,대양금속
upjong,304,철강,008970,KBI동양철관
upjong,304,철강,004020,현대제철
upjong,304,철강,005160,동국산업
upjong,304,철강,002710,TCC스틸
upjong,304,철강,001230,동국홀딩스
upjong,304,철강,071090,하이스틸
upjong,304,철강,053260,금강철강
upjong,304,철강,092790,넥스틸
upjong,304,철강,023790,동일스틸럭스
upjong,304,철강,005010,휴스틸
upjong,304,철강,005490,POSCO홀딩스
upjong,304,철강,162300,신스틸
upjong,304,철강,026910,광진실업
upjong,304,철강,460860,동국제강
upjong,304,철강,009520,포스코엠텍
upjong,304,철강,016380,KG스틸
upjong,304,철강,001430,세아베스틸지주
upjong,304,철강,084010,대한제강
upjong,304,철강,026940,부국철강
upjong,304,철강,025550,한국선재
upjong,304,철강,008420,문배철강
upjong,304,철강,460850,동국씨엠
upjong,304,철강,002690,동일제강
upjong,304,철강,017480,삼현철강
upjong,304,철강,002220,한일철강
upjong,304,철강,007280,한국특강
upjong,304,철강,000970,한국주철관
upjong,304,철강,048470,대동스틸
upjong,304,철강,002240,고려제강
upjong,304,철강,039240,경남스틸
upjong,304,철강,133820,화인베스틸
upjong,304,철강,069730,DSR제강
upjong,304,철강,001080,만호제강
upjong,304,철강,139990,아주스틸
upjong,304,철강,003030,세아제강지주
upjong,304,철강,104700,한국철강
upjong,304,철강,021040,대호특수강
upjong,304,철강,306200,세아제강
upjong,304,철강,263770,유에스티
upjong,304,철강,001940,KISCO홀딩스
upjong,304,철강,037760,쎄니트
upjong,304,철강,012620,원일특강
upjong,304,철강,012160,영흥
upjong,304,철강,025890,한국주강
upjong,304,철강,058650,세아홀딩스
upjong,304,철강,140520,대창스틸
upjong,304,철강,060380,동양에스텍
upjong,304,철강,000590,CS홀딩스
upjong,304,철강,004890,동일산업
upjong,304,철강,120030,조선선재
upjong,304,철강,176590,코나솔
upjong,304,철강,001770,SHD
upjong,304,철강,023440,제이스코홀딩스
upjong,291,조선,217590,티엠씨
upjong,291,조선,010140,삼성중공업
upjong,291,조선,042660,한화오션
upjong,291,조선,082740,한화엔진
upjong,291,조선,329180,HD현대중공업
upjong,291,조선,009540,HD한국조선해양
upjong,291,조선,071970,HD현대마린엔진
upjong,291,조선,267250,HD현대
upjong,291,조선,073010,케이에스피
upjong,291,조선,077970,STX엔진
upjong,291,조선,333430,일승
upjong,291,조선,017960,한국카본
upjong,291,조선,014940,오리엔탈정공
upjong,291,조선,096350,대창솔루션
upjong,291,조선,054540,삼영엠텍
upjong,291,조선,075580,세진중공업
upjong,291,조선,460930,현대힘스
upjong,291,조선,443060,HD현대마린솔루션
upjong,291,조선,099410,동방선기
upjong,291,조선,101000,KS인더스트리
upjong,291,조선,439260,대한조선
upjong,291,조선,0008Z0,에스엔시스
upjong,291,조선,101930,인화정공
upjong,291,조선,108380,대양전기공업
upjong,291,조선,103230,에스앤더블류
upjong,291,조선,092460,한라IMS
upjong,291,조선,085310,엔케이
upjong,291,조선,038010,제일테크노스
upjong,291,조선,054180,메디콕스
upjong,291,조선,065570,삼영이엔씨
upjong,284,우주항공과국방,032820,우리기술
upjong,284,우주항공과국방,347700,스피어
upjong,284,우주항공과국방,266690,덕산넵코어스
upjong,284,우주항공과국방,327260,RF머트리얼즈
upjong,284,우주항공과국방,462350,이노스페이스
upjong,284,우주항공과국방,274090,켄코아에어로스페이스
upjong,284,우주항공과국방,272210,한화시스템
upjong,284,우주항공과국방,065450,빅텍
upjong,284,우주항공과국방,047810,한국항공우주
upjong,284,우주항공과국방,010820,퍼스텍
upjong,284,우주항공과국방,478340,나라스페이스테크놀로지
upjong,284,우주항공과국방,417030,니어스랩
upjong,284,우주항공과국방,064350,현대로템
upjong,284,우주항공과국방,488900,비츠로넥스텍
upjong,284,우주항공과국방,484870,엠앤씨솔루션
upjong,284,우주항공과국방,215090,솔디펜스
upjong,284,우주항공과국방,451760,컨텍
upjong,284,우주항공과국방,012450,한화에어로스페이스
upjong,284,우주항공과국방,079550,LIG디펜스앤에어로스페이스
upjong,284,우주항공과국방,099320,쎄트렉아이
upjong,284,우주항공과국방,484590,삼양컴텍
upjong,284,우주항공과국방,0015G0,그린광학
upjong,284,우주항공과국방,289930,웨이비스
upjong,284,우주항공과국방,474170,루미르
upjong,284,우주항공과국방,474610,RF시스템즈
upjong,284,우주항공과국방,005870,휴니드
upjong,284,우주항공과국방,067390,아스트
upjong,284,우주항공과국방,095270,웨이브일렉트로
upjong,284,우주항공과국방,361390,제노코
upjong,284,우주항공과국방,448710,코츠테크놀로지
upjong,284,우주항공과국방,214430,아이쓰리시스템
upjong,284,우주항공과국방,288180,케이피항공산업
upjong,284,우주항공과국방,221840,하이즈항공
upjong,284,우주항공과국방,434190,탈로스
upjong,284,우주항공과국방,318660,타임기술
upjong,322,비철금속,054920,한컴위드
upjong,322,비철금속,008350,남선알미늄
upjong,322,비철금속,060480,국일신동
upjong,322,비철금속,103140,풍산
upjong,322,비철금속,001780,알루코
upjong,322,비철금속,012800,대창
upjong,322,비철금속,295310,에이치브이엠
upjong,322,비철금속,006110,삼아알미늄
upjong,322,비철금속,058430,포스코스틸리온
upjong,322,비철금속,054410,케이피티유
upjong,322,비철금속,021050,서원
upjong,322,비철금속,025820,이구산업
upjong,322,비철금속,009730,이렘
upjong,322,비철금속,128660,피제이메탈
upjong,322,비철금속,462520,조선내화
upjong,322,비철금속,009160,SIMPAC
upjong,322,비철금속,018470,조일알미늄
upjong,322,비철금속,014580,태경비케이
upjong,322,비철금속,012320,경동인베스트
upjong,322,비철금속,009620,삼보산업
upjong,322,비철금속,900250,크리스탈신소재
upjong,322,비철금속,010040,한국내화
upjong,322,비철금속,155660,DSR
upjong,322,비철금속,015890,태경산업
upjong,322,비철금속,005810,풍산홀딩스
upjong,322,비철금속,256940,킵스파마
upjong,322,비철금속,004560,현대비앤지스틸
upjong,322,비철금속,081150,티플랙스
upjong,322,비철금속,010130,고려아연
upjong,322,비철금속,000480,CR홀딩스
upjong,322,비철금속,001560,제일연마
upjong,322,비철금속,075970,동국알앤에스
upjong,322,비철금속,037370,EG
upjong,322,비철금속,024090,디씨엠
upjong,322,비철금속,081000,일진다이아
upjong,322,비철금속,032560,황금에스티
upjong,322,비철금속,079170,한창산업
upjong,322,비철금속,069460,대호에이엘
upjong,322,비철금속,258050,테크트랜스
upjong,306,전기장비,001440,대한전선
upjong,306,전기장비,024840,KBI메탈
upjong,306,전기장비,006340,대원전선
upjong,306,전기장비,125020,티씨머티리얼즈
upjong,306,전기장비,388050,지투파워
upjong,306,전기장비,010120,LS ELECTRIC
upjong,306,전기장비,006910,보성파워텍
upjong,306,전기장비,178320,서진시스템
upjong,306,전기장비,103590,일진전기
upjong,306,전기장비,000500,가온전선
upjong,306,전기장비,007610,선도전기
upjong,306,전기장비,062040,산일전기
upjong,306,전기장비,119850,지엔씨에너지
upjong,306,전기장비,107640,한중엔시에스
upjong,306,전기장비,006260,LS
upjong,306,전기장비,229640,LS에코에너지
upjong,306,전기장비,199820,제일일렉트릭
upjong,306,전기장비,147830,제룡산업
upjong,306,전기장비,267260,HD현대일렉트릭
upjong,306,전기장비,017510,세명전기
upjong,306,전기장비,189860,서전기전
upjong,306,전기장비,033100,제룡전기
upjong,306,전기장비,298040,효성중공업
upjong,306,전기장비,294630,서남
upjong,306,전기장비,015860,일진홀딩스
upjong,306,전기장비,126340,비나텍
upjong,306,전기장비,038460,바이오스마트
upjong,306,전기장비,475430,키스트론
upjong,306,전기장비,479960,위너스일렉
upjong,306,전기장비,237750,피앤씨테크
upjong,306,전기장비,260870,SK시그넷
upjong,306,전기장비,208850,이비테크
upjong,306,전기장비,217320,썬테크
upjong,306,전기장비,017040,광명전기
upjong,307,전자제품,066570,LG전자
upjong,307,전자제품,008700,아남전자
upjong,307,전자제품,078890,가온그룹
upjong,307,전자제품,092600,앤씨앤
upjong,307,전자제품,009140,케이아이이
upjong,307,전자제품,175140,아고스
upjong,307,전자제품,084730,팅크웨어
upjong,307,전자제품,115160,휴맥스
upjong,307,전자제품,089850,유비벨록스
upjong,307,전자제품,032540,TJ미디어
upjong,307,전자제품,297570,아틀라스링크
upjong,307,전자제품,154040,다산솔루에타
upjong,307,전자제품,038950,파인디지털
upjong,307,전자제품,032750,삼진
upjong,307,전자제품,028080,휴맥스홀딩스
